mountain,mountainLabel,coordinates,elevation,rockMaterialLabel
http://www.wikidata.org/entity/Q513,Джомолунгма,Point(86.925 27.988055555),8848.86,горная порода
http://www.wikidata.org/entity/Q513,Джомолунгма,Point(86.925 27.988055555),8848.86,лёд
http://www.wikidata.org/entity/Q524,Везувий,Point(14.42919 40.82261),1281,Тефрит
http://www.wikidata.org/entity/Q583,Монблан,Point(6.865 45.832777777),4805.59,гранит
http://www.wikidata.org/entity/Q583,Монблан,Point(6.865 45.832777777),4805.59,гнейс
http://www.wikidata.org/entity/Q1024,Триглав,Point(13.836667 46.378333),2864,известняк
http://www.wikidata.org/entity/Q1248,Визо,Point(7.091666666 44.6675),3841,Офиолиты
http://www.wikidata.org/entity/Q1374,Маттерхорн,Point(7.658611111 45.976388888),4477.54,метаморфическая горная порода
http://www.wikidata.org/entity/Q1451,Пинатубо,Point(120.35 15.13),1486,андезит
http://www.wikidata.org/entity/Q1451,Пинатубо,Point(120.35 15.13),1486,Дацит
http://www.wikidata.org/entity/Q1451,Пинатубо,Point(120.35 15.13),1486,basaltic andesite
http://www.wikidata.org/entity/Q1484,Майон,Point(123.685 13.256666666),2462,базальт
http://www.wikidata.org/entity/Q1484,Майон,Point(123.685 13.256666666),2462,андезит
http://www.wikidata.org/entity/Q1484,Майон,Point(123.685 13.256666666),2462,basaltic andesite
http://www.wikidata.org/entity/Q1484,Майон,Point(123.685 13.256666666),2462,Пикробазальты
http://www.wikidata.org/entity/Q3375,Цугшпитце,Point(10.986314 47.421217),2962.06,осадочная горная порода
http://www.wikidata.org/entity/Q4049,Петровы камни,Point(17.233805555 50.0685),1447,Филлит
http://www.wikidata.org/entity/Q4425,Эйгер,Point(8.005286822 46.577607529),3967,известняк
http://www.wikidata.org/entity/Q4675,Сент-Хеленс,Point(-122.189444444 46.200277777),2549,Дацит
http://www.wikidata.org/entity/Q4777,Рорайма,Point(-60.764166666 5.141944444),2810,песчаник
http://www.wikidata.org/entity/Q7093,Неулос,Point(2.947110073 42.482101374),1257,кристаллические сланцы
http://www.wikidata.org/entity/Q7093,Неулос,Point(2.947110073 42.482101374),1257,аспидный сланец
http://www.wikidata.org/entity/Q7093,Неулос,Point(2.947110073 42.482101374),1257,Филлит
http://www.wikidata.org/entity/Q13668,Kreuzjoch,Point(11.9825 47.251666666),2558,Филлит
http://www.wikidata.org/entity/Q15126,Гран-Комбен,Point(7.299166666 45.9375),4309,метаморфическая горная порода
http://www.wikidata.org/entity/Q15132,Бернина,Point(9.908111111 46.382388888),4048,диорит
http://www.wikidata.org/entity/Q15134,Tödi,Point(8.914722222 46.811111111),3612,известняк
http://www.wikidata.org/entity/Q15138,Титлис,Point(8.437777777 46.771944444),3238,известняк
http://www.wikidata.org/entity/Q15139,Diablerets,Point(7.189166666 46.303888888),3216,осадочная горная порода
http://www.wikidata.org/entity/Q15224,Зентис,Point(9.343333 47.249167),2501,известняк
http://www.wikidata.org/entity/Q15225,Vanil Noir,Point(7.148361111 46.528472222),2389,известняк
http://www.wikidata.org/entity/Q15239,Geissflue,Point(7.956747222 47.419885),963,известняк
http://www.wikidata.org/entity/Q15258,Lägern,Point(8.394722222 47.481666666),866,известняк
http://www.wikidata.org/entity/Q15286,Вильдштрубель,Point(7.528611111 46.400277777),3244,осадочная горная порода
http://www.wikidata.org/entity/Q15299,Napf,Point(7.94 47.004166666),1408,Конгломерат
http://www.wikidata.org/entity/Q15308,Speer,Point(9.12294 47.1857),1950.5,Конгломерат
http://www.wikidata.org/entity/Q15312,Юнгфрау,Point(7.9625 46.536944444),4158,осадочная горная порода
http://www.wikidata.org/entity/Q16525,Мёнх,Point(7.997222222 46.558333333),4110,известняк
http://www.wikidata.org/entity/Q16527,Sustenhorn,Point(8.455277777 46.698888888),3503,метаморфическая горная порода
http://www.wikidata.org/entity/Q30549,Les Droites,Point(6.989166666 45.933055555),4000,гранит
http://www.wikidata.org/entity/Q35644,Mount Pindo,Point(-9.119813888 42.893883333),627,гранит
http://www.wikidata.org/entity/Q38128,Les Courtes,Point(7.003422222 45.927441666),3856,гранит
http://www.wikidata.org/entity/Q39231,Фудзияма,Point(138.7275 35.360555555),3777.24,базальт
http://www.wikidata.org/entity/Q39739,Аконкагуа,Point(-70.011666666 -32.653055555),6962,осадочная горная порода
http://www.wikidata.org/entity/Q40981,Гойройдонг,Point(96.8169 4.8105),2885,андезит
http://www.wikidata.org/entity/Q40981,Гойройдонг,Point(96.816666666 4.813055555),2885,андезит
http://www.wikidata.org/entity/Q43105,Эльбрус,Point(42.437875 43.35254),5642,гранит
http://www.wikidata.org/entity/Q43105,Эльбрус,Point(42.437875 43.35254),5642,гнейс
http://www.wikidata.org/entity/Q43105,Эльбрус,Point(42.437875 43.35254),5642,Липарит
http://www.wikidata.org/entity/Q43105,Эльбрус,Point(42.437875 43.35254),5642,вулканический туф
http://www.wikidata.org/entity/Q43105,Эльбрус,Point(42.437875 43.35254),5642,сланцы
http://www.wikidata.org/entity/Q46698,Ladyfinger Peak,Point(74.65 36.37),6000,гранит
http://www.wikidata.org/entity/Q16545,Piz Beverin,Point(9.357888888 46.652472222),2998,известняк
http://www.wikidata.org/entity/Q16586,Moléson,Point(7.017138888 46.548777777),2002,известняк
http://www.wikidata.org/entity/Q16660,Alvier,Point(9.41473 47.1096),2343,известняк
http://www.wikidata.org/entity/Q16672,Altmann,Point(9.37194 47.2397),2435,известняк
http://www.wikidata.org/entity/Q17477,Пучмаль,Point(2.116790662 42.38326609),2910,песчаник
http://www.wikidata.org/entity/Q17477,Пучмаль,Point(2.116790662 42.38326609),2910,lutite
http://www.wikidata.org/entity/Q26546,Донья Хуана,Point(-76.924902777 1.47075),4150,андезит
http://www.wikidata.org/entity/Q155086,Glasfelderkopf,Point(10.43161 47.4029),2270,доломит
http://www.wikidata.org/entity/Q155086,Glasfelderkopf,Point(10.43161 47.4029),2271,доломит
http://www.wikidata.org/entity/Q130217,Богонг,Point(147.305833333 -36.7325),1986,метаморфическая горная порода
http://www.wikidata.org/entity/Q131230,Мауна-Кеа,Point(-155.468055555 19.820555555),4207.3,базальт
http://www.wikidata.org/entity/Q136871,Tête du Géant,Point(6.816388888 46.22),2232,осадочная горная порода
http://www.wikidata.org/entity/Q136875,Les Jumelles,Point(6.814 46.35232),2215,осадочная горная порода
http://www.wikidata.org/entity/Q136877,Pointe de Chésery,Point(6.803333333 46.203611111),2249,осадочная горная порода
http://www.wikidata.org/entity/Q136911,Крндия,Point(17.89838769 45.44977067),792,осадочная горная порода
http://www.wikidata.org/entity/Q140084,Хваннадальсхнукюр,Point(-16.678257886 64.013767128),2110,Липарит
http://www.wikidata.org/entity/Q140084,Хваннадальсхнукюр,Point(-16.674722222 64.015833333),2110,Липарит
http://www.wikidata.org/entity/Q144327,Невадо-дель-Толима,Point(-75.333333333 4.666666666),5200,андезит
http://www.wikidata.org/entity/Q148998,Ještěd,Point(14.985277777 50.732222222),1012,Филлит
http://www.wikidata.org/entity/Q152071,Guadalupe Hill,Point(-74.0544 4.59194),3260,осадочная горная порода
http://www.wikidata.org/entity/Q152073,Monserrate,Point(-74.056389 4.605833),3152,осадочная горная порода
http://www.wikidata.org/entity/Q152380,Чайтен,Point(-72.645833333 -42.832777777),1122,Липарит
http://www.wikidata.org/entity/Q154369,Étale,Point(6.4475 45.85),2484,осадочная горная порода
http://www.wikidata.org/entity/Q154896,Le Grammont,Point(6.821166666 46.357472222),2172,осадочная горная порода
http://www.wikidata.org/entity/Q155036,Pointe de l'Au,Point(6.841111111 46.200277777),2152,осадочная горная порода
http://www.wikidata.org/entity/Q158526,Монте-Титано,Point(12.452222222 43.928333333),739,известняк
http://www.wikidata.org/entity/Q158526,Монте-Титано,Point(12.452222222 43.928333333),756,известняк
http://www.wikidata.org/entity/Q159671,Луж,Point(14.646944444 50.848888888),792,фонолит
http://www.wikidata.org/entity/Q163890,Престахнукур,Point(-20.58 64.6),1223,Липарит
http://www.wikidata.org/entity/Q170070,Манаслу,Point(84.559722222 28.55),8163,гранит
http://www.wikidata.org/entity/Q172070,Кения,Point(37.2 -0.1),5199,сиенит
http://www.wikidata.org/entity/Q178167,Косцюшко,Point(148.2635105 -36.4558303),2228,метаморфическая горная порода
http://www.wikidata.org/entity/Q181476,Котопахи,Point(-78.437777777 -0.680555555),5897,вулканический туф
http://www.wikidata.org/entity/Q182913,Гримсвотн,Point(-17.33 64.42),1725,базальт
http://www.wikidata.org/entity/Q182913,Гримсвотн,Point(-17.33 64.42),1725,Пикробазальты
http://www.wikidata.org/entity/Q183027,Гарибальди,Point(-123.004722222 49.850555555),2678,Дацит
http://www.wikidata.org/entity/Q185847,Вулкан Врангеля,Point(-144.015833333 62.006944444),4317,андезит
http://www.wikidata.org/entity/Q188982,Эребус,Point(167.283333333 -77.533333333),3794,базальт
http://www.wikidata.org/entity/Q190562,Камерун,Point(9.1725 4.216666666),4095,базальт
http://www.wikidata.org/entity/Q192356,Le Linleu,Point(6.817222222 46.315833333),2093,осадочная горная порода
http://www.wikidata.org/entity/Q572865,Мисти,Point(-71.410555555 -16.296388888),5825,андезит
http://www.wikidata.org/entity/Q572889,Lovoš,Point(14.017977777 50.527680555),573,базальт
http://www.wikidata.org/entity/Q575009,Grande Motte,Point(6.870278 45.411111),3653,известняк
http://www.wikidata.org/entity/Q580131,Сламет,Point(109.22 -7.239),3428,базальт
http://www.wikidata.org/entity/Q580131,Сламет,Point(109.22 -7.239),3432,базальт
http://www.wikidata.org/entity/Q588460,Grintovec,Point(14.5354262 46.3571332),2558,известняк
http://www.wikidata.org/entity/Q1110479,Colomby de Gex,Point(5.99514 46.32233),1484,известняк
http://www.wikidata.org/entity/Q1110479,Colomby de Gex,Point(5.99514 46.32233),1688,известняк
http://www.wikidata.org/entity/Q1110479,Colomby de Gex,Point(5.99527778 46.32222222),1484,известняк
http://www.wikidata.org/entity/Q1110479,Colomby de Gex,Point(5.99527778 46.32222222),1688,известняк
http://www.wikidata.org/entity/Q1112292,вулкан Зимина,Point(160.605833333 55.860833333),3080,базальт
http://www.wikidata.org/entity/Q1115155,Fußstein,Point(11.6492 47.0467),3380,гранит
http://www.wikidata.org/entity/Q1118982,Chinchey,Point(-77.33 -9.382438888),6222,гранит
http://www.wikidata.org/entity/Q1118982,Chinchey,Point(-77.33 -9.382438888),6309,гранит
http://www.wikidata.org/entity/Q1122340,Ринкон-де-ла-Вьеха,Point(-85.323888888 10.83),1916,андезит
http://www.wikidata.org/entity/Q1130928,Temetiu,Point(-139.08 -9.797222222),1190,вулканические горные породы
http://www.wikidata.org/entity/Q1136496,Monte Nerone,Point(12.516666666 43.558333333),1525,известняк
http://www.wikidata.org/entity/Q194057,Рейнир,Point(-121.760277777 46.851666666),4389,андезит
http://www.wikidata.org/entity/Q194057,Рейнир,Point(-121.760277777 46.851666666),4389,basaltic andesite
http://www.wikidata.org/entity/Q200808,Černá hora,Point(15.74194444 50.6525),1300,orthogneiss
http://www.wikidata.org/entity/Q200935,Уаскаран,Point(-77.6 -9.116666666),6768,гранит
http://www.wikidata.org/entity/Q202629,Lonquimay,Point(-71.58991814 -38.37919),2865,андезит
http://www.wikidata.org/entity/Q203568,Арагац,Point(44.195277777 40.523055555),4090,лава
http://www.wikidata.org/entity/Q205392,Grand Capucin,Point(6.898333333 45.852083333),3838,гранит
http://www.wikidata.org/entity/Q207421,Тунгурауа,Point(-78.441666666 -1.466944444),5016,андезит
http://www.wikidata.org/entity/Q207680,Казбек,Point(44.518888888 42.696944444),5033,трахит
http://www.wikidata.org/entity/Q208081,Ането,Point(0.656686111 42.630991666),3404,гранит
http://www.wikidata.org/entity/Q209064,Мон-Ванту,Point(5.283333333 44.166666666),1910,известняк
http://www.wikidata.org/entity/Q210252,Ключевская Сопка,Point(160.633333333 56.066666666),4800,андезит
http://www.wikidata.org/entity/Q210722,Пан-ди-Асукар,Point(-43.156666666 -22.949444444),395,гранит
http://www.wikidata.org/entity/Q210722,Пан-ди-Асукар,Point(-43.156666666 -22.949444444),395,гнейс
http://www.wikidata.org/entity/Q211529,Хан-Тенгри,Point(80.175 42.210833333),7010,мрамор
http://www.wikidata.org/entity/Q213360,Столовая гора,Point(18.41352 -33.96216),1085,песчаник
http://www.wikidata.org/entity/Q215138,Фицрой,Point(-73.043333333 -49.271388888),3406,гранит
http://www.wikidata.org/entity/Q215471,Хермон,Point(35.85 33.4),2813.95,известняк
http://www.wikidata.org/entity/Q215662,Монте-Пердидо,Point(0.033333333 42.673888888),3355,известняк
http://www.wikidata.org/entity/Q217274,Эльдфетль,Point(-20.248769288 63.433300863),205,базальт
http://www.wikidata.org/entity/Q217274,Эльдфетль,Point(-20.248769288 63.433300863),279,базальт
http://www.wikidata.org/entity/Q229624,Зума (скала),Point(7.233946111 9.130416111),700,гранит
http://www.wikidata.org/entity/Q48877,Шивелуч,Point(161.362966666 56.653633333),3283,андезит
http://www.wikidata.org/entity/Q56693,Cavehill,Point(-5.951 54.647),370,базальт
http://www.wikidata.org/entity/Q59805,Маунт-Леммон,Point(-110.788430555 32.443130555),9171,гранит
http://www.wikidata.org/entity/Q60967,Кинабалу,Point(116.558611111 6.075),4095,Гранодиорит
http://www.wikidata.org/entity/Q76309,Монтань-Пеле,Point(-61.165555555 14.813055555),1397,андезит
http://www.wikidata.org/entity/Q76309,Монтань-Пеле,Point(-61.165555555 14.813055555),1397,Дацит
http://www.wikidata.org/entity/Q76309,Монтань-Пеле,Point(-61.165555555 14.813055555),1397,basaltic andesite
http://www.wikidata.org/entity/Q81213,Герлаховский Штит,Point(20.133888888 49.164166666),2654.4,гранит
http://www.wikidata.org/entity/Q81213,Герлаховский Штит,Point(20.133888888 49.164166666),2655,гранит
http://www.wikidata.org/entity/Q82019,Канченджанга,Point(88.133333 27.7),8586,известняк
http://www.wikidata.org/entity/Q83497,Гора Рашмор,Point(-103.459166666 43.878888888),1745,гранит
http://www.wikidata.org/entity/Q85166,Cornettes de Bise,Point(6.784444444 46.3325),2432,осадочная горная порода
http://www.wikidata.org/entity/Q104674,Бен-Невис,Point(-5.003675 56.796891),1344.527,магматические горные породы
http://www.wikidata.org/entity/Q116675,Тенакуру,Point(-5.416666666 10.75),749,песчаник
http://www.wikidata.org/entity/Q116693,Есянь,Point(-21.651530003 64.259992602),914,вулканические горные породы
http://www.wikidata.org/entity/Q117414,Pic Chaussy,Point(7.112777777 46.377111111),2351,осадочная горная порода
http://www.wikidata.org/entity/Q120306,Логан,Point(-140.405277777 60.567222222),5959,гранит
http://www.wikidata.org/entity/Q123157,Mountain Telomoyo,Point(110.4 -7.37),1894,андезит
http://www.wikidata.org/entity/Q126063,Ауянтепуи,Point(-62.5499729 5.9008721),2500,песчаник
http://www.wikidata.org/entity/Q126717,Mountain Telagabodas,Point(108.07 -7.208),2201,базальт
http://www.wikidata.org/entity/Q233836,Охос-дель-Саладо,Point(-68.542222222 -27.109444444),6893,андезит
http://www.wikidata.org/entity/Q235062,Галерас,Point(-77.366666666 1.216666666),4276,андезит
http://www.wikidata.org/entity/Q235539,Уитни,Point(-118.291944444 36.578611111),4421,гранит
http://www.wikidata.org/entity/Q235844,Pointe de Bellevue,Point(6.8875 46.2575),2041,осадочная горная порода
http://www.wikidata.org/entity/Q238147,Пик Орисаба,Point(-97.27 19.03),5636,андезит
http://www.wikidata.org/entity/Q247726,Вассеркуппе,Point(9.937777777 50.498055555),950,базальт
http://www.wikidata.org/entity/Q248276,Корковадо,Point(-72.792777777 -43.193055555),2300,базальт
http://www.wikidata.org/entity/Q248770,Ревентадор,Point(-77.656111111 -0.076944444),3562,андезит
http://www.wikidata.org/entity/Q252081,Гуальятири,Point(-69.089722222 -18.423611111),6071,андезит
http://www.wikidata.org/entity/Q255599,Hochglück,Point(11.5717 47.374),2573,известняк
http://www.wikidata.org/entity/Q255743,Хохваннер,Point(11.054166666 47.395833333),2744,осадочная горная порода
http://www.wikidata.org/entity/Q257696,Piz da las Trais Linguas,Point(10.452166666 46.531888888),2843,метаморфическая горная порода
http://www.wikidata.org/entity/Q263100,Eiskögele,Point(12.655731 47.099868),3423,кристаллические сланцы
http://www.wikidata.org/entity/Q267646,Адамс,Point(-121.490894444 46.202411111),3743,андезит
http://www.wikidata.org/entity/Q267646,Адамс,Point(-121.490894444 46.202411111),3743.4,андезит
http://www.wikidata.org/entity/Q272593,Сахама,Point(-68.883055555 -18.108055555),6542,андезит
http://www.wikidata.org/entity/Q275435,Рас-Дашэн,Point(38.3725 13.236666666),4533,базальт
http://www.wikidata.org/entity/Q275662,Маунт-Худ,Point(-121.695833333 45.373611111),3425,магматические горные породы
http://www.wikidata.org/entity/Q275662,Маунт-Худ,Point(-121.695833333 45.373611111),11237,магматические горные породы
http://www.wikidata.org/entity/Q1139060,Пик-дю-Миди-де-Бигорр,Point(0.141111111 42.937222222),2877,кристаллические сланцы
http://www.wikidata.org/entity/Q1139840,Puntiagudo-Cordón Cenizos,Point(-72.263888888 -40.969444444),2493,андезит
http://www.wikidata.org/entity/Q1140310,Mickle Fell,Point(-2.305 54.613469444),788,известняк
http://www.wikidata.org/entity/Q1142540,Crêt Pela,Point(6.0222 46.4136),1495,известняк
http://www.wikidata.org/entity/Q1142545,Crêt de la Neuve,Point(6.221666666 46.523333333),1495,известняк
http://www.wikidata.org/entity/Q1143188,Mount Talinis,Point(123.166666666 9.25),1862,андезит
http://www.wikidata.org/entity/Q1145648,Stožec,Point(14.586666666 50.838055555),665,базальт
http://www.wikidata.org/entity/Q1146222,Скофел-Пайк,Point(-3.211527777 54.454166666),978,магматические горные породы
http://www.wikidata.org/entity/Q1146256,Flatirons,Point(-105.293 39.9883),2286,песчаник
http://www.wikidata.org/entity/Q1147754,Großer Kaserer,Point(11.6575 47.0603),3263,гранит
http://www.wikidata.org/entity/Q1149310,Суфриер (Бас-Тер),Point(-61.6634 16.0438),1467,базальт
http://www.wikidata.org/entity/Q1149310,Суфриер (Бас-Тер),Point(-61.6634 16.0438),1467,андезит
http://www.wikidata.org/entity/Q1149310,Суфриер (Бас-Тер),Point(-61.6634 16.0438),1467,Липарит
http://www.wikidata.org/entity/Q1149310,Суфриер (Бас-Тер),Point(-61.6634 16.0438),1467,Дацит
http://www.wikidata.org/entity/Q1154029,Rocca Bernauda,Point(6.62666667 45.10305556),3225,кварц
http://www.wikidata.org/entity/Q1156519,Даббаху,Point(40.48 12.595),1442,базальт
http://www.wikidata.org/entity/Q1157724,Дайти,Point(19.925555555 41.365833333),1613,известняк
http://www.wikidata.org/entity/Q1158934,Lancebranlette,Point(6.856296 45.685528),2936,известняк
http://www.wikidata.org/entity/Q1158934,Lancebranlette,Point(6.856296 45.685528),2936,Мергель
http://www.wikidata.org/entity/Q1162079,Маунт-Бо-Бо-Алпайн-Резорт,Point(146.266666666 -37.833333333),1567,Гранодиорит
http://www.wikidata.org/entity/Q700271,Plechý / Plöckenstein,Point(13.857222222 48.771111111),1379,гранит
http://www.wikidata.org/entity/Q701820,Монте Граппа,Point(11.799166666 45.873333333),1742,известняк
http://www.wikidata.org/entity/Q703922,Драхенфельс,Point(7.209722222 50.665277777),320.7,трахит
http://www.wikidata.org/entity/Q713836,Ивате,Point(141.00111111 39.8525),2038.2,базальт
http://www.wikidata.org/entity/Q713847,Каймон,Point(130.528333333 31.18),924,базальт
http://www.wikidata.org/entity/Q713847,Каймон,Point(130.528333333 31.18),924,андезит
http://www.wikidata.org/entity/Q713857,Иваки,Point(140.306667 40.653333),1624.7,андезит
http://www.wikidata.org/entity/Q714555,Раусу,Point(145.1225 44.075833333),1660,андезит
http://www.wikidata.org/entity/Q714564,Сяри,Point(144.718055555 43.765555555),1547,андезит
http://www.wikidata.org/entity/Q722940,Malý Ľadový štít,Point(20.182427777 49.196519444),2603,гранит
http://www.wikidata.org/entity/Q723698,Zadný Gerlach,Point(20.132222222 49.165833333),2616,гранит
http://www.wikidata.org/entity/Q727831,Vardenik,Point(22.2675 42.6267),1875,глина
http://www.wikidata.org/entity/Q729243,Dent de Crolles,Point(5.855278 45.308333),2062,известняк
http://www.wikidata.org/entity/Q731916,Монте-Пеллегрино,Point(13.351388888 38.17),606,известняк
http://www.wikidata.org/entity/Q732115,Монсеррат,Point(1.811495 41.605376),1236,Конгломерат
http://www.wikidata.org/entity/Q733975,Božídarský Špičák,Point(12.888888888 50.400833333),1116,базальт
http://www.wikidata.org/entity/Q277809,Мон-Тандр,Point(6.31 46.594722222),1679,известняк
http://www.wikidata.org/entity/Q281277,Öfnerspitze,Point(10.3487798 47.3175062),2575,доломит
http://www.wikidata.org/entity/Q281277,Öfnerspitze,Point(10.3487798 47.3175062),2576,доломит
http://www.wikidata.org/entity/Q288383,Эджком,Point(-135.75 57.05),3201,андезит
http://www.wikidata.org/entity/Q289542,Монаднок,Point(-72.108055555 42.860833333),965,кристаллические сланцы
http://www.wikidata.org/entity/Q298119,Эрайвайёкюдль,Point(-16.642063888 64.025436111),2110,базальт
http://www.wikidata.org/entity/Q298119,Эрайвайёкюдль,Point(-16.642063888 64.025436111),2110,Липарит
http://www.wikidata.org/entity/Q302276,Монпельрен,Point(6.819247222 46.496877777),1080,осадочная горная порода
http://www.wikidata.org/entity/Q303806,Аавасакса,Point(23.725325 66.397816),242,плутон
http://www.wikidata.org/entity/Q306201,Девилс-Тауэр,Point(-104.715277777 44.590277777),5112,фонолит
http://www.wikidata.org/entity/Q312929,Вьедма (вулкан),Point(-73.283333333 -49.358333333),1500,Дацит
http://www.wikidata.org/entity/Q626222,Mont Gerbier de Jonc,Point(4.220275 44.84462222),1551,фонолит
http://www.wikidata.org/entity/Q633612,Mount Murud,Point(115.333333333 3.916666666),2423,песчаник
http://www.wikidata.org/entity/Q634065,Lastarria,Point(-68.5 -25.166666666),5697,андезит
http://www.wikidata.org/entity/Q641588,Ареналь (вулкан),Point(-84.703333333 10.4625),1670,андезит
http://www.wikidata.org/entity/Q648551,Уила,Point(-76.033333333 2.933333333),5364,андезит
http://www.wikidata.org/entity/Q650402,Hornisgrinde,Point(8.2025 48.606944444),1164.4,песчаник
http://www.wikidata.org/entity/Q656001,Cuernos del Diablo,Point(-72.0059 -41.3646),1862,базальт
http://www.wikidata.org/entity/Q657937,Penyal d'Ifac Natural Park,Point(0.07444444 38.63472222),332,известняк
http://www.wikidata.org/entity/Q658484,Broken Top,Point(-121.699761111 44.082894444),2797,андезит
http://www.wikidata.org/entity/Q660633,Monte Arci,Point(8.745 39.777777777),812,вулканические горные породы
http://www.wikidata.org/entity/Q663646,Q663646,Point(-53.0165 2.3848),635,гранит
http://www.wikidata.org/entity/Q663646,Q663646,Point(-53.017777777 2.390833333),635,гранит
http://www.wikidata.org/entity/Q667502,Миджер,Point(-123.50416667 50.63166667),2650,андезит
http://www.wikidata.org/entity/Q668321,Pizzo Badile,Point(9.586111 46.294722),3308,гранит
http://www.wikidata.org/entity/Q668410,Grimming,Point(14.016944444 47.520555555),2351,известняк
http://www.wikidata.org/entity/Q910959,Bretterspitze,Point(10.461487 47.333033305),2608,доломит
http://www.wikidata.org/entity/Q911645,Йизера,Point(15.25926948 50.83393822),1122,гранит
http://www.wikidata.org/entity/Q917040,Devil's Peak,Point(18.439263888 -33.954752777),1002,песчаник
http://www.wikidata.org/entity/Q924799,Mont Chauffé,Point(6.76055556 46.30944444),2093,известняк
http://www.wikidata.org/entity/Q925252,Хаф-Доум,Point(-119.533166666 37.746),2693,гранит
http://www.wikidata.org/entity/Q930695,Аллигатор Лэйк,Point(-135.426388888 60.389722222),2217,базальт
http://www.wikidata.org/entity/Q931485,Таапака,Point(-69.5075 -18.112777777),5860,андезит
http://www.wikidata.org/entity/Q932032,Poledník,Point(13.39522222 49.06416667),1315,гнейс
http://www.wikidata.org/entity/Q937130,Trou au Natron,Point(16.5675 20.975),2450,трахит
http://www.wikidata.org/entity/Q937424,Mentolat,Point(-73.075833333 -44.696666666),1620,андезит
http://www.wikidata.org/entity/Q937996,Mont Yamaska,Point(-72.8719 45.4569),411,магматические горные породы
http://www.wikidata.org/entity/Q938010,Mont Granier,Point(5.92527778 45.46472222),1933,известняк
http://www.wikidata.org/entity/Q940121,Sollipulli,Point(-71.52 -38.975),2282,Дацит
http://www.wikidata.org/entity/Q940545,Námafjall,Point(-16.823358682 65.636197344),482,палагонит
http://www.wikidata.org/entity/Q594387,Бейкер,Point(-121.8132008 48.7773426),3286,андезит
http://www.wikidata.org/entity/Q594885,Яманота,Point(-69.940277777 12.487222222),188,Диабаз
http://www.wikidata.org/entity/Q594885,Яманота,Point(-69.940277777 12.487222222),188,Долерит
http://www.wikidata.org/entity/Q599722,Монте Каро,Point(0.343121075 40.803130113),1442,доломит
http://www.wikidata.org/entity/Q607032,Grand Pic de la Lauzière,Point(6.36638889 45.45916667),2829,гранит
http://www.wikidata.org/entity/Q607078,Серро-Негро,Point(-86.7032877 12.5078224),728,базальт
http://www.wikidata.org/entity/Q607196,Сан-Кристобаль,Point(-87.0 12.7),1745,андезит
http://www.wikidata.org/entity/Q607932,Heimaklettur,Point(-20.263049933 63.449141854),283,вулканические горные породы
http://www.wikidata.org/entity/Q607932,Heimaklettur,Point(-20.26 63.45),283,вулканические горные породы
http://www.wikidata.org/entity/Q613740,Habicht,Point(11.289444444 47.043611111),3277,кристаллические сланцы
http://www.wikidata.org/entity/Q617511,Снежка,Point(15.740277777 50.736111111),1603.3,кристаллические сланцы
http://www.wikidata.org/entity/Q619701,Зеленгора,Point(18.487777777 43.4225),2014,осадочная горная порода
http://www.wikidata.org/entity/Q746787,Олдоиньо-Ленгаи,Point(35.913333333 -2.761666666),2960,Карбонатит
http://www.wikidata.org/entity/Q751870,Mount Silverthrone,Point(-126.113333333 51.517777777),2865,Липарит
http://www.wikidata.org/entity/Q752287,Яворице,Point(15.339444444 49.221111111),837,гранит
http://www.wikidata.org/entity/Q752994,Крабла,Point(-16.783333333 65.733333333),818,базальт
http://www.wikidata.org/entity/Q752994,Крабла,Point(-16.783333333 65.733333333),818,Липарит
http://www.wikidata.org/entity/Q753098,Vogel,Point(13.8125 46.238333333),1922,известняк
http://www.wikidata.org/entity/Q760738,Кизимен,Point(160.319444444 55.1325),2376,андезит
http://www.wikidata.org/entity/Q765482,Mont Saint-Bruno,Point(-73.31 45.555),218,магматические горные породы
http://www.wikidata.org/entity/Q766490,Бачелор,Point(-121.688333333 43.979166666),2764,андезит
http://www.wikidata.org/entity/Q668570,Crast' Agüzza,Point(9.918055555 46.370833333),3870,гранит
http://www.wikidata.org/entity/Q669173,Mont Chéry,Point(6.64805556 46.16888889),1826,осадочная горная порода
http://www.wikidata.org/entity/Q669744,Ден-де-Вольон,Point(6.35132 46.68402),1483,известняк
http://www.wikidata.org/entity/Q670233,Blanca Peak,Point(-105.486 37.5772),4374,гранит
http://www.wikidata.org/entity/Q670867,Dremelspitze,Point(10.6 47.233333333),2733,доломит
http://www.wikidata.org/entity/Q671067,Wetterspitze,Point(10.369447 47.206234),2895,известняк
http://www.wikidata.org/entity/Q671146,Glungezer,Point(11.528055555 47.208611111),2677,Филлит
http://www.wikidata.org/entity/Q672504,Gummfluh,Point(7.194916666 46.440583333),2458,известняк
http://www.wikidata.org/entity/Q672936,Рысы,Point(20.088055555 49.179444444),2499,гранит
http://www.wikidata.org/entity/Q672936,Рысы,Point(20.088055555 49.179444444),2501,гранит
http://www.wikidata.org/entity/Q674126,Le Chasseron,Point(6.538472222 46.851666666),1607,известняк
http://www.wikidata.org/entity/Q323357,Schänzlekopf,Point(10.4525 47.417777777),2070,доломит
http://www.wikidata.org/entity/Q323562,Lahnerkopf,Point(10.463333333 47.429166666),2121,доломит
http://www.wikidata.org/entity/Q323562,Lahnerkopf,Point(10.463333333 47.429166666),2122,доломит
http://www.wikidata.org/entity/Q323571,Schänzlespitz,Point(10.456388888 47.423333333),2052,доломит
http://www.wikidata.org/entity/Q323910,B'schießer,Point(10.440407 47.4879802),1998,доломит
http://www.wikidata.org/entity/Q323910,B'schießer,Point(10.440407 47.4879802),2000,доломит
http://www.wikidata.org/entity/Q335291,Þeistareykjarbunga,Point(-16.84 65.88),564,базальт
http://www.wikidata.org/entity/Q337644,Акамарачи,Point(-67.617222222 -23.295833333),6023,андезит
http://www.wikidata.org/entity/Q337644,Акамарачи,Point(-67.617222222 -23.295833333),6046,андезит
http://www.wikidata.org/entity/Q338103,Beacon Hill,Point(-72.8582 41.2718),40,магматические горные породы
http://www.wikidata.org/entity/Q338932,Mont Revard,Point(5.974444444 45.681944444),1562,осадочная горная порода
http://www.wikidata.org/entity/Q344647,Ľadový štít,Point(20.182222222 49.198888888),2627,гранит
http://www.wikidata.org/entity/Q946750,Уайнапутина,Point(-70.849722222 -16.615555555),4850,андезит
http://www.wikidata.org/entity/Q947558,Monte Stello,Point(9.4185291 42.7885533),1306,Офиолиты
http://www.wikidata.org/entity/Q948850,Pic de Médécourbe,Point(1.441992 42.603724),2915,песчаник
http://www.wikidata.org/entity/Q948850,Pic de Médécourbe,Point(1.441992 42.603724),2915,lutite
http://www.wikidata.org/entity/Q952390,Дафф,Point(-134.974 -23.1286),441,вулканические горные породы
http://www.wikidata.org/entity/Q953591,Zlatar,Point(19.7925 43.4089),1627,осадочная горная порода
http://www.wikidata.org/entity/Q956515,Кулен,Point(104.1125 13.612777777),487,песчаник
http://www.wikidata.org/entity/Q960584,Mont d'Or,Point(6.356 46.727),1463,известняк
http://www.wikidata.org/entity/Q960584,Mont d'Or,Point(6.35666667 46.73361111),1463,известняк
http://www.wikidata.org/entity/Q961873,Кита,Point(138.23874 35.67432),3193,осадочная горная порода
http://www.wikidata.org/entity/Q965689,Пиццо-Карбонара,Point(14.025277777 37.894166666),1979,известняк
http://www.wikidata.org/entity/Q968445,Puigpedrós,Point(1.761933288 42.487575089),2915,Гранодиорит
http://www.wikidata.org/entity/Q969968,Silay,Point(123.23333333 10.76666667),1510,андезит
http://www.wikidata.org/entity/Q971497,Mont Mallet,Point(6.96055556 45.86527778),3988,гранит
http://www.wikidata.org/entity/Q972538,Gleirschtaler Brandjoch,Point(11.41 47.325),2372,известняк
http://www.wikidata.org/entity/Q976435,Lava Butte,Point(-121.356033333 43.917855555),5023,базальт
http://www.wikidata.org/entity/Q1165152,Паго,Point(150.5156 -5.575069444),742,Дацит
http://www.wikidata.org/entity/Q1187799,Олька,Point(-68.483333333 -20.933333333),5705,андезит
http://www.wikidata.org/entity/Q1189160,Але Багу,Point(40.631666666 13.506388888),1031,базальт
http://www.wikidata.org/entity/Q1189579,"Санто-Томас (вулкан, Эквадор)",Point(-91.17 -0.83),1124,базальт
http://www.wikidata.org/entity/Q1189752,Quetrupillán,Point(-71.72329903 -39.49706),2360,базальт
http://www.wikidata.org/entity/Q1189865,Dent d'Oche,Point(6.73111111 46.35305556),2221,осадочная горная порода
http://www.wikidata.org/entity/Q1190569,Тангкубан,Point(107.6 -6.77),2084,андезит
http://www.wikidata.org/entity/Q1200515,Дескабесадо-Гранде,Point(-70.75 -35.583333333),3953,андезит
http://www.wikidata.org/entity/Q357751,Serles,Point(11.3813 47.124),2717,доломит
http://www.wikidata.org/entity/Q358755,Вулкан Такахе,Point(-112.1 -76.3),3460,трахит
http://www.wikidata.org/entity/Q358755,Вулкан Такахе,Point(-112.1 -76.3),3460,фонолит
http://www.wikidata.org/entity/Q360824,Olperer,Point(11.658888888 47.053055555),3476,гранит
http://www.wikidata.org/entity/Q375528,Macizo de Larancagua,Point(-68.533 -18.217),5520,андезит
http://www.wikidata.org/entity/Q377485,Синай,Point(33.9752 28.5384),2287,гранит
http://www.wikidata.org/entity/Q378558,Monte Carpegna,Point(12.32027778 43.80111111),1415,известняк
http://www.wikidata.org/entity/Q380084,Адуа (вулкан),Point(40.84 10.07),1733,базальт
http://www.wikidata.org/entity/Q382139,Афдера,Point(40.853055555 13.088055555),1295,Липарит
http://www.wikidata.org/entity/Q386518,Mount Ōyama,Point(139.231666666 35.440555555),1252,вулканические горные породы
http://www.wikidata.org/entity/Q386518,Mount Ōyama,Point(139.231111111 35.440833333),1252,вулканические горные породы
http://www.wikidata.org/entity/Q387148,Сленза,Point(16.708816944 50.865016944),718,гранит
http://www.wikidata.org/entity/Q387988,Текао,Point(-140.165833 -8.844167),1224,вулканические горные породы
http://www.wikidata.org/entity/Q389939,Hohe Munde,Point(11.0715 47.3472),2662,известняк
http://www.wikidata.org/entity/Q674468,Piz Argient,Point(9.92525 46.365911111),3943,гранит
http://www.wikidata.org/entity/Q674584,Grand Muveran,Point(7.126111111 46.237222222),3051,осадочная горная порода
http://www.wikidata.org/entity/Q675628,Ла Доль,Point(6.099444444 46.425),1677,известняк
http://www.wikidata.org/entity/Q675673,Tour d'Aï,Point(7.002 46.372111111),2331,известняк
http://www.wikidata.org/entity/Q676030,Rochers de Naye,Point(6.976166666 46.431944444),2042,известняк
http://www.wikidata.org/entity/Q677288,Piz Corvatsch,Point(9.816111111 46.408333333),3451,гранит
http://www.wikidata.org/entity/Q677841,Blatenský vrch,Point(12.781666666 50.400277777),1043,гранит
http://www.wikidata.org/entity/Q679080,Schneefernerkopf,Point(10.97 47.409444444),2874,известняк
http://www.wikidata.org/entity/Q681415,Smrk,Point(17.03416667 50.22861111),1127,Q12050341
http://www.wikidata.org/entity/Q682455,Вулкан Шишалдина,Point(-163.966666666 54.75),2857,базальт
http://www.wikidata.org/entity/Q978785,Канага,Point(-177.168055555 51.923333333),1307,Дацит
http://www.wikidata.org/entity/Q980106,Skuta,Point(14.553055555 46.363888888),2532,известняк
http://www.wikidata.org/entity/Q989527,Wielka Sowa,Point(16.486944444 50.679166666),1015,метаморфическая горная порода
http://www.wikidata.org/entity/Q991088,Plomb du Cantal,Point(2.76166667 45.05888889),1855,базальт
http://www.wikidata.org/entity/Q993388,Имменштедтер-Хорн,Point(10.185938888 47.554030555),1489,Конгломерат
http://www.wikidata.org/entity/Q997519,Bubenik,Point(14.6111 51.0992),375.9,базальт
http://www.wikidata.org/entity/Q997939,Buchberg,Point(14.5671 48.4688),813,гранит
http://www.wikidata.org/entity/Q997955,Buchberg,Point(14.675 50.8551),651.6,песчаник
http://www.wikidata.org/entity/Q1003331,Bukovec,Point(15.3583 50.81407),1005,базальт
http://www.wikidata.org/entity/Q1003331,Bukovec,Point(15.35799444 50.81438889),1005,базальт
http://www.wikidata.org/entity/Q1014974,Тепеяк,Point(-99.1157824 19.4868321),2270,магматические горные породы
http://www.wikidata.org/entity/Q768409,Домбай-Ульген,Point(41.725833333 43.243888888),4046,метаморфическая горная порода
http://www.wikidata.org/entity/Q769274,Джимара,Point(44.416388888 42.719166666),4780,осадочная горная порода
http://www.wikidata.org/entity/Q770346,Pic du Frêne,Point(6.19805556 45.3525),2807,гранит
http://www.wikidata.org/entity/Q770572,Slavkovský štít,Point(20.184638888 49.166222222),2452,Гранодиорит
http://www.wikidata.org/entity/Q770961,East Rock,Point(-72.904722222 41.327222222),366,магматические горные породы
http://www.wikidata.org/entity/Q772492,Джефферсон,Point(-121.799573611 44.6743006),3199,андезит
http://www.wikidata.org/entity/Q780174,Grand Bec,Point(6.752778 45.423611),3398,mica schist
http://www.wikidata.org/entity/Q780859,Patilla Pata,Point(-69.033333333 -18.05),5324,андезит
http://www.wikidata.org/entity/Q781529,Сопутан,Point(124.736 1.112),1784,андезит
http://www.wikidata.org/entity/Q781529,Сопутан,Point(124.736 1.112),1952,андезит
http://www.wikidata.org/entity/Q783742,Пик Дуарте,Point(-71.005277777 19.033055555),3101,Тоналит
http://www.wikidata.org/entity/Q783798,Кливленд,Point(-169.945 52.822222222),1730,андезит
http://www.wikidata.org/entity/Q784119,Mont Gardy,Point(6.79952 46.35018),2201,осадочная горная порода
http://www.wikidata.org/entity/Q788078,Киппур,Point(-6.338322 53.169397),757,гранит
http://www.wikidata.org/entity/Q788097,Mont Mégantic,Point(-71.152777777 45.455833333),1110,гранит
http://www.wikidata.org/entity/Q788723,Tarso Toussidé,Point(16.473611111 21.040833333),3315,трахит
http://www.wikidata.org/entity/Q790075,Авала,Point(20.51765 44.689962),511,известняк
http://www.wikidata.org/entity/Q790075,Авала,Point(20.51765 44.689962),511,серпентинит
http://www.wikidata.org/entity/Q790075,Авала,Point(20.514166666 44.690555555),511,известняк
http://www.wikidata.org/entity/Q790075,Авала,Point(20.514166666 44.690555555),511,серпентинит
http://www.wikidata.org/entity/Q792922,Аялу (вулкан),Point(40.701666666 10.082222222),2145,Липарит
http://www.wikidata.org/entity/Q799827,Багана (вулкан),Point(155.195 -6.14),1750,андезит
http://www.wikidata.org/entity/Q800078,Schrammacher,Point(11.642777777 47.026944444),3410,гранит
http://www.wikidata.org/entity/Q398404,Агилера (вулкан),Point(-73.66839409 -50.284585),2546,Дацит
http://www.wikidata.org/entity/Q398478,Aguja Poincenot,Point(-73.04016 -49.27959),3002,гранит
http://www.wikidata.org/entity/Q404697,Aiguille du Chardonnet,Point(7.001427777 45.968986111),3824,гранит
http://www.wikidata.org/entity/Q404741,Aiguilles de Baulmes,Point(6.47472222 46.79194444),1559,известняк
http://www.wikidata.org/entity/Q419247,Акита-Комагатаке,Point(140.803611111 39.760833333),1637.4,базальт
http://www.wikidata.org/entity/Q419247,Акита-Комагатаке,Point(140.803611111 39.760833333),1637.4,андезит
http://www.wikidata.org/entity/Q1262978,Дубби,Point(41.809166666 13.578888888),1625,базальт
http://www.wikidata.org/entity/Q1268813,Dymník,Point(14.525009444 50.940983888),517,базальт
http://www.wikidata.org/entity/Q1269228,Pic de Noufonts,Point(2.16788405 42.424652394),2861,песчаник
http://www.wikidata.org/entity/Q1269228,Pic de Noufonts,Point(2.16788405 42.424652394),2861,lutite
http://www.wikidata.org/entity/Q1269725,Ménez-Hom,Point(-4.2339 48.2203),385,песчаник
http://www.wikidata.org/entity/Q1276211,Prenj,Point(17.904303464 43.534806212),2115,осадочная горная порода
http://www.wikidata.org/entity/Q684624,Großer Löffler,Point(11.915555555 47.0325),3379,гранит
http://www.wikidata.org/entity/Q687029,Q687029,Point(-0.68277778 35.70194444),429.3,осадочная горная порода
http://www.wikidata.org/entity/Q687491,Вулкан Павлова,Point(-161.895 55.419444444),2519,андезит
http://www.wikidata.org/entity/Q688481,Rote Wand,Point(9.985 47.1861),2704,известняк
http://www.wikidata.org/entity/Q691412,Mount St Gwinear,Point(146.316666666 -37.833333333),1509,Гранодиорит
http://www.wikidata.org/entity/Q692712,Хегау,Point(8.75 47.795),867,вулканические горные породы
http://www.wikidata.org/entity/Q806022,Бамус,Point(151.241111111 -5.196111111),2248,андезит
http://www.wikidata.org/entity/Q815659,Белнап,Point(-121.842233094 44.284943458),2095,базальт
http://www.wikidata.org/entity/Q822964,Уильямсон,Point(-118.311205555 36.656047222),4390,гранит
http://www.wikidata.org/entity/Q825347,Колима,Point(-103.618055555 19.511388888),3850,андезит
http://www.wikidata.org/entity/Q826235,Mont Mounier,Point(6.966666666 44.15),2817,осадочная горная порода
http://www.wikidata.org/entity/Q828701,Беру (вулканическое поле),Point(39.753 8.9495),1100,базальт
http://www.wikidata.org/entity/Q829959,Besna Kobila,Point(22.230555555 42.529444444),1922,гранит
http://www.wikidata.org/entity/Q830766,Безымянный,Point(160.6 55.966666666),2882,андезит
http://www.wikidata.org/entity/Q830767,Kühgundkopf,Point(10.4315 47.5035),1907,доломит
http://www.wikidata.org/entity/Q830767,Kühgundkopf,Point(10.4315 47.5035),1908,доломит
http://www.wikidata.org/entity/Q830885,Раухорн,Point(10.4681893 47.4585184),2241,доломит
http://www.wikidata.org/entity/Q831100,Мьюр,Point(-118.291111111 36.564722222),4272,гранит
http://www.wikidata.org/entity/Q831165,Kugelhorn,Point(10.4702482 47.448525),2125,доломит
http://www.wikidata.org/entity/Q831165,Kugelhorn,Point(10.4702482 47.448525),2126,доломит
http://www.wikidata.org/entity/Q831788,Ротгундшпитце,Point(10.26576 47.2881),2485,доломит
http://www.wikidata.org/entity/Q831788,Ротгундшпитце,Point(10.26576 47.2881),2486,доломит
http://www.wikidata.org/entity/Q837723,Маглич,Point(18.73306 43.28111),2386,известняк
http://www.wikidata.org/entity/Q838905,Mount Xiqiao,Point(112.97277778 22.92722222),346,вулканические горные породы
http://www.wikidata.org/entity/Q845239,Суфриер-Хиллс,Point(-62.183333333 16.716666666),1050,андезит
http://www.wikidata.org/entity/Q845990,Кривань,Point(20.000047 49.1628335),2494,Гранодиорит
http://www.wikidata.org/entity/Q852849,Уайна-Потоси,Point(-68.148888888 -16.261944444),6088,гранит
http://www.wikidata.org/entity/Q1058784,Macizo de Pacuni,Point(-68.8 -18.316666666),5400,андезит
http://www.wikidata.org/entity/Q1062664,Сан-Мигель (вулкан),Point(-88.269166666 13.433888888),2129,андезит
http://www.wikidata.org/entity/Q1072105,Ломницкий Штит,Point(20.212777777 49.2),2634,гранит
http://www.wikidata.org/entity/Q1075162,Убинас,Point(-70.902222222 -16.348611111),5672,андезит
http://www.wikidata.org/entity/Q1092013,Cima della Madonna,Point(11.84555556 46.23222222),2752,осадочная горная порода
http://www.wikidata.org/entity/Q1092013,Cima della Madonna,Point(11.84559 46.23244),2752,осадочная горная порода
http://www.wikidata.org/entity/Q1018862,Бардарбунга,Point(-17.527777777 64.640833333),2010,базальт
http://www.wikidata.org/entity/Q1018862,Бардарбунга,Point(-17.527777777 64.640833333),2010,Липарит
http://www.wikidata.org/entity/Q1018862,Бардарбунга,Point(-17.527777777 64.640833333),2010,Пикробазальты
http://www.wikidata.org/entity/Q1026302,Кальбуко,Point(-72.611111111 -41.332777777),2003,андезит
http://www.wikidata.org/entity/Q1033499,Mont Charvet,Point(6.53861111 45.94222222),2538,осадочная горная порода
http://www.wikidata.org/entity/Q1034505,Cape au Moine,Point(6.97892 46.4702),1941,осадочная горная порода
http://www.wikidata.org/entity/Q1045888,Пунчак-Джая,Point(137.183333333 -4.083333333),4884,известняк
http://www.wikidata.org/entity/Q1048225,Вильяррика,Point(-71.939166666 -39.42),2850,базальт
http://www.wikidata.org/entity/Q1053413,Карангетанг,Point(125.4075 2.777777777),1784,андезит
http://www.wikidata.org/entity/Q1053413,Карангетанг,Point(125.4075 2.777777777),1827,андезит
http://www.wikidata.org/entity/Q1055779,Серро-Асуль,Point(-91.408333333 -0.916666666),1640,базальт
http://www.wikidata.org/entity/Q1055787,"Серро-Асуль (Чили, вулкан)",Point(-70.760833333 -35.653333333),3788,Дацит
http://www.wikidata.org/entity/Q1055837,Серро-Катедраль,Point(-54.673611111 -34.380833333),513.7,гранит
http://www.wikidata.org/entity/Q1056102,Серро-Торре,Point(-73.09901 -49.2906),3128,гранит
http://www.wikidata.org/entity/Q1056128,Серро-дель-Азуфре,Point(-68.239722222 -21.783055555),5846,андезит
http://www.wikidata.org/entity/Q1288074,Каймакчалан,Point(21.786111111 40.930277777),2528,гранит
http://www.wikidata.org/entity/Q1288074,Каймакчалан,Point(21.78786 40.93024),2528,гранит
http://www.wikidata.org/entity/Q1288247,Grand Crêt,Point(5.9537 46.27945278),1702,известняк
http://www.wikidata.org/entity/Q1298202,Балби,Point(154.9825 -5.916666666),2715,андезит
http://www.wikidata.org/entity/Q1301834,Маунт-Синери,Point(-63.239166666 17.635),870,андезит
http://www.wikidata.org/entity/Q1308814,Nerother Kopf,Point(6.76083 50.1944),651.7,базальт
http://www.wikidata.org/entity/Q1312788,Kohlbergspitze,Point(10.7997 47.4378),2202,доломит
http://www.wikidata.org/entity/Q1312788,Kohlbergspitze,Point(10.7997 47.4378),2202,Plattenkalk
http://www.wikidata.org/entity/Q1317808,Eiskarlspitze,Point(11.5587 47.3767),2610,известняк
http://www.wikidata.org/entity/Q451104,Мюггельберге,Point(13.633333333 52.416111111),114.7,валунная глина
http://www.wikidata.org/entity/Q453198,Хохвальд,Point(14.726666666 50.8225),743.8,фонолит
http://www.wikidata.org/entity/Q453198,Хохвальд,Point(14.726666666 50.8225),749.3,фонолит
http://www.wikidata.org/entity/Q455546,Гохфогель,Point(10.4367656 47.3803625),2592,доломит
http://www.wikidata.org/entity/Q456372,Jedlová,Point(14.560833333 50.856944444),776,песчаник
http://www.wikidata.org/entity/Q459121,Hochgrat,Point(10.078628 47.4953531),1834,Конгломерат
http://www.wikidata.org/entity/Q463145,Sca Fell,Point(-3.225 54.448),964,магматические горные породы
http://www.wikidata.org/entity/Q470777,Монте-Амиата,Point(11.624369444 42.88775),1738,Липарит
http://www.wikidata.org/entity/Q473435,Булузан,Point(124.05 12.77),1565,андезит
http://www.wikidata.org/entity/Q473561,Muttler,Point(10.378564 46.900561),3294,кристаллические сланцы
http://www.wikidata.org/entity/Q474597,Ampferstein,Point(11.3131 47.1744),2556,доломит
http://www.wikidata.org/entity/Q476313,Дыхтау,Point(43.131666666 43.0525),5204,гранит
http://www.wikidata.org/entity/Q1322666,Mount Sirung,Point(124.133333333 -8.516666666),862,базальт
http://www.wikidata.org/entity/Q1323811,Al-Qurn,Point(32.59611111 25.73638889),420,известняк
http://www.wikidata.org/entity/Q1330927,Пурасе,Point(-76.394166666 2.314166666),4756,андезит
http://www.wikidata.org/entity/Q1332916,Mount Kaputar,Point(150.145277777 -30.214722222),1508,вулканические горные породы
http://www.wikidata.org/entity/Q1337859,Эгюий (гора),Point(5.5525 44.841944444),2087,известняк
http://www.wikidata.org/entity/Q1343616,Энос (гора),Point(20.666666666 38.116666666),1628,известняк
http://www.wikidata.org/entity/Q1535776,Morne Watt,Point(-61.305 15.307),1224,андезит
http://www.wikidata.org/entity/Q1537733,Пик государства,Point(1.397900658 42.666937177),3143.45,песчаник
http://www.wikidata.org/entity/Q1537733,Пик государства,Point(1.397900658 42.666937177),3143.45,lutite
http://www.wikidata.org/entity/Q1542964,Khao Luang,Point(99.73 8.493611111),1780,гранит
http://www.wikidata.org/entity/Q1545452,Питон-де-Неж,Point(55.478888888 -21.098888888),3070,базальт
http://www.wikidata.org/entity/Q1548448,Q1548448,Point(6.23333333 46.16666667),628,осадочная горная порода
http://www.wikidata.org/entity/Q498909,Чемерница,Point(17.213523 44.521993),1339,известняк
http://www.wikidata.org/entity/Q503368,Карантуилл,Point(-9.742777777 51.998888888),1038.6,песчаник
http://www.wikidata.org/entity/Q504504,Biberkopf,Point(10.232361111 47.270527777),2599,доломит
http://www.wikidata.org/entity/Q507593,Cilindro de Marboré,Point(0.023889 42.684722),3328,песчаник
http://www.wikidata.org/entity/Q509419,Carniola Mount Rinka,Point(14.5631 46.3656),2453,известняк
http://www.wikidata.org/entity/Q510076,Pietra di Bismantova,Point(10.4104 44.4198),1047,песчаник
http://www.wikidata.org/entity/Q514933,Mont Poupet,Point(5.88694444 46.97222222),851,известняк
http://www.wikidata.org/entity/Q522586,Олимпус,Point(-123.710833333 47.801305555),2432,песчаник
http://www.wikidata.org/entity/Q524954,Тефтан,Point(61.133333333 28.6),3941,андезит
http://www.wikidata.org/entity/Q1711734,Salève,Point(6.14028 46.09417),1379,известняк
http://www.wikidata.org/entity/Q1714868,Jägerkarspitzen,Point(11.3753 47.3542),2608,известняк
http://www.wikidata.org/entity/Q1718336,Обама,Point(-61.85 17.05),402,вулканические горные породы
http://www.wikidata.org/entity/Q1718973,Mont Racine,Point(6.816111111 47.021666666),1439,известняк
http://www.wikidata.org/entity/Q1718973,Mont Racine,Point(6.81611111 47.02194444),1439,известняк
http://www.wikidata.org/entity/Q1723186,Maungakiekie / One Tree Hill,Point(174.783055555 -36.9),213,базальт
http://www.wikidata.org/entity/Q1723814,Кандаон,Point(123.131944444 10.411944444),2435,андезит
http://www.wikidata.org/entity/Q1723814,Кандаон,Point(123.1418 10.4318),2435,андезит
http://www.wikidata.org/entity/Q859354,Лассен-Пик,Point(-121.505 40.488055555),3189,Дацит
http://www.wikidata.org/entity/Q864337,Карымская сопка,Point(159.442222222 54.047777777),1536,андезит
http://www.wikidata.org/entity/Q866184,Bischofsmütze,Point(13.5111 47.4939),2458,известняк
http://www.wikidata.org/entity/Q871698,Acherkogel,Point(10.956388888 47.189166666),3007,granitic gneiss
http://www.wikidata.org/entity/Q871845,Großer Bettelwurf,Point(11.5198 47.3443),2726,известняк
http://www.wikidata.org/entity/Q871961,Wilde Leck,Point(11.0636 47.0036),3359,гранит
http://www.wikidata.org/entity/Q1551536,Mount Makiling,Point(121.2 14.13),1090,андезит
http://www.wikidata.org/entity/Q1552026,Такора,Point(-69.766666666 -17.716666666),5960,андезит
http://www.wikidata.org/entity/Q1552026,Такора,Point(-69.766666666 -17.716666666),5980,андезит
http://www.wikidata.org/entity/Q1552026,Такора,Point(-69.766666666 -17.716666666),5988,андезит
http://www.wikidata.org/entity/Q1552753,Leilachspitze,Point(10.5463089 47.438712),2274,доломит
http://www.wikidata.org/entity/Q1553353,Guggershorn,Point(7.33423 46.76996),1283,древесина
http://www.wikidata.org/entity/Q1553353,Guggershorn,Point(7.33427 46.7698),1283,древесина
http://www.wikidata.org/entity/Q540778,Пик Перье,Point(16.779722222 79.153611111),1712,гранит
http://www.wikidata.org/entity/Q541173,Ojstrica,Point(14.63722222 46.36416667),2350,известняк
http://www.wikidata.org/entity/Q542041,Таунсенд,Point(148.266666666 -36.416666666),2209,метаморфическая горная порода
http://www.wikidata.org/entity/Q542778,Pointe de la Galoppaz,Point(6.06666667 45.56583333),1681,известняк
http://www.wikidata.org/entity/Q546537,Рангве,Point(33.668055555 -9.135),2953,трахит
http://www.wikidata.org/entity/Q546876,Турриальба,Point(-83.766666666 10.033333333),3325,андезит
http://www.wikidata.org/entity/Q548229,Reclus,Point(-73.63715172 -50.939533),1000,Дацит
http://www.wikidata.org/entity/Q548797,Kozákov,Point(15.263333333 50.593888888),745,базальт
http://www.wikidata.org/entity/Q1569913,Клиновец,Point(12.967777777 50.396111111),1243.7,кристаллические сланцы
http://www.wikidata.org/entity/Q1572208,Отгон-Тэнгэр,Point(97.502288888 47.636708333),4008,гранит
http://www.wikidata.org/entity/Q873441,Hintere Bachofenspitze,Point(11.4383 47.3456),2668,известняк
http://www.wikidata.org/entity/Q873527,Sonnjoch,Point(11.606389 47.4125),2457,известняк
http://www.wikidata.org/entity/Q874092,Чoмад,Point(25.88 46.13),1289,Дацит
http://www.wikidata.org/entity/Q874306,Karlspitzen,Point(12.315555555 47.565555555),2281,известняк
http://www.wikidata.org/entity/Q875071,Hafelekarspitze,Point(11.383333 47.316667),2334,известняк
http://www.wikidata.org/entity/Q1345263,Mount Napier,Point(142.059 -37.894),440,базальт
http://www.wikidata.org/entity/Q1349622,Puncak Trikora,Point(138.65 -4.35),4750,известняк
http://www.wikidata.org/entity/Q1355688,Erlspitze,Point(11.2853 47.32),2405,доломит
http://www.wikidata.org/entity/Q1363703,Эримантос,Point(21.838333333 37.971388888),2224,известняк
http://www.wikidata.org/entity/Q1364517,Вудрофф,Point(131.733333333 -26.316666666),1435,метаморфическая горная порода
http://www.wikidata.org/entity/Q1376373,Вольф,Point(-91.333333333 0.033333333),1707,базальт
http://www.wikidata.org/entity/Q1733093,Миравальес,Point(-85.150944444 10.747277777),2028,андезит
http://www.wikidata.org/entity/Q1734403,Q1734403,Point(11.3081 47.185),2156,доломит
http://www.wikidata.org/entity/Q1734990,Kaskarspitze,Point(11.4181 47.3478),2580,известняк
http://www.wikidata.org/entity/Q1739182,Rosskopf (Halltal),Point(11.4419 47.3394),2670,известняк
http://www.wikidata.org/entity/Q1740568,Riepenwand,Point(11.2742 47.1489),2774,доломит
http://www.wikidata.org/entity/Q1742230,Pic d'Eina,Point(2.156819444 42.423552777),2789,песчаник
http://www.wikidata.org/entity/Q1742230,Pic d'Eina,Point(2.156819444 42.423552777),2789,lutite
http://www.wikidata.org/entity/Q1746630,Kleiner Kaserer,Point(11.6458 47.0683),3093,гранит
http://www.wikidata.org/entity/Q1386054,Монте-Прадо,Point(10.4075 44.25),2054,песчаник
http://www.wikidata.org/entity/Q1390365,Rumer Spitze,Point(11.4258 47.3203),2454,известняк
http://www.wikidata.org/entity/Q1400310,Maroon Bells,Point(-106.989 39.0708),4315,Аргиллиты
http://www.wikidata.org/entity/Q1752524,Смрк,Point(15.27193 50.8894),1124,orthogneiss
http://www.wikidata.org/entity/Q1753878,Огастус,Point(116.841666666 -24.325),1106,песчаник
http://www.wikidata.org/entity/Q1754619,Цукуба,Point(140.105 36.225805555),877,гранит
http://www.wikidata.org/entity/Q1757192,Клеть,Point(14.283888888 48.865),1087,Гранулит
http://www.wikidata.org/entity/Q1757764,Мон-Руаяль,Point(-73.588888888 45.506388888),233,магматические горные породы
http://www.wikidata.org/entity/Q1758703,La Tournette,Point(6.28638889 45.82722222),2350,известняк
http://www.wikidata.org/entity/Q1758703,La Tournette,Point(6.28638889 45.82722222),2350,Мергель
http://www.wikidata.org/entity/Q1759146,Hauts-Forts,Point(6.7775 46.16861111),2466,осадочная горная порода
http://www.wikidata.org/entity/Q1760696,Моно-Иньо (кратеры),Point(-119.0 37.88333333),9172,Липарит
http://www.wikidata.org/entity/Q1760736,Mont Saint-Hilaire,Point(-73.163888888 45.552222222),408,магматические горные породы
http://www.wikidata.org/entity/Q1761167,La Caume,Point(4.85805556 43.75888889),387,известняк
http://www.wikidata.org/entity/Q1951029,Муса-Али (вулкан),Point(42.405 12.470833333),2028,Липарит
http://www.wikidata.org/entity/Q1960702,Марапи,Point(100.473333333 -0.380555555),2885,андезит
http://www.wikidata.org/entity/Q1960702,Марапи,Point(100.473333333 -0.380555555),2891,андезит
http://www.wikidata.org/entity/Q1976297,Puy de Gudette,Point(2.97722 44.6497),1427,базальт
http://www.wikidata.org/entity/Q1985685,Velká Deštná,Point(16.397777777 50.301666666),1116,orthogneiss
http://www.wikidata.org/entity/Q1995527,Le Noirmont,Point(6.11583333 46.48416667),1552,известняк
http://www.wikidata.org/entity/Q1995527,Le Noirmont,Point(6.11583333 46.48416667),1567,известняк
http://www.wikidata.org/entity/Q1995527,Le Noirmont,Point(6.11583 46.4842),1552,известняк
http://www.wikidata.org/entity/Q1995527,Le Noirmont,Point(6.11583 46.4842),1567,известняк
http://www.wikidata.org/entity/Q1995527,Le Noirmont,Point(6.11584 46.48421),1552,известняк
http://www.wikidata.org/entity/Q1995527,Le Noirmont,Point(6.11584 46.48421),1567,известняк
http://www.wikidata.org/entity/Q1573557,Лыса Гора,Point(18.4475 49.545833333),1324,песчаник
http://www.wikidata.org/entity/Q1574024,Storkenkopf,Point(7.082222222 47.904722222),1366,кристаллические сланцы
http://www.wikidata.org/entity/Q1578621,Radhošť,Point(18.222786111 49.491838888),1129,песчаник
http://www.wikidata.org/entity/Q1579697,Уэрнсайд,Point(-2.403333333 54.227777777),736,известняк
http://www.wikidata.org/entity/Q1586079,Киль,Point(-62.959722222 17.477777777),601,андезит
http://www.wikidata.org/entity/Q1592886,Höchenberg,Point(11.3022 47.2814),1943,известняк
http://www.wikidata.org/entity/Q879584,Komáří hůrka,Point(13.856666666 50.706666666),807.5,порфир
http://www.wikidata.org/entity/Q879584,Komáří hůrka,Point(13.856666666 50.706666666),807.5,orthogneiss
http://www.wikidata.org/entity/Q881713,Бланик,Point(14.872777777 49.642222222),638,гранит
http://www.wikidata.org/entity/Q882567,Blauen,Point(7.51528 47.4617),837,известняк
http://www.wikidata.org/entity/Q884746,Osser,Point(13.1046453 49.2024897),1293,кристаллические сланцы
http://www.wikidata.org/entity/Q1998725,Lévézou,Point(2.7572 44.2054),1155,метаморфическая горная порода
http://www.wikidata.org/entity/Q2012849,Oblík,Point(13.444167 49.053333),1228,paragneiss
http://www.wikidata.org/entity/Q2016129,Babička Gora,Point(22.0608 43.1267),1059,кристаллические сланцы
http://www.wikidata.org/entity/Q2016129,Babička Gora,Point(22.06194444 43.12638889),1059,кристаллические сланцы
http://www.wikidata.org/entity/Q2016577,Pointe de la Fournache,Point(6.7525 45.2875),3642,известняк
http://www.wikidata.org/entity/Q2019666,Кумбаль,Point(-77.883333333 0.955833333),4764,Дацит
http://www.wikidata.org/entity/Q2020545,Mountain Tampomas,Point(107.95 -6.77),1684,андезит
http://www.wikidata.org/entity/Q2033748,Раунг,Point(114.041666666 -8.125),3260,андезит
http://www.wikidata.org/entity/Q1412839,Alcudina,Point(9.2073797 41.8494655),2134,гранит
http://www.wikidata.org/entity/Q1414331,Litnisschrofen,Point(10.5633024 47.4666309),2068,известняк
http://www.wikidata.org/entity/Q1415428,Монте-Чинто,Point(8.945833333 42.379722222),2706,Липарит
http://www.wikidata.org/entity/Q1418334,Taennchel,Point(7.258888888 48.234722222),992,песчаник
http://www.wikidata.org/entity/Q1419222,Пик Ньютона,Point(17.490833333 79.010555555),1713,гранит
http://www.wikidata.org/entity/Q1420297,Ольягуэ,Point(-68.179166666 -21.3025),5868,андезит
http://www.wikidata.org/entity/Q1420297,Ольягуэ,Point(-68.179166666 -21.3025),5870,андезит
http://www.wikidata.org/entity/Q1422936,Noppenspitze,Point(10.4410805 47.3258196),2594,доломит
http://www.wikidata.org/entity/Q1424223,Szrenica,Point(15.514166666 50.791388888),1362,гранит
http://www.wikidata.org/entity/Q1424979,Алседо,Point(-91.109104 -0.396583),1130,базальт
http://www.wikidata.org/entity/Q1427739,Тутупака,Point(-70.37166667 -17.02638889),5815,Дацит
http://www.wikidata.org/entity/Q1427815,Le Soliat,Point(6.724777777 46.928555555),1465,известняк
http://www.wikidata.org/entity/Q1427815,Le Soliat,Point(6.72472222 46.92861111),1465,известняк
http://www.wikidata.org/entity/Q1599327,Mont Aubert,Point(6.677561111 46.871408333),1339,известняк
http://www.wikidata.org/entity/Q1599327,Mont Aubert,Point(6.67753 46.87142),1339,известняк
http://www.wikidata.org/entity/Q1601397,Heiterwand,Point(10.73333 47.31444),2639,известняк
http://www.wikidata.org/entity/Q1612667,Špičák,Point(14.64582964 50.92838595),544.3,базальт
http://www.wikidata.org/entity/Q1617977,Aiguille Dibona,Point(6.24277778 44.9625),3131,гранит
http://www.wikidata.org/entity/Q890673,Самурский хребет,Point(47.660833333 41.5625),3849,метаморфическая горная порода
http://www.wikidata.org/entity/Q890673,Самурский хребет,Point(47.2977 41.8468),3849,метаморфическая горная порода
http://www.wikidata.org/entity/Q891735,Кабаргин,Point(44.005555555 42.527222222),3650,андезит
http://www.wikidata.org/entity/Q893330,Боравли,Point(40.986388888 13.303888888),812,трахит
http://www.wikidata.org/entity/Q893534,Borgarvirki,Point(-20.599 65.465666666),177,базальт
http://www.wikidata.org/entity/Q893534,Borgarvirki,Point(-20.597023437 65.474777873),177,базальт
http://www.wikidata.org/entity/Q897554,Nagy-Milic,Point(21.45777778 48.57666667),894,вулканические горные породы
http://www.wikidata.org/entity/Q897834,Брандберг (гора),Point(14.5775 -21.1495),2573,гранит
http://www.wikidata.org/entity/Q909526,Storžič,Point(14.40416667 46.35),2132,известняк
http://www.wikidata.org/entity/Q1435644,Kraul Mountains,Point(-14.166666666 -73.333333333),1123,базальт
http://www.wikidata.org/entity/Q1435644,Kraul Mountains,Point(-14.0 -73.16667),1123,базальт
http://www.wikidata.org/entity/Q1441442,Габаль эль-Увейнат,Point(24.922222222 21.919444444),1934,гранит
http://www.wikidata.org/entity/Q1449273,Monte Novegno,Point(11.31666667 45.76666667),1552,осадочная горная порода
http://www.wikidata.org/entity/Q1450268,Хаю-Кута,Point(-67.43219444 -19.46384167),3650,базальт
http://www.wikidata.org/entity/Q2053712,Petit Vignemale,Point(-0.134739 42.774334),3032,известняк
http://www.wikidata.org/entity/Q2060335,Middle Teton,Point(-110.811 43.73),3903,базальт
http://www.wikidata.org/entity/Q2066357,Педра-да-Гавеа,Point(-43.284444444 -22.998055555),842,гранит
http://www.wikidata.org/entity/Q2079549,Petersberg,Point(12.1258 47.7125),847,известняк
http://www.wikidata.org/entity/Q2096741,Монт де Люр,Point(5.803305 44.122566),1825,известняк
http://www.wikidata.org/entity/Q1619770,Arcalod,Point(6.22833333 45.68194444),2210,осадочная горная порода
http://www.wikidata.org/entity/Q1621423,Sitno,Point(18.8775 48.403056),1009.2,андезит
http://www.wikidata.org/entity/Q1766896,Marchspitze,Point(10.3744164 47.3151318),2609,доломит
http://www.wikidata.org/entity/Q1772545,Mount McLoughlin,Point(-122.315611111 42.444472222),2894,андезит
http://www.wikidata.org/entity/Q1774202,Kletečná,Point(13.97166667 50.56716667),709.9,фонолит
http://www.wikidata.org/entity/Q1776721,Klič,Point(14.572855555 50.788666666),760,фонолит
http://www.wikidata.org/entity/Q1777761,Monte Penoso,Point(-23.129166666 15.225),437,вулканические горные породы
http://www.wikidata.org/entity/Q1781656,Эль-Потоси (гора),Point(-100.2325 24.871666666),3721,известняк
http://www.wikidata.org/entity/Q1456446,Le Reculet,Point(5.93 46.256666666),1717,известняк
http://www.wikidata.org/entity/Q1467910,Гамалама,Point(127.333888888 0.807222222),1715,андезит
http://www.wikidata.org/entity/Q1471391,Пику-де-Сан-Томе,Point(6.533333333 0.266666666),2024,базальт
http://www.wikidata.org/entity/Q1476265,Тургхаттен,Point(12.089722222 65.398333333),258,гранит
http://www.wikidata.org/entity/Q1477225,Pic del Segre,Point(2.12130556 42.39704167),2843,песчаник
http://www.wikidata.org/entity/Q1477225,Pic del Segre,Point(2.12130556 42.39704167),2843,lutite
http://www.wikidata.org/entity/Q1479975,Pic de Montcalm,Point(1.40638889 42.67219444),3077,гранит
http://www.wikidata.org/entity/Q1479975,Pic de Montcalm,Point(1.40642 42.67257),3077,гранит
http://www.wikidata.org/entity/Q1481385,Matajur,Point(13.529166666 46.212222222),1642,известняк
http://www.wikidata.org/entity/Q2098121,Ла-Планш-де-Бель-Фий,Point(6.77417 47.7672),1148,песчаник
http://www.wikidata.org/entity/Q2104182,Popova Skalá,Point(14.813333333 50.825555555),568,песчаник
http://www.wikidata.org/entity/Q2108921,Сотара,Point(-76.591944444 2.108055555),4400,андезит
http://www.wikidata.org/entity/Q2124428,Mont d'Ambin,Point(6.88416667 45.15694444),3378,метаморфическая горная порода
http://www.wikidata.org/entity/Q2124779,Спицкопп,Point(15.1951079 -21.825627),1728,гранит
http://www.wikidata.org/entity/Q2129851,Ralsko,Point(14.76583333 50.67416667),698,базальт
http://www.wikidata.org/entity/Q1623934,Hoher Seeblaskogel,Point(11.0747 47.0956),3235,Мигматит
http://www.wikidata.org/entity/Q1624140,Онек,Point(7.016388888 48.0375),1363,гранит
http://www.wikidata.org/entity/Q1788022,Mount Shuksan,Point(-121.603 48.8316),2782,кристаллические сланцы
http://www.wikidata.org/entity/Q1791229,Kuhljochspitze,Point(11.2714 47.3147),2297,доломит
http://www.wikidata.org/entity/Q1799693,Lachenspitze,Point(10.5176141 47.4400967),2126,доломит
http://www.wikidata.org/entity/Q2366266,Grande Aiguille Rousse,Point(7.109377 45.432912),3482,кристаллические сланцы
http://www.wikidata.org/entity/Q2376750,The Table,Point(-123.013 49.8953),2021,андезит
http://www.wikidata.org/entity/Q2382787,Keli Ebulobo,Point(121.18 -8.82),2124,базальт
http://www.wikidata.org/entity/Q2384726,Pointe de la Masse,Point(6.50916667 45.29722222),2804,кристаллические сланцы
http://www.wikidata.org/entity/Q2387511,Dent de l'Ours,Point(5.82083 45.3886),1820,известняк
http://www.wikidata.org/entity/Q1811528,Dent de Lys,Point(7.002944444 46.507638888),2014,осадочная горная порода
http://www.wikidata.org/entity/Q1811849,Альмолонга,Point(-91.518694444 14.796541666),3197,андезит
http://www.wikidata.org/entity/Q1813560,Grande Tête de l'Obiou,Point(5.83972222 44.775),2789,осадочная горная порода
http://www.wikidata.org/entity/Q1815535,Spruce Knob,Point(-79.53283 38.69984),1482,песчаник
http://www.wikidata.org/entity/Q1815535,Spruce Knob,Point(-79.5328 38.6999),1482,песчаник
http://www.wikidata.org/entity/Q1815821,Дарвин (Анды),Point(-69.483333333 -54.75),2438,метаморфическая горная порода
http://www.wikidata.org/entity/Q1815821,Дарвин (Анды),Point(-69.483333333 -54.75),2488,метаморфическая горная порода
http://www.wikidata.org/entity/Q2160243,Rocher de Mutzig,Point(7.24028 48.5492),1008,песчаник
http://www.wikidata.org/entity/Q2162246,Rohnenspitze,Point(10.4678439 47.4881987),1990,доломит
http://www.wikidata.org/entity/Q2166104,Ronov,Point(14.414377777 50.620444444),552,базальт
http://www.wikidata.org/entity/Q1485040,Lämpermahdspitze,Point(11.3771 47.1114),2595,доломит
http://www.wikidata.org/entity/Q1492353,Ротуи,Point(-149.838 -17.5056),899,вулканические горные породы
http://www.wikidata.org/entity/Q1493735,Mount Stuart,Point(-120.901 47.4753),2869,гранит
http://www.wikidata.org/entity/Q1633809,Golden Hinde,Point(-125.747 49.6628),2198,базальт
http://www.wikidata.org/entity/Q1635724,Tanečnice,Point(14.32005257 50.96611475),599,Гранодиорит
http://www.wikidata.org/entity/Q1638692,Санфорд,Point(-144.128888888 62.213888888),4949,андезит
http://www.wikidata.org/entity/Q1639654,Q1639654,Point(-13.7513 65.4352),774,Липарит
http://www.wikidata.org/entity/Q1645281,Mont de Grange,Point(6.78055556 46.2625),2432,осадочная горная порода
http://www.wikidata.org/entity/Q1646318,Jochköpfl,Point(11.107852 46.926031),3143,гранит
http://www.wikidata.org/entity/Q1646318,Jochköpfl,Point(11.1078 46.9275),3143,гранит
http://www.wikidata.org/entity/Q1648153,Lances de Malissard,Point(5.87333 45.3467),2045,известняк
http://www.wikidata.org/entity/Q2396916,Three Patriarchs,Point(-112.965 37.2372),3138,осадочная горная порода
http://www.wikidata.org/entity/Q2396916,Three Patriarchs,Point(-112.965 37.2372),7014,осадочная горная порода
http://www.wikidata.org/entity/Q2397943,Q2397943,Point(-1.76556 49.3956),99,песчаник
http://www.wikidata.org/entity/Q2399579,Pic du Milieu,Point(-0.13639 42.7617),3130,известняк
http://www.wikidata.org/entity/Q2408098,Sork Ale,Point(41.725 13.18),1611,базальт
http://www.wikidata.org/entity/Q2408098,Sork Ale,Point(41.7275 13.18111),1611,базальт
http://www.wikidata.org/entity/Q2412504,Gazon du Faing,Point(7.083611 48.12),1306,гранит
http://www.wikidata.org/entity/Q2414622,Frenchman Butte,Point(-109.576 53.6272),660,кристаллические сланцы
http://www.wikidata.org/entity/Q2439886,Nevados de Chillán,Point(-71.376666666 -36.863333333),3212,андезит
http://www.wikidata.org/entity/Q1836325,Mont Aigoual,Point(3.58343056 44.11679167),1567,гранит
http://www.wikidata.org/entity/Q1844624,La Mola,Point(2.017672209 41.641151903),1103.25,песчаник
http://www.wikidata.org/entity/Q1844624,La Mola,Point(2.017672209 41.641151903),1103.25,Конгломерат
http://www.wikidata.org/entity/Q1844624,La Mola,Point(2.017672209 41.641151903),1103.25,lutite
http://www.wikidata.org/entity/Q1853477,Тор (гора),Point(-65.3167 66.5333),1675,гранит
http://www.wikidata.org/entity/Q1854502,Хиллаби,Point(-59.583333333 13.211111111),340,осадочная горная порода
http://www.wikidata.org/entity/Q1858056,Катадин,Point(-68.921275 45.904355555),1606,гранит
http://www.wikidata.org/entity/Q1862666,Педрафорка,Point(1.702938 42.239941),2506,известняк
http://www.wikidata.org/entity/Q1877318,Batteriekopf,Point(6.99 47.977222),1311,кристаллические сланцы
http://www.wikidata.org/entity/Q1883683,Мафади,Point(29.35832 -29.20286),3450,базальт
http://www.wikidata.org/entity/Q1662378,Spritzkarspitze,Point(11.55096 47.38128),2606,известняк
http://www.wikidata.org/entity/Q2472694,Гора Джона Лори,Point(-115.118055555 51.124444444),2240,известняк
http://www.wikidata.org/entity/Q2476121,Карлит,Point(1.931498929 42.570747071),2921,гранит
http://www.wikidata.org/entity/Q2485743,Кастельберг,Point(7.001388888 48.021111111),1350,гранит
http://www.wikidata.org/entity/Q2487532,Peña Falconera,Point(-0.096111111 42.205277777),766,Конгломерат
http://www.wikidata.org/entity/Q2491597,Ромераль (вулкан),Point(-75.364 5.206),3858,андезит
http://www.wikidata.org/entity/Q1507158,Mount Scott,Point(-122.014722222 42.923611111),2722,андезит
http://www.wikidata.org/entity/Q1510073,Maladeta,Point(0.63944444 42.64722222),3308,гранит
http://www.wikidata.org/entity/Q1514704,Marchreisenspitze,Point(11.3083 47.1725),2620,доломит
http://www.wikidata.org/entity/Q1514873,Тата-Сабая,Point(-68.5 -19.133333333),5385,андезит
http://www.wikidata.org/entity/Q1516732,Bessanèse,Point(7.119603 45.302048),3592,серпентинит
http://www.wikidata.org/entity/Q1518286,Пико Базиле,Point(8.766666666 3.583333333),3011,базальт
http://www.wikidata.org/entity/Q1520750,Лонгонот,Point(36.456944444 -0.915277777),2776,трахит
http://www.wikidata.org/entity/Q1520855,Блэкбёрн,Point(-143.439297222 61.731908333),16390,гранит
http://www.wikidata.org/entity/Q2180374,Козельский вулкан,Point(158.888888888 53.226944444),2189,андезит
http://www.wikidata.org/entity/Q2181467,Cinder Cone and the Fantastic Lava Beds,Point(-121.319972222 40.547386111),6907,базальт
http://www.wikidata.org/entity/Q2192933,Dent du Villard,Point(6.6761 45.41984),2285,гипс
http://www.wikidata.org/entity/Q2209719,Pic de Sanfonts,Point(1.427663 42.587471),2889,песчаник
http://www.wikidata.org/entity/Q2209719,Pic de Sanfonts,Point(1.427663 42.587471),2889,lutite
http://www.wikidata.org/entity/Q2212240,Saile,Point(11.325 47.1919),2404,доломит
http://www.wikidata.org/entity/Q2219226,Mont Saint-Grégoire,Point(-73.1522 45.3581),251,магматические горные породы
http://www.wikidata.org/entity/Q1527310,Kamenec,Point(14.669444444 48.585),1073,Гранодиорит
http://www.wikidata.org/entity/Q1529000,Глейшер-Пик,Point(-121.114166666 48.111944444),3213,Дацит
http://www.wikidata.org/entity/Q1529367,Malinao Volcano,Point(123.608333333 13.416111111),1548,андезит
http://www.wikidata.org/entity/Q1530467,Gleirschspitze,Point(11.3983 47.3156),2317,известняк
http://www.wikidata.org/entity/Q1675325,Ичинская сопка,Point(157.718 55.6786),3603,андезит
http://www.wikidata.org/entity/Q1675325,Ичинская сопка,Point(157.718 55.6786),3621,андезит
http://www.wikidata.org/entity/Q1675325,Ичинская сопка,Point(157.721666666 55.677777777),3603,андезит
http://www.wikidata.org/entity/Q1675325,Ичинская сопка,Point(157.721666666 55.677777777),3621,андезит
http://www.wikidata.org/entity/Q1686686,Jelení hora,Point(13.158611111 50.490277777),993,базальт
http://www.wikidata.org/entity/Q1688766,Jezerska Kočna,Point(14.521944444 46.358611111),2540,известняк
http://www.wikidata.org/entity/Q1888084,Malý Stožec,Point(14.538055555 50.849722222),659,фонолит
http://www.wikidata.org/entity/Q1888826,Mandalagan,Point(123.25 10.65),1885,андезит
http://www.wikidata.org/entity/Q1896903,Nuevo Mundo volcano,Point(-66.478333333 -19.774166666),5462,Дацит
http://www.wikidata.org/entity/Q1910643,Mont Rougemont,Point(-73.054722222 45.476666666),390,магматические горные породы
http://www.wikidata.org/entity/Q1919761,Meluzína,Point(13.007777777 50.390277777),1094.1,orthogneiss
http://www.wikidata.org/entity/Q1928597,Chopicalqui,Point(-77.573888888 -9.086666666),6354,гранит
http://www.wikidata.org/entity/Q1945396,Mont Gaussier,Point(4.83694 43.7667),306,известняк
http://www.wikidata.org/entity/Q1945396,Mont Gaussier,Point(4.8368 43.76687),306,известняк
http://www.wikidata.org/entity/Q1945406,Оаве,Point(-140.07833333 -9.39166667),1232,вулканические горные породы
http://www.wikidata.org/entity/Q1945436,Mont Saint-Clair,Point(3.684892 43.401984),175,известняк
http://www.wikidata.org/entity/Q1945436,Mont Saint-Clair,Point(3.68471 43.40217),175,известняк
http://www.wikidata.org/entity/Q1945447,Монт-Росс,Point(69.5 -49.6),1850,вулканические горные породы
http://www.wikidata.org/entity/Q2236900,Mount Iya,Point(121.645 -8.897),637,базальт
http://www.wikidata.org/entity/Q2239643,Schlicker Seespitze,Point(11.2733 47.1456),2804,доломит
http://www.wikidata.org/entity/Q1945450,Тохиеа,Point(-149.816666666 -17.55),1207,вулканические горные породы
http://www.wikidata.org/entity/Q1945450,Тохиеа,Point(-149.8127 -17.5449),1207,вулканические горные породы
http://www.wikidata.org/entity/Q1945455,Mont Vinaigre,Point(6.81943 43.50202),614,Липарит
http://www.wikidata.org/entity/Q1945455,Mont Vinaigre,Point(6.82145 43.50292),614,Липарит
http://www.wikidata.org/entity/Q1945508,Vuache,Point(5.94 46.057777777),1112,осадочная горная порода
http://www.wikidata.org/entity/Q1950357,Mount Ashland,Point(-122.717222222 42.080555555),2296,гранит
http://www.wikidata.org/entity/Q1950367,Mount Bailey,Point(-122.219995761 43.155144764),2553,андезит
http://www.wikidata.org/entity/Q1950454,Маунт Эдзиза,Point(-130.634722222 57.715555555),2793,трахит
http://www.wikidata.org/entity/Q3322131,Tamborine Mountain,Point(153.194305555 -27.927513888),525,вулканические горные породы
http://www.wikidata.org/entity/Q3322148,Mount Toby,Point(-72.5375 42.487777777),1269,осадочная горная порода
http://www.wikidata.org/entity/Q3322152,Mount Tom,Point(-72.6481 42.2417),1202,магматические горные породы
http://www.wikidata.org/entity/Q3322155,Monte Torricella,Point(12.6539 42.6125),1054,известняк
http://www.wikidata.org/entity/Q3322155,Monte Torricella,Point(12.6508 42.6158),1054,известняк
http://www.wikidata.org/entity/Q3322158,Torre Maggiore Mount,Point(12.6017 42.6283),1121,известняк
http://www.wikidata.org/entity/Q3322158,Torre Maggiore Mount,Point(12.6028 42.6283),1121,известняк
http://www.wikidata.org/entity/Q3322170,Mont Veyrier,Point(6.1825 45.9006),1291,известняк
http://www.wikidata.org/entity/Q3322181,Mount Watkins,Point(-119.5176494 37.7828327),8497,гранит
http://www.wikidata.org/entity/Q3322190,Yamsay Mountain,Point(-121.360747222 42.930597222),2498,базальт
http://www.wikidata.org/entity/Q3322198,Q3322198,Point(6.53222 46.3169),1413,осадочная горная порода
http://www.wikidata.org/entity/Q3322203,Q3322203,Point(6.04139 47.2361),458,известняк
http://www.wikidata.org/entity/Q3322217,Mont de la Dives,Point(77.5484 -37.8488),867,вулканические горные породы
http://www.wikidata.org/entity/Q3322239,Q3322239,Point(-1.52361 49.3225),131,песчаник
http://www.wikidata.org/entity/Q3322269,Montagne d'Angèle,Point(5.2575 44.4878),1606,осадочная горная порода
http://www.wikidata.org/entity/Q3322269,Montagne d'Angèle,Point(5.25812 44.48815),1606,осадочная горная порода
http://www.wikidata.org/entity/Q3322271,Q3322271,Point(4.33278 47.1442),554.2,известняк
http://www.wikidata.org/entity/Q3322273,Montagne de Cagna,Point(9.088888888 41.585277777),1371,гранит
http://www.wikidata.org/entity/Q3322286,Q3322286,Point(3.14778 44.5853),1353,базальт
http://www.wikidata.org/entity/Q3322297,Q3322297,Point(5.58064 45.7391),1019,известняк
http://www.wikidata.org/entity/Q3322307,Montagne des Mémises,Point(6.71305556 46.37888889),1674,осадочная горная порода
http://www.wikidata.org/entity/Q3322311,Montagne du Charbon,Point(6.19027778 45.71083333),1932,известняк
http://www.wikidata.org/entity/Q3322314,Montagne du Roule,Point(-1.6125 49.6281),112,песчаник
http://www.wikidata.org/entity/Q3322316,Cheval-Blanc mountain,Point(6.423828 44.127076),2323,известняк
http://www.wikidata.org/entity/Q3322511,Monte Asto,Point(9.209888888 42.581222222),1535,гранит
http://www.wikidata.org/entity/Q3322511,Monte Asto,Point(9.20998 42.5813),1535,гранит
http://www.wikidata.org/entity/Q2933191,Caichinque,Point(-67.733333333 -23.95),4450,Дацит
http://www.wikidata.org/entity/Q2934746,Camenabologue,Point(-6.476666666 53.005277777),758,гранит
http://www.wikidata.org/entity/Q2937524,Q2937524,Point(12.58888889 42.77305556),1054,известняк
http://www.wikidata.org/entity/Q2943430,Cayutue-La Vigueria,Point(-72.27 -41.25),506,базальт
http://www.wikidata.org/entity/Q2946743,Q2946743,Point(-68.0864 -54.6758),1450,метаморфическая горная порода
http://www.wikidata.org/entity/Q2946744,Cerro Bonete,Point(-68.1505 -54.688),1250,метаморфическая горная порода
http://www.wikidata.org/entity/Q2946747,Q2946747,Point(-68.1351 -54.7537),1037,метаморфическая горная порода
http://www.wikidata.org/entity/Q2946754,Cerro Daudet,Point(-73.07 -50.79),1771,гранит
http://www.wikidata.org/entity/Q2946754,Cerro Daudet,Point(-73.0708 -50.7892),1771,гранит
http://www.wikidata.org/entity/Q2946775,Peak Pantojo,Point(-71.94312215 -40.768164),2024,базальт
http://www.wikidata.org/entity/Q2946776,Серро-Негро-де-Маяскер,Point(-77.964444444 0.8275),4445,андезит
http://www.wikidata.org/entity/Q2948083,Chambairy,Point(6.81688 46.3388),2202,осадочная горная порода
http://www.wikidata.org/entity/Q2948491,Le Chameau,Point(-61.595277777 15.858055555),1004,вулканические горные породы
http://www.wikidata.org/entity/Q2948599,Mount Cayley volcanic field,Point(-123.291 50.1203),2377,вулканические горные породы
http://www.wikidata.org/entity/Q2956713,Santa Isabel,Point(-75.36666667 4.81666667),4945,андезит
http://www.wikidata.org/entity/Q2961098,Charmant Som,Point(5.76417 45.32528),1867,известняк
http://www.wikidata.org/entity/Q2961636,Chauncey Peak,Point(-72.759444444 41.558611111),688,магматические горные породы
http://www.wikidata.org/entity/Q2963895,Chiracha,Point(38.0845 6.711),1650,Липарит
http://www.wikidata.org/entity/Q2968301,Château d'Oche,Point(6.74305556 46.35),2197,осадочная горная порода
http://www.wikidata.org/entity/Q2972397,Cima delle Follicce,Point(9.38473 42.82751),1324,Офиолиты
http://www.wikidata.org/entity/Q2972397,Cima delle Follicce,Point(9.38583 42.8281),1324,Офиолиты
http://www.wikidata.org/entity/Q2972398,Cimandef,Point(55.4531 -21.0298),2228,вулканические горные породы
http://www.wikidata.org/entity/Q2972414,Cime de Peïra-Cava,Point(7.37 43.939444444),1581,песчаник
http://www.wikidata.org/entity/Q2972416,cime de Caron,Point(6.561666666 45.263055555),3193,песчаник
http://www.wikidata.org/entity/Q2972416,cime de Caron,Point(6.561666666 45.263055555),3193,ископаемый уголь
http://www.wikidata.org/entity/Q2972416,cime de Caron,Point(6.561666666 45.263055555),3193,Конгломерат
http://www.wikidata.org/entity/Q2972416,cime de Caron,Point(6.561666666 45.263055555),3193,Аркозы
http://www.wikidata.org/entity/Q2972416,cime de Caron,Point(6.561666666 45.263055555),3193,сланцы
http://www.wikidata.org/entity/Q2975652,Clark Mountain,Point(-115.589 35.5256),7933,известняк
http://www.wikidata.org/entity/Q3358117,Ухтасар,Point(46.041 39.676),3563,базальт
http://www.wikidata.org/entity/Q3360582,Q3360582,Point(5.87694 46.4075),755,известняк
http://www.wikidata.org/entity/Q3365602,Le Parmelan,Point(6.245495 45.941588),1856,известняк
http://www.wikidata.org/entity/Q3373819,Peak Mountain,Point(-72.74 41.970277777),223,магматические горные породы
http://www.wikidata.org/entity/Q3374661,Pendle Hill,Point(-2.3 53.869),557,осадочная горная порода
http://www.wikidata.org/entity/Q3376413,Peter's Rock,Point(-72.853055555 41.341944444),373,магматические горные породы
http://www.wikidata.org/entity/Q3377091,Petit Astazou,Point(0.01611 42.7019),3012,песчаник
http://www.wikidata.org/entity/Q3382287,Pointe Bazillac,Point(-0.04028 42.6914),2975,известняк
http://www.wikidata.org/entity/Q3382289,Pic Belloc,Point(0.479365 42.713954),3008,Гранодиорит
http://www.wikidata.org/entity/Q3382290,Pico Central de la Cascada,Point(0.00472 42.6889),3106,известняк
http://www.wikidata.org/entity/Q3382291,Q3382291,Point(0.47139 42.7028),3043,Гранодиорит
http://www.wikidata.org/entity/Q3382307,Pic Heid,Point(0.13528 42.7283),3022,известняк
http://www.wikidata.org/entity/Q3382327,Pic Palas,Point(-0.31333 42.8494),2974,гранит
http://www.wikidata.org/entity/Q3382331,Roxy Ann Peak,Point(-122.78542 42.35486),3576,базальт
http://www.wikidata.org/entity/Q3382344,pic d'Ardiden,Point(-0.068136 42.83401),2988,гранит
http://www.wikidata.org/entity/Q3382344,pic d'Ardiden,Point(-0.06778 42.8339),2988,гранит
http://www.wikidata.org/entity/Q3382344,pic d'Ardiden,Point(-0.0676 42.834),2988,гранит
http://www.wikidata.org/entity/Q3382348,Q3382348,Point(0.20056 42.8661),2715,гранит
http://www.wikidata.org/entity/Q2982330,Colachi,Point(-67.64605 -23.24192),5631,андезит
http://www.wikidata.org/entity/Q2983361,Фарон,Point(5.951111111 43.149444444),584,известняк
http://www.wikidata.org/entity/Q2983437,Colline de Sion,Point(6.07 48.4086),540,известняк
http://www.wikidata.org/entity/Q2983445,colline du Châtelard,Point(7.4375 46.273),1272,гипс
http://www.wikidata.org/entity/Q2983453,Q2983453,Point(-98.4067 49.3519),487,осадочная горная порода
http://www.wikidata.org/entity/Q2984642,Comaloforno,Point(0.827834271 42.591382035),3029,гранит
http://www.wikidata.org/entity/Q2996801,Копьяпо (вулкан),Point(-69.1317 -27.3056),6052,андезит
http://www.wikidata.org/entity/Q2996801,Копьяпо (вулкан),Point(-69.13083333 -27.30583333),6052,андезит
http://www.wikidata.org/entity/Q2997203,Q2997203,Point(-72.2059 -40.9453),1668,базальт
http://www.wikidata.org/entity/Q2997439,Q2997439,Point(6.80944 46.1272),2630,осадочная горная порода
http://www.wikidata.org/entity/Q2997450,Cornebois,Point(6.80888889 46.21138889),2200,осадочная горная порода
http://www.wikidata.org/entity/Q3003189,Croisse Baulet,Point(6.552154 45.898416),2236,известняк
http://www.wikidata.org/entity/Q3003189,Croisse Baulet,Point(6.552154 45.898416),2236,Мергель
http://www.wikidata.org/entity/Q3003594,Croix des Têtes,Point(6.4425 45.266944444),2492,известняк
http://www.wikidata.org/entity/Q3006345,Q3006345,Point(5.90222 46.3992),1029,известняк
http://www.wikidata.org/entity/Q3006346,Crêt au Merle,Point(5.87889 46.2692),1448,осадочная горная порода
http://www.wikidata.org/entity/Q3006346,Crêt au Merle,Point(5.8794 46.27006),1448,осадочная горная порода
http://www.wikidata.org/entity/Q3006348,Crêt de Chalam,Point(5.86139 46.2503),1545,известняк
http://www.wikidata.org/entity/Q3006352,Crêt de l'Auger,Point(5.80306 46.2203),1265,известняк
http://www.wikidata.org/entity/Q3006352,Crêt de l'Auger,Point(5.80293 46.22046),1265,известняк
http://www.wikidata.org/entity/Q3006358,Crêt à la Dame,Point(6.066 46.5383),1303,известняк
http://www.wikidata.org/entity/Q3006358,Crêt à la Dame,Point(6.07194 46.5425),1303,известняк
http://www.wikidata.org/entity/Q3009622,Càrn Dearg Meadhonach,Point(-4.989363 56.809041),1179,магматические горные породы
http://www.wikidata.org/entity/Q3009632,Càrn Mòr Dearg,Point(-4.987438888 56.805488888),1220,магматические горные породы
http://www.wikidata.org/entity/Q3009632,Càrn Mòr Dearg,Point(-4.986616 56.805246),1220,магматические горные породы
http://www.wikidata.org/entity/Q3010605,Opal Cone,Point(-122.971 49.8272),1736,Дацит
http://www.wikidata.org/entity/Q3010672,Q3010672,Point(5.7556 46.7239),754,осадочная горная порода
http://www.wikidata.org/entity/Q2511948,Южный Алтай,Point(87.49722223 49.10027779),2734,метаморфическая горная порода
http://www.wikidata.org/entity/Q2511948,Южный Алтай,Point(87.49722223 49.10027779),3871,метаморфическая горная порода
http://www.wikidata.org/entity/Q2544155,Tête de l'Estrop,Point(6.50472 44.2872),2961,песчаник
http://www.wikidata.org/entity/Q2257840,Sierra de la Laguna,Point(-110.0 23.566666666),6857,гранит
http://www.wikidata.org/entity/Q2268168,Ломас-Бланкас,Point(-71.009444444 -36.288611111),2268,базальт
http://www.wikidata.org/entity/Q2269026,Берни,Point(-73.37081909 -52.327188),1758,андезит
http://www.wikidata.org/entity/Q2293161,Катрия,Point(12.70444444 43.46166667),1702,осадочная горная порода
http://www.wikidata.org/entity/Q2298456,Balaïtous,Point(-0.290149 42.838923),3144,гранит
http://www.wikidata.org/entity/Q2557370,Weißwandspitze,Point(11.300277777 46.983611111),3017,известняк
http://www.wikidata.org/entity/Q2559360,Вулкан Атласова,Point(160.65 57.97),1764,базальт
http://www.wikidata.org/entity/Q2563959,Angels Landing,Point(-112.948 37.2694),1760,осадочная горная порода
http://www.wikidata.org/entity/Q2576575,Mont Ruan,Point(6.902777777 46.124166666),3057,осадочная горная порода
http://www.wikidata.org/entity/Q2577068,Сан-Сальвадор,Point(-89.293888888 13.733888888),1893,андезит
http://www.wikidata.org/entity/Q3322536,Monte Fontainhas,Point(-24.704166666 14.85),976,фонолит
http://www.wikidata.org/entity/Q3322537,Monte Graciosa,Point(-23.75 15.3),654,фонолит
http://www.wikidata.org/entity/Q3322576,Monte San Petrone,Point(9.32783 42.39557),1766,кристаллические сланцы
http://www.wikidata.org/entity/Q3322576,Monte San Petrone,Point(9.32694 42.3961),1766,кристаллические сланцы
http://www.wikidata.org/entity/Q3322855,Montoisey,Point(5.96166667 46.28638889),1668.5,известняк
http://www.wikidata.org/entity/Q3324192,Morne Langevin,Point(55.6564 -21.2578),2380,вулканические горные породы
http://www.wikidata.org/entity/Q3324198,"Morel, les Saintes",Point(-61.57416667 15.87583333),446,вулканические горные породы
http://www.wikidata.org/entity/Q3324199,Morne de Fourche,Point(55.4417 -21.0643),2267,вулканические горные породы
http://www.wikidata.org/entity/Q3324199,Morne de Fourche,Point(55.44046 -21.0615),2267,вулканические горные породы
http://www.wikidata.org/entity/Q3324201,Morne Trois Pitons,Point(-61.32774353 15.371213),1387,базальт
http://www.wikidata.org/entity/Q3325416,Moucherotte,Point(5.63916667 45.14777778),1901,известняк
http://www.wikidata.org/entity/Q3326073,Q3326073,Point(3.13583333 44.56833333),1407,гранит
http://www.wikidata.org/entity/Q3327271,Mrzla gora,Point(14.578345 46.377282),2203,известняк
http://www.wikidata.org/entity/Q3337663,Neck de Sceautres,Point(4.60611 44.6172),540,базальт
http://www.wikidata.org/entity/Q3339224,Nez Coupé du Tremblet,Point(55.7375 -21.2825),1913,вулканические горные породы
http://www.wikidata.org/entity/Q3339224,Nez Coupé du Tremblet,Point(55.73994 -21.28229),1913,вулканические горные породы
http://www.wikidata.org/entity/Q3339225,Nez Coupé de Sainte-Rose,Point(55.7239 -21.2069),2075,вулканические горные породы
http://www.wikidata.org/entity/Q3339228,Nez de Boeuf,Point(55.62035 -21.20543),2089,вулканические горные породы
http://www.wikidata.org/entity/Q3339228,Nez de Boeuf,Point(55.62035 -21.20543),2136,вулканические горные породы
http://www.wikidata.org/entity/Q3339228,Nez de Boeuf,Point(55.6206 -21.2056),2089,вулканические горные породы
http://www.wikidata.org/entity/Q3339228,Nez de Boeuf,Point(55.6206 -21.2056),2136,вулканические горные породы
http://www.wikidata.org/entity/Q3342293,Nivolet,Point(5.969646 45.629361),1558,известняк
http://www.wikidata.org/entity/Q3342293,Nivolet,Point(5.969646 45.629361),1558,Мергель
http://www.wikidata.org/entity/Q3342333,Żabi Szczyt Niżni,Point(20.0853 49.1961),2098,гранит
http://www.wikidata.org/entity/Q3347188,Néron,Point(5.71 45.234444444),1298,известняк
http://www.wikidata.org/entity/Q3356816,Q3356816,Point(6.94138889 48.30361111),489,песчаник
http://www.wikidata.org/entity/Q3493627,Q3493627,Point(7.04444444 48.3075),641,песчаник
http://www.wikidata.org/entity/Q3493628,Шпицкопф,Point(7.014444444 48.031666666),1290,гранит
http://www.wikidata.org/entity/Q3500817,Асо (скала),Point(7.536111111 9.083333333),936,гранит
http://www.wikidata.org/entity/Q3503070,Sugarloaf Mountain,Point(-72.5975 42.4728),652,осадочная горная порода
http://www.wikidata.org/entity/Q3503188,Q3503188,Point(124.535 11.523),1301,андезит
http://www.wikidata.org/entity/Q3514450,Talcott Mountain,Point(-72.798 41.825),950,магматические горные породы
http://www.wikidata.org/entity/Q3514496,Q3514496,Point(19.3336 42.8089),2063,известняк
http://www.wikidata.org/entity/Q3515422,Taourirt ta-n-Afella,Point(5.034 24.057),2079,гранит
http://www.wikidata.org/entity/Q3023306,Q3023306,Point(5.59556 45.2875),988,известняк
http://www.wikidata.org/entity/Q3023309,Dent de Valère,Point(6.9406 46.1951),2267,осадочная горная порода
http://www.wikidata.org/entity/Q3023355,Зубы Ланфона,Point(6.24166667 45.86111111),1828,осадочная горная порода
http://www.wikidata.org/entity/Q3025773,Paka,Point(36.191454 0.919465),1697,трахит
http://www.wikidata.org/entity/Q3028631,Goč,Point(20.84555556 43.53638889),1216,аспидный сланец
http://www.wikidata.org/entity/Q3029476,Suvobor,Point(20.18167 44.12139),866,известняк
http://www.wikidata.org/entity/Q3030915,Casamanya,Point(1.570304088 42.587341654),2750,известняк
http://www.wikidata.org/entity/Q3032240,Dukat,Point(22.35005 42.43356),1881,аспидный сланец
http://www.wikidata.org/entity/Q3032240,Dukat,Point(22.39055556 42.42527778),1881,аспидный сланец
http://www.wikidata.org/entity/Q3032823,Djebel Bargou,Point(9.60861 36.0599),1266,известняк
http://www.wikidata.org/entity/Q3032824,Jebel Gorra (Beja),Point(9.094 36.455),930,осадочная горная порода
http://www.wikidata.org/entity/Q3032844,Djebel Ousselat,Point(9.685 35.756),895,известняк
http://www.wikidata.org/entity/Q3032847,Джебель-Рессас,Point(10.33333333 36.6),795,известняк
http://www.wikidata.org/entity/Q3032853,Djebel Tsili,Point(1.841 36.335),798,известняк
http://www.wikidata.org/entity/Q3032853,Djebel Tsili,Point(1.84144 36.3352),798,известняк
http://www.wikidata.org/entity/Q3032854,Djebel Serj,Point(9.54972 35.9367),1357,известняк
http://www.wikidata.org/entity/Q3033072,Djouce,Point(-6.240555555 53.130833333),725,mica schist
http://www.wikidata.org/entity/Q3033707,Dofan,Point(40.13194444 9.34444444),1151,Липарит
http://www.wikidata.org/entity/Q3033896,Long Ridge,Point(14.5458 46.3625),2473,известняк
http://www.wikidata.org/entity/Q3042754,Tecapa,Point(-88.502 13.494),1593,базальт
http://www.wikidata.org/entity/Q3043915,Плачковица,Point(22.533333333 41.766666666),1754,метаморфическая горная порода
http://www.wikidata.org/entity/Q3044581,Парана (гора),Point(-48.808755 -25.252724),1877,гранит
http://www.wikidata.org/entity/Q3044652,Lautaro,Point(-73.504 -49.019),3607,Дацит
http://www.wikidata.org/entity/Q3046527,East Mountain,Point(-72.6603 42.2031),776,магматические горные породы
http://www.wikidata.org/entity/Q3050115,El Negrillar,Point(-68.25 -24.18),3500,андезит
http://www.wikidata.org/entity/Q3053720,Gran Encantat,Point(1.01466 42.568527),2748,мрамор
http://www.wikidata.org/entity/Q3053720,Gran Encantat,Point(1.01466 42.568527),2748,порфир
http://www.wikidata.org/entity/Q3382362,Costabona,Point(2.343919909 42.416897233),2465,Скарн
http://www.wikidata.org/entity/Q3382364,Tuc de Crabèra,Point(0.858212 42.8257),2630,песчаник
http://www.wikidata.org/entity/Q3382364,Tuc de Crabèra,Point(0.858212 42.8257),2630,lutite
http://www.wikidata.org/entity/Q3382370,Pic de Garlitz,Point(0.21444 42.7464),2798,кристаллические сланцы
http://www.wikidata.org/entity/Q3382371,Pic de Girantès,Point(1.406611111 42.790166666),2088,известняк
http://www.wikidata.org/entity/Q3382376,Pic de Lustou,Point(0.36 42.735),3023,mica schist
http://www.wikidata.org/entity/Q3382379,Pic de Mus,Point(3.20028 44.60651),1324,базальт
http://www.wikidata.org/entity/Q3382379,Pic de Mus,Point(3.20028 44.6067),1324,базальт
http://www.wikidata.org/entity/Q3382382,Pic de Maupas,Point(0.5455 42.7011),3109,гранит
http://www.wikidata.org/entity/Q3382393,Pic de Tenneverge,Point(6.87944 46.0942),2985,осадочная горная порода
http://www.wikidata.org/entity/Q3382395,Pic de l'Aigle,Point(5.90306 46.6153),993,осадочная горная порода
http://www.wikidata.org/entity/Q3382403,Pic de l'Ours,Point(6.9056 43.4761),492,Липарит
http://www.wikidata.org/entity/Q3382414,Pic de la Munia,Point(0.13111 42.71492),3133,известняк
http://www.wikidata.org/entity/Q3382419,Crabioules,Point(0.53 42.7022),3116,гранит
http://www.wikidata.org/entity/Q3382550,Massif du Combeynot,Point(6.41083 45.0125),3155,гранит
http://www.wikidata.org/entity/Q3388771,Pinnacle Rock,Point(-72.8328 41.6897),600,магматические горные породы
http://www.wikidata.org/entity/Q3389257,Pistapaug Mountain,Point(-72.736944444 41.433333333),210,магматические горные породы
http://www.wikidata.org/entity/Q3389343,Pito Hiti,Point(-149.465 -17.6125),2110,вулканические горные породы
http://www.wikidata.org/entity/Q3389359,Piton Bé Massoune,Point(55.5152 -21.0068),1584,вулканические горные породы
http://www.wikidata.org/entity/Q3389359,Piton Bé Massoune,Point(55.5152 -21.0068),1614,вулканические горные породы
http://www.wikidata.org/entity/Q3389359,Piton Bé Massoune,Point(55.5169 -21.0082),1584,вулканические горные породы
http://www.wikidata.org/entity/Q3389359,Piton Bé Massoune,Point(55.5169 -21.0082),1614,вулканические горные породы
http://www.wikidata.org/entity/Q3389360,Piton Cabris,Point(55.4135 -21.0185),1435,вулканические горные породы
http://www.wikidata.org/entity/Q3389369,Piton Plaine des Fougères,Point(55.489 -21.0036),1800,вулканические горные породы
http://www.wikidata.org/entity/Q3389376,Piton Textor,Point(55.6351 -21.1876),2153,базальт
http://www.wikidata.org/entity/Q3389376,Piton Textor,Point(55.6351 -21.1876),2224,базальт
http://www.wikidata.org/entity/Q3389376,Piton Textor,Point(55.64124 -21.18692),2153,базальт
http://www.wikidata.org/entity/Q3389376,Piton Textor,Point(55.64124 -21.18692),2224,базальт
http://www.wikidata.org/entity/Q3389378,Piton d'Anchaing,Point(55.5003 -21.0447),1356,вулканические горные породы
http://www.wikidata.org/entity/Q3389379,Питон-де-Бер,Point(55.6997 -21.2764),2274,вулканические горные породы
http://www.wikidata.org/entity/Q3389379,Питон-де-Бер,Point(55.7 -21.26667),2274,вулканические горные породы
http://www.wikidata.org/entity/Q3389380,Piton de Crac,Point(55.75289 -21.228862),1386,вулканические горные породы
http://www.wikidata.org/entity/Q3389383,Piton de Partage,Point(55.7022 -21.2192),2332,вулканические горные породы
http://www.wikidata.org/entity/Q3389383,Piton de Partage,Point(55.7022 -21.2192),2361,вулканические горные породы
http://www.wikidata.org/entity/Q3389383,Piton de Partage,Point(55.70197 -21.21879),2332,вулканические горные породы
http://www.wikidata.org/entity/Q3389383,Piton de Partage,Point(55.70197 -21.21879),2361,вулканические горные породы
http://www.wikidata.org/entity/Q2302158,Sonntagkarspitze,Point(11.4275 47.3464),2575,известняк
http://www.wikidata.org/entity/Q2302910,Alvand,Point(48.486666666 34.664166666),3580,гранит
http://www.wikidata.org/entity/Q2313284,Spravedlnost,Point(14.468333333 50.879722222),534,базальт
http://www.wikidata.org/entity/Q2321630,Chamechaude,Point(5.788333 45.287778),2082,известняк
http://www.wikidata.org/entity/Q2332271,Soum de Ramond,Point(0.043153 42.67037),3254,известняк
http://www.wikidata.org/entity/Q2340740,Steingrubenkogel,Point(11.2792 47.1644),2633,доломит
http://www.wikidata.org/entity/Q2342508,Stempeljochspitze,Point(11.4383 47.3347),2543,известняк
http://www.wikidata.org/entity/Q2593389,Влахина,Point(22.928888888 41.856944444),1212,гранит
http://www.wikidata.org/entity/Q2603516,Коровин,Point(-174.165833333 52.381666666),5030,базальт
http://www.wikidata.org/entity/Q2620173,Токати,Point(142.686216666 43.417827777),2077,андезит
http://www.wikidata.org/entity/Q2624360,Ибуки,Point(136.40591 35.41794),1377,известняк
http://www.wikidata.org/entity/Q2624360,Ибуки,Point(136.406111111 35.417777777),1377,известняк
http://www.wikidata.org/entity/Q2630276,Q2630276,Point(6.9245 46.126666666),3220,осадочная горная порода
http://www.wikidata.org/entity/Q2636482,Naranjo de Bulnes  / Picu Urriellu,Point(-4.816669444 43.2),2518,известняк
http://www.wikidata.org/entity/Q2641815,Bohdalec,Point(16.14389 49.62667),801,гранит
http://www.wikidata.org/entity/Q3057841,Q3057841,Point(3.258732 43.713711),851,вулканические горные породы
http://www.wikidata.org/entity/Q3063874,Pyšný štít,Point(20.2075 49.197777777),2621,гранит
http://www.wikidata.org/entity/Q3066963,Farmington Mountain,Point(-72.815652777 41.713433333),502,магматические горные породы
http://www.wikidata.org/entity/Q3073175,Serra da Malagueta,Point(-23.68333333 15.17916667),1064,базальт
http://www.wikidata.org/entity/Q3075593,Hachimantai,Point(140.854166666 39.957777777),1613,андезит
http://www.wikidata.org/entity/Q3077726,Tête à Pierre Grept,Point(7.155138888 46.252694444),2904,осадочная горная порода
http://www.wikidata.org/entity/Q3078953,Forêt de Saoû,Point(5.1222 44.6556),1589,известняк
http://www.wikidata.org/entity/Q3080166,Fowler Mountain,Point(-72.740277777 41.444166666),230,магматические горные породы
http://www.wikidata.org/entity/Q3087278,Pic de Sotllo,Point(1.387458259 42.668708754),3073,песчаник
http://www.wikidata.org/entity/Q3087278,Pic de Sotllo,Point(1.387458259 42.668708754),3073,lutite
http://www.wikidata.org/entity/Q3088745,Pic de Néouvielle,Point(0.115281 42.834633),3091,гранит
http://www.wikidata.org/entity/Q3090546,Fueguino,Point(-70.27160168 -54.973096),150,андезит
http://www.wikidata.org/entity/Q3093519,Габиллема,Point(41.266666666 11.083333333),1459,Липарит
http://www.wikidata.org/entity/Q3099792,Gazon de Faite,Point(7.06833 48.1019),1303,гранит
http://www.wikidata.org/entity/Q3108557,Glass Mountain,Point(-118.709 37.7749),11128,Липарит
http://www.wikidata.org/entity/Q3108968,Melimoyu,Point(-72.86 -44.075833333),2440,андезит
http://www.wikidata.org/entity/Q3110793,Pico Maldito,Point(0.6401 42.639687),3350,гранит
http://www.wikidata.org/entity/Q3113529,Radan,Point(21.49645 43.0043),1408,mica schist
http://www.wikidata.org/entity/Q3113535,Grand Bénare,Point(55.4225 -21.116666666),2898,вулканические горные породы
http://www.wikidata.org/entity/Q3518764,Q3518764,Point(-0.752762 45.4466),59,мел
http://www.wikidata.org/entity/Q3519093,Testavoyre,Point(4.130278 45.054722),1436,вулканические горные породы
http://www.wikidata.org/entity/Q3519393,Teysachaux,Point(6.99638889 46.53416667),1909,осадочная горная порода
http://www.wikidata.org/entity/Q3528990,Timi,Point(16.5793 21.154),3012,трахит
http://www.wikidata.org/entity/Q3532745,Totoket Mountain,Point(-72.701944444 41.417222222),220,магматические горные породы
http://www.wikidata.org/entity/Q3533403,Tour de Mayen,Point(7.0084 46.3748),2327,известняк
http://www.wikidata.org/entity/Q3539253,Trimountain,Point(-72.736111111 41.460277777),230,магматические горные породы
http://www.wikidata.org/entity/Q3539941,Trois Salazes,Point(55.4425 -21.1069),1792,вулканические горные породы
http://www.wikidata.org/entity/Q3539941,Trois Salazes,Point(55.4425 -21.1069),2132,вулканические горные породы
http://www.wikidata.org/entity/Q3539941,Trois Salazes,Point(55.44263 -21.10664),1792,вулканические горные породы
http://www.wikidata.org/entity/Q3539941,Trois Salazes,Point(55.44263 -21.10664),2132,вулканические горные породы
http://www.wikidata.org/entity/Q3541076,Truc de la Fare,Point(3.24944 44.5253),884,базальт
http://www.wikidata.org/entity/Q3541079,Truc du Midi,Point(3.31528 44.5339),1019,известняк
http://www.wikidata.org/entity/Q3541079,Truc du Midi,Point(3.3159 44.5346),1019,известняк
http://www.wikidata.org/entity/Q3541265,Tré Pellay,Point(5.52306 45.9861),1011,осадочная горная порода
http://www.wikidata.org/entity/Q3541980,Tullu Moje,Point(39.1367 8.15861),2349,трахит
http://www.wikidata.org/entity/Q3542326,Turlough Hill,Point(-6.41639 53.0242),681,гранит
http://www.wikidata.org/entity/Q3542401,Mount Turska,Point(14.5769 46.3603),2251,известняк
http://www.wikidata.org/entity/Q3546957,Tête des Perches,Point(6.92 47.8503),1222,гранит
http://www.wikidata.org/entity/Q3546962,Tête du Coquin,Point(7.01018 48.45329),837,песчаник
http://www.wikidata.org/entity/Q3546962,Tête du Coquin,Point(7.01083 48.4531),837,песчаник
http://www.wikidata.org/entity/Q3547720,Udalatx,Point(-2.512222 43.091111),1117,известняк
http://www.wikidata.org/entity/Q3552060,Q3552060,Point(9.06472 41.5622),1217,гранит
http://www.wikidata.org/entity/Q3553828,Valjevo Mountains,Point(19.691111 44.150278),1347,осадочная горная порода
http://www.wikidata.org/entity/Q3554595,Vanil des Artses,Point(6.9873 46.4822),1992,осадочная горная порода
http://www.wikidata.org/entity/Q3555313,Velika Baba,Point(14.55604 46.379452),2127,известняк
http://www.wikidata.org/entity/Q3556467,Żabi Szczyt Wyżni,Point(20.0891 49.18779),2263,гранит
http://www.wikidata.org/entity/Q3556467,Żabi Szczyt Wyżni,Point(20.0897 49.1881),2263,гранит
http://www.wikidata.org/entity/Q3562540,Vojnik,Point(18.998607 42.935138),1998,осадочная горная порода
http://www.wikidata.org/entity/Q3562708,Franklin Glacier Volcano,Point(-125.4 51.3333),2252,андезит
http://www.wikidata.org/entity/Q3562719,Вулкан Монтсакопа,Point(2.48849 42.18792),531,тефра
http://www.wikidata.org/entity/Q3389390,Piton des Calumets,Point(55.4162 -21.0547),1616,вулканические горные породы
http://www.wikidata.org/entity/Q3389394,Piton des Songes,Point(55.6075 -21.1528),1222,вулканические горные породы
http://www.wikidata.org/entity/Q3389394,Piton des Songes,Point(55.6075 -21.1528),1271,вулканические горные породы
http://www.wikidata.org/entity/Q3389394,Piton des Songes,Point(55.60829 -21.15123),1222,вулканические горные породы
http://www.wikidata.org/entity/Q3389394,Piton des Songes,Point(55.60829 -21.15123),1271,вулканические горные породы
http://www.wikidata.org/entity/Q3391472,Planjava,Point(14.60944444 46.35638889),2394,известняк
http://www.wikidata.org/entity/Q3391880,Q3391880,Point(5.608512 46.132368),1125,известняк
http://www.wikidata.org/entity/Q3391901,Q3391901,Point(4.00917 44.5542),1150,гранит
http://www.wikidata.org/entity/Q3391939,Plateau du Coyan,Point(2.6056 44.9917),1200,базальт
http://www.wikidata.org/entity/Q3393577,Pointe d'Areu,Point(6.57944444 45.98166667),2478,осадочная горная порода
http://www.wikidata.org/entity/Q3393580,Pointe d'Aveneyre,Point(7.00472222 46.41722222),2026,осадочная горная порода
http://www.wikidata.org/entity/Q3393582,Pointe d'Ireuse,Point(6.575 46.2675),1890,осадочная горная порода
http://www.wikidata.org/entity/Q3393584,Pointe de Bella Cha,Point(6.563494 45.971823),2511,известняк
http://www.wikidata.org/entity/Q3393586,Pointe d'Uble,Point(6.599722222 46.168055555),1963,осадочная горная порода
http://www.wikidata.org/entity/Q3393598,Pointe de Chavannais,Point(6.54919 46.17911),1851,осадочная горная порода
http://www.wikidata.org/entity/Q3393600,Pointe de Chalune,Point(6.58138889 46.18),2116,осадочная горная порода
http://www.wikidata.org/entity/Q3393603,Pointe de Chavanette,Point(6.80694 46.1781),2264,осадочная горная порода
http://www.wikidata.org/entity/Q3393603,Pointe de Chavanette,Point(6.8 46.18333),2264,осадочная горная порода
http://www.wikidata.org/entity/Q3393604,Pointe de Chavasse,Point(6.56916667 46.17638889),2012,осадочная горная порода
http://www.wikidata.org/entity/Q3393610,Pointe de Fornet,Point(6.79289 46.16213),2300,осадочная горная порода
http://www.wikidata.org/entity/Q3393610,Pointe de Fornet,Point(6.79289 46.16213),2989,осадочная горная порода
http://www.wikidata.org/entity/Q3393610,Pointe de Fornet,Point(6.79194 46.1633),2300,осадочная горная порода
http://www.wikidata.org/entity/Q3393610,Pointe de Fornet,Point(6.79194 46.1633),2989,осадочная горная порода
http://www.wikidata.org/entity/Q3393626,Pointe de Miribel,Point(6.47416667 46.21166667),1581,известняк
http://www.wikidata.org/entity/Q3393627,Pointe de Nantaux,Point(6.70806 46.2258),2170,осадочная горная порода
http://www.wikidata.org/entity/Q3393636,Q3393636,Point(6.7306 45.9653),2554,кристаллические сланцы
http://www.wikidata.org/entity/Q3393648,Pointe de Thivelet,Point(5.82194 45.4347),1231,известняк
http://www.wikidata.org/entity/Q3393661,Pointe de Vorlaz,Point(6.80028 46.18167),2346,осадочная горная порода
http://www.wikidata.org/entity/Q3393673,Pointe de la Gay,Point(6.57281 46.23053),1801,осадочная горная порода
http://www.wikidata.org/entity/Q3393695,Q3393695,Point(6.52722 46.2136),1548,осадочная горная порода
http://www.wikidata.org/entity/Q3393700,Pointe des Mossettes,Point(6.81623 46.19057),2277,осадочная горная порода
http://www.wikidata.org/entity/Q3393710,Pointe du Bouchet,Point(6.60416667 45.25388889),3420,метаморфическая горная порода
http://www.wikidata.org/entity/Q3393750,Pointes et aiguille de l'Épéna,Point(6.817222222 45.414166666),3421,метаморфическая горная порода
http://www.wikidata.org/entity/Q2346380,Кучай,Point(21.825 44.084),1284,известняк
http://www.wikidata.org/entity/Q2666931,Воямпольский,Point(161.033333333 58.616666666),1225,базальт
http://www.wikidata.org/entity/Q2666935,Гамчен,Point(160.700833333 54.973055555),2576,андезит
http://www.wikidata.org/entity/Q2669374,Адзума,Point(140.140556 37.738056),2035,андезит
http://www.wikidata.org/entity/Q2672570,Вулкан Дарвина,Point(-91.283333333 -0.183333333),1330,базальт
http://www.wikidata.org/entity/Q2693141,Vulturó,Point(1.636429478 42.285779884),2649,известняк
http://www.wikidata.org/entity/Q2723928,Эйяфьядлайёкюдль,Point(-19.62 63.63),1651,базальт
http://www.wikidata.org/entity/Q2734930,Голия,Point(20.276666666 43.337777777),1833,осадочная горная порода
http://www.wikidata.org/entity/Q2735827,Piz Bianco,Point(9.9065 46.384611111),3993,диорит
http://www.wikidata.org/entity/Q2737839,Ларрун,Point(-1.635555555 43.309166666),905,песчаник
http://www.wikidata.org/entity/Q2742554,Славянка,Point(23.69 41.286),2212,метаморфическая горная порода
http://www.wikidata.org/entity/Q2744214,Исидзути,Point(133.116666666 33.766666666),1982,андезит
http://www.wikidata.org/entity/Q3401505,Twyn Llech,Point(-3.084722222 52.008333333),703.6,песчаник
http://www.wikidata.org/entity/Q3408308,Provin Mountain,Point(-72.7039 42.0847),600,магматические горные породы
http://www.wikidata.org/entity/Q3114564,Grand Sarcoui,Point(2.9822 45.8145),1147,трахит
http://www.wikidata.org/entity/Q3114594,Q3114594,Point(4.07889 44.62),1511,гранит
http://www.wikidata.org/entity/Q3114902,Grande Balmaz,Point(6.49638889 45.89305556),2616,осадочная горная порода
http://www.wikidata.org/entity/Q3115031,La Grande Sure,Point(5.70333 45.3353),1920,известняк
http://www.wikidata.org/entity/Q3115145,Q3115145,Point(-64.576 45.912),160,осадочная горная порода
http://www.wikidata.org/entity/Q3116451,Пулар (вулкан),Point(-68.0665 -24.2005),6233,андезит
http://www.wikidata.org/entity/Q3116465,Cerro Macá,Point(-73.169166666 -45.105833333),2300,базальт
http://www.wikidata.org/entity/Q3116477,Grenier de Commune,Point(6.83305556 46.04555556),2775,осадочная горная порода
http://www.wikidata.org/entity/Q3116948,Гроппо,Point(40.232091666 11.718972222),930,Липарит
http://www.wikidata.org/entity/Q3116984,Гро-Морн (Реюньон),Point(55.466111111 -21.086111111),3019,базальт
http://www.wikidata.org/entity/Q3116984,Гро-Морн (Реюньон),Point(55.466111111 -21.086111111),3019,трахит
http://www.wikidata.org/entity/Q3119265,Гуфа,Point(42.533333333 12.55),600,базальт
http://www.wikidata.org/entity/Q3122365,Mugarra,Point(-2.679497222 43.152536111),964,известняк
http://www.wikidata.org/entity/Q3126765,Hanging Hills,Point(-72.82 41.56),1024,магматические горные породы
http://www.wikidata.org/entity/Q3126765,Hanging Hills,Point(-72.82 41.56),1024,осадочная горная порода
http://www.wikidata.org/entity/Q3128277,Hatchett Hill,Point(-72.7473 41.9273),510,магматические горные породы
http://www.wikidata.org/entity/Q3128277,Hatchett Hill,Point(-72.7475 41.9281),510,магматические горные породы
http://www.wikidata.org/entity/Q3128477,Q3128477,Point(4.53028 47.4444),490,осадочная горная порода
http://www.wikidata.org/entity/Q3128512,Q3128512,Point(6.54972222 46.17527778),1958,осадочная горная порода
http://www.wikidata.org/entity/Q3128527,Q3128527,Point(6.91194 47.8461),1252,гранит
http://www.wikidata.org/entity/Q3128541,Haute Crête,Point(5.83944 46.2303),1431,известняк
http://www.wikidata.org/entity/Q3131268,Ixtepeque,Point(-89.68 14.42),1292,Липарит
http://www.wikidata.org/entity/Q3131484,Nevado de Longaví,Point(-71.160833333 -36.193055555),3242,андезит
http://www.wikidata.org/entity/Q3132195,Taburete,Point(-88.532 13.435),1172,базальт
http://www.wikidata.org/entity/Q3132195,Taburete,Point(-88.532 13.435),1172,basaltic andesite
http://www.wikidata.org/entity/Q3132346,Mocho-Choshuenco,Point(-72.03323364 -39.921889),2422,андезит
http://www.wikidata.org/entity/Q3134374,Hertali,Point(40.33333333 9.78333333),900,базальт
http://www.wikidata.org/entity/Q3135330,Higby Mountain,Point(-72.74 41.55),272,магматические горные породы
http://www.wikidata.org/entity/Q3136226,Hirmentaz,Point(6.495 46.22972222),1607,осадочная горная порода
http://www.wikidata.org/entity/Q3138291,Bastiments,Point(2.232861818 42.426222404),2881,гнейс
http://www.wikidata.org/entity/Q3140126,Three Rock,Point(-6.239166666 53.245277777),448,гранит
http://www.wikidata.org/entity/Q3140792,Horse Ranch Mountain,Point(-113.158 37.4778),2665,осадочная горная порода
http://www.wikidata.org/entity/Q3140792,Horse Ranch Mountain,Point(-113.158 37.4778),8743,осадочная горная порода
http://www.wikidata.org/entity/Q3140865,Hortus,Point(3.83555556 43.79416667),512,известняк
http://www.wikidata.org/entity/Q3826627,Gran Tuc de Colomers,Point(0.937806989 42.589389693),2933,гранит
http://www.wikidata.org/entity/Q3154214,Ipizte,Point(-2.589444 43.077778),1062,известняк
http://www.wikidata.org/entity/Q3163385,Jbel Siroua,Point(-7.62226 30.70405),3304,трахит
http://www.wikidata.org/entity/Q3163385,Jbel Siroua,Point(-7.62138889 30.70388889),3304,трахит
http://www.wikidata.org/entity/Q3176503,Montardo,Point(0.87535335 42.633328057),2833,Гранодиорит
http://www.wikidata.org/entity/Q3178760,Aspe peak,Point(-0.565833 42.763462),2645,известняк
http://www.wikidata.org/entity/Q3192297,Kalška gora,Point(14.5464 46.34),2058,известняк
http://www.wikidata.org/entity/Q3192298,Kalški Greben,Point(14.5333 46.3167),2224,известняк
http://www.wikidata.org/entity/Q3192298,Kalški Greben,Point(14.53861111 46.33222222),2224,известняк
http://www.wikidata.org/entity/Q3194964,Kem Kem Beds,Point(-4.0 30.9),800,осадочная горная порода
http://www.wikidata.org/entity/Q3198279,Q3198279,Point(14.555556 46.355278),2100,известняк
http://www.wikidata.org/entity/Q3198899,Korath,Point(35.883888888 5.100833333),912,базальт
http://www.wikidata.org/entity/Q3199005,Koroška Rinka,Point(14.565 46.36675),2433,известняк
http://www.wikidata.org/entity/Q3199891,Krofička,Point(14.64527778 46.37555556),2083,известняк
http://www.wikidata.org/entity/Q3200621,Kurub,Point(41.20666667 11.88444444),625,базальт
http://www.wikidata.org/entity/Q3200621,Kurub,Point(41.21067 11.88514),625,базальт
http://www.wikidata.org/entity/Q3210247,Q3210247,Point(6.87611 48.2925),658,песчаник
http://www.wikidata.org/entity/Q3210888,Motte,Point(6.1528 47.6294),371,известняк
http://www.wikidata.org/entity/Q3216234,Laguna Mariñaqui,Point(-71.08 -38.37),2143,андезит
http://www.wikidata.org/entity/Q3216719,Lamentation Mountain,Point(-72.7625 41.574166666),720,магматические горные породы
http://www.wikidata.org/entity/Q3218575,Le Lauchenkopf,Point(7.03944444 47.95611111),1314,гранит
http://www.wikidata.org/entity/Q3410554,Puehu,Point(-155.513535 19.142533),96,базальт
http://www.wikidata.org/entity/Q3410862,Punta Artica,Point(8.970555555 42.264722222),2327,гранит
http://www.wikidata.org/entity/Q3410872,Punta della Vacca Morta,Point(9.16361 41.6556),1314,гранит
http://www.wikidata.org/entity/Q3411083,Puy Violent,Point(2.58921 45.12989),1592,базальт
http://www.wikidata.org/entity/Q3411095,Puy de Lassolas,Point(2.95828 45.71166),1187,базальт
http://www.wikidata.org/entity/Q3411096,Puy de Paugnat,Point(2.9778 45.8803),898,Пуццолан
http://www.wikidata.org/entity/Q3411102,Puy de la Vache,Point(2.96335 45.7054),1167,базальт
http://www.wikidata.org/entity/Q3411123,Пюи Шопена и Гутта,Point(2.955 45.8278),1181,трахит
http://www.wikidata.org/entity/Q3411127,Puyuhuapi,Point(-72.5968 -44.3334),524,базальт
http://www.wikidata.org/entity/Q3411127,Puyuhuapi,Point(-72.5667 -44.3167),524,базальт
http://www.wikidata.org/entity/Q3411127,Puyuhuapi,Point(-72.53333333 -44.3),524,базальт
http://www.wikidata.org/entity/Q3411148,Puu Honuaula,Point(-154.889 19.4802),185,базальт
http://www.wikidata.org/entity/Q3411151,Puu Kamoamoa,Point(-155.113 19.3866),624,базальт
http://www.wikidata.org/entity/Q3417166,Raduha,Point(14.73722222 46.40944444),2062,известняк
http://www.wikidata.org/entity/Q3417483,Ragged Mountain,Point(-72.8228 41.6175),232,магматические горные породы
http://www.wikidata.org/entity/Q3418009,Rajmahal Hills,Point(87.0 25.0),250,вулканические горные породы
http://www.wikidata.org/entity/Q3420159,Rattlesnake Mountain,Point(-72.8328 41.6997),750,магматические горные породы
http://www.wikidata.org/entity/Q3433332,Rittempierre,Point(6.95333333 48.31888889),611,песчаник
http://www.wikidata.org/entity/Q3437336,Roc d'Hozières,Point(2.64361 45.1144),1614,фонолит
http://www.wikidata.org/entity/Q3437338,Le Roc d'Enfer,Point(6.61027778 46.18944444),2244,осадочная горная порода
http://www.wikidata.org/entity/Q3437344,Roc de Gleisin,Point(5.84806 45.4422),1434,известняк
http://www.wikidata.org/entity/Q3437346,Roc de Montalet,Point(2.74229 43.68265),1259,гранит
http://www.wikidata.org/entity/Q3437346,Roc de Montalet,Point(2.7425 43.6831),1259,гранит
http://www.wikidata.org/entity/Q3437350,Roc des Bœufs,Point(6.16611 45.7542),1774,известняк
http://www.wikidata.org/entity/Q3437516,Roche Perfia,Point(6.51361111 45.91444444),2499,осадочная горная порода
http://www.wikidata.org/entity/Q3437521,Q3437521,Point(6.93222 48.2783),599,песчаник
http://www.wikidata.org/entity/Q3437533,Q3437533,Point(5.7528 46.4181),962,известняк
http://www.wikidata.org/entity/Q3437537,Rock of Vergisson,Point(4.716096 46.314272),485,известняк
http://www.wikidata.org/entity/Q3437539,Rock of Solutré,Point(4.71916667 46.29916667),493,известняк
http://www.wikidata.org/entity/Q3437542,Roche des Corbeaux,Point(6.95667 48.3219),669,песчаник
http://www.wikidata.org/entity/Q3566211,War Hill,Point(-6.25 53.1333),686,гранит
http://www.wikidata.org/entity/Q3566594,Stoh,Point(19.093983333 49.211683333),1606.6,известняк
http://www.wikidata.org/entity/Q3566594,Stoh,Point(19.09404 49.21179),1606.6,известняк
http://www.wikidata.org/entity/Q3567443,West Rock Ridge,Point(-72.978319444 41.380841666),700,магматические горные породы
http://www.wikidata.org/entity/Q3567443,West Rock Ridge,Point(-72.9626 41.3843),700,магматические горные породы
http://www.wikidata.org/entity/Q3571460,Пеньяголоса,Point(-0.34916667 40.22583333),1813,известняк
http://www.wikidata.org/entity/Q3571460,Пеньяголоса,Point(-0.34916667 40.22583333),1813,Мергель
http://www.wikidata.org/entity/Q3571555,Yangudi,Point(41.0425 10.58611111),1383,Липарит
http://www.wikidata.org/entity/Q3571838,Yanteles,Point(-72.8 -43.5),2042,андезит
http://www.wikidata.org/entity/Q3572470,Roques de Benet,Point(0.326553661 40.90065369),1017,известняк
http://www.wikidata.org/entity/Q3572470,Roques de Benet,Point(0.326553661 40.90065369),1017,доломит
http://www.wikidata.org/entity/Q3572772,You Yangs,Point(144.43 -37.95),319,магматические горные породы
http://www.wikidata.org/entity/Q3572772,You Yangs,Point(144.43 -37.95),319,метаморфическая горная порода
http://www.wikidata.org/entity/Q3572772,You Yangs,Point(144.43 -37.95),319,осадочная горная порода
http://www.wikidata.org/entity/Q3575132,Q3575132,Point(14.62139 46.35222),2127,известняк
http://www.wikidata.org/entity/Q3576334,East Zway,Point(38.933333 7.95),1889,базальт
http://www.wikidata.org/entity/Q3594296,Styria Mount Rinka,Point(14.5675 46.3669),2374,известняк
http://www.wikidata.org/entity/Q3594308,Štruca,Point(14.5525 46.36305556),2457,известняк
http://www.wikidata.org/entity/Q3594409,Żabi Koń,Point(20.07977 49.1788),2291,гранит
http://www.wikidata.org/entity/Q3594409,Żabi Koń,Point(20.08 49.178888888),2291,гранит
http://www.wikidata.org/entity/Q3629166,Kalsubai,Point(73.7 19.583333333),1646,базальт
http://www.wikidata.org/entity/Q3629166,Kalsubai,Point(73.7 19.583333333),1646,Латерит
http://www.wikidata.org/entity/Q3437550,Roche Écrite,Point(55.4608 -21.0147),2276,вулканические горные породы
http://www.wikidata.org/entity/Q3437599,Rocher aux Oiseaux,Point(0.9175 46.0133),368,гранит
http://www.wikidata.org/entity/Q3437624,Rochers d'Entreconque,Point(4.82583 43.7281),151,известняк
http://www.wikidata.org/entity/Q3437632,La Pène chain,Point(4.7775 43.7061),58,известняк
http://www.wikidata.org/entity/Q3442813,Rossberg,Point(7.00944 47.8208),1191,граувакка
http://www.wikidata.org/entity/Q3442815,Le Rossberg,Point(7.0847 48.17803),1130,гранит
http://www.wikidata.org/entity/Q3442970,Rothenbachkopf,Point(6.98111111 48.00027778),1315,глинистый сланец
http://www.wikidata.org/entity/Q3442970,Rothenbachkopf,Point(6.98111111 48.00027778),1315,граувакка
http://www.wikidata.org/entity/Q3443063,Roualle,Point(6.50255 45.90075),2435,осадочная горная порода
http://www.wikidata.org/entity/Q3443063,Roualle,Point(6.50255 45.90075),2589,осадочная горная порода
http://www.wikidata.org/entity/Q3443063,Roualle,Point(6.50277778 45.90083333),2435,осадочная горная порода
http://www.wikidata.org/entity/Q3443063,Roualle,Point(6.50277778 45.90083333),2589,осадочная горная порода
http://www.wikidata.org/entity/Q2755688,Q2755688,Point(-16.789076738 65.719749775),592,базальт
http://www.wikidata.org/entity/Q2755688,Q2755688,Point(-16.79277778 65.72083333),592,базальт
http://www.wikidata.org/entity/Q2782043,Grand Som,Point(5.81194 45.3706),2026,известняк
http://www.wikidata.org/entity/Q2827325,Агуас-Кальентес (вулкан),Point(-67.685 -23.368333333),5924,андезит
http://www.wikidata.org/entity/Q2827874,Aiguille de Chalais,Point(5.66055556 45.29388889),1089,известняк
http://www.wikidata.org/entity/Q2827875,Aiguille de Borderan,Point(6.47777778 45.88638889),2492,осадочная горная порода
http://www.wikidata.org/entity/Q2827878,Aiguille de Quaix,Point(5.72 45.26694444),1143,известняк
http://www.wikidata.org/entity/Q2827885,Aiguille de la Vanoise,Point(6.779166666 45.394722222),2797,мрамор
http://www.wikidata.org/entity/Q2827892,Aiguille du Fruit,Point(6.631944 45.355),3048,известняк
http://www.wikidata.org/entity/Q2828822,Aitz Txiki,Point(-2.627927777 43.118522222),791,известняк
http://www.wikidata.org/entity/Q2828834,Айскорри,Point(-2.3253425 42.9513544),1523,известняк
http://www.wikidata.org/entity/Q2838723,Alluitz,Point(-2.638961111 43.171363888),1034,известняк
http://www.wikidata.org/entity/Q2854575,Wayang-Windu,Point(107.63 -7.208),2182,андезит
http://www.wikidata.org/entity/Q2854860,Вулкан Перетолчина,Point(99.034722222 52.719166666),2044,базальт
http://www.wikidata.org/entity/Q2854860,Вулкан Перетолчина,Point(99.034722222 52.719166666),2050,базальт
http://www.wikidata.org/entity/Q2859683,Arbizon,Point(0.2725 42.87555556),2831,известняк
http://www.wikidata.org/entity/Q3647391,Jabal Arkanu,Point(24.7375 22.208888888),1435,гранит
http://www.wikidata.org/entity/Q2928813,Бутаджири-Силти,Point(38.358333333 8.05),2281,базальт
http://www.wikidata.org/entity/Q3219870,Lavínový štít,Point(20.130555555 49.167222222),2606,гранит
http://www.wikidata.org/entity/Q3221172,Le Cheval Blanc,Point(6.87278 46.0519),2830,осадочная горная порода
http://www.wikidata.org/entity/Q3221172,Le Cheval Blanc,Point(6.87278 46.0519),2831,осадочная горная порода
http://www.wikidata.org/entity/Q3223341,Le Grand Taureau,Point(6.43 46.9147),1323,осадочная горная порода
http://www.wikidata.org/entity/Q3224959,Ле-Моль,Point(6.455 46.10666667),1863,осадочная горная порода
http://www.wikidata.org/entity/Q3227441,Le Suchet,Point(6.46611111 46.77236111),1588,осадочная горная порода
http://www.wikidata.org/entity/Q3227523,Le Tanet,Point(7.05194 48.0833),1292,гранит
http://www.wikidata.org/entity/Q3228814,Ledinski vrh,Point(14.56 46.3744),2108,известняк
http://www.wikidata.org/entity/Q3236007,Les Valadous,Point(4.05917 44.6558),1548,гранит
http://www.wikidata.org/entity/Q3237117,Leungane,Point(-2.694444 43.146389),1009,известняк
http://www.wikidata.org/entity/Q3238130,Licto volcanic field,Point(-78.613 -1.78),3336,андезит
http://www.wikidata.org/entity/Q3259043,Long Mountain,Point(-72.4831 42.305),920,магматические горные породы
http://www.wikidata.org/entity/Q3268230,Lučka Baba,Point(14.6236 46.3581),2244,известняк
http://www.wikidata.org/entity/Q3268231,Lučki Dedec,Point(14.6381 46.3522),2023,известняк
http://www.wikidata.org/entity/Q3273421,Ma Alalta,Point(40.1844 13.0125),1815,трахит
http://www.wikidata.org/entity/Q3273421,Ma Alalta,Point(40.185 13.013),1815,трахит
http://www.wikidata.org/entity/Q3281124,Mala Rinka,Point(14.56926 46.3658223),2289,известняк
http://www.wikidata.org/entity/Q3282258,Malmont,Point(6.46 43.55916667),551,осадочная горная порода
http://www.wikidata.org/entity/Q3284720,Niżnie Rysy,Point(20.088333333 49.183888888),2430,гранит
http://www.wikidata.org/entity/Q3285392,Manda Gargori,Point(41.483 11.75),400,базальт
http://www.wikidata.org/entity/Q3285396,Manda Hararo,Point(40.81666667 12.16666667),600,базальт
http://www.wikidata.org/entity/Q3285402,Manda-Inakir,Point(42.333333333 12.633333333),600,базальт
http://www.wikidata.org/entity/Q3285978,Manitook Mountain,Point(-72.775833333 41.995),638,магматические горные породы
http://www.wikidata.org/entity/Q3297651,Q3297651,Point(3.7306 43.48),236,известняк
http://www.wikidata.org/entity/Q3297666,Massif des Montagnes Noires,Point(-72.25 19.0833),1793,осадочная горная порода
http://www.wikidata.org/entity/Q3297679,Q3297679,Point(5.551264 43.342177),731,известняк
http://www.wikidata.org/entity/Q3300184,Maunaiki,Point(-155.352 19.348),912,базальт
http://www.wikidata.org/entity/Q3303117,Mazerin,Point(55.5598 -21.0731),2065,вулканические горные породы
http://www.wikidata.org/entity/Q3303117,Mazerin,Point(55.5598 -21.0731),2092,вулканические горные породы
http://www.wikidata.org/entity/Q3303117,Mazerin,Point(55.559097 -21.072639),2065,вулканические горные породы
http://www.wikidata.org/entity/Q3303117,Mazerin,Point(55.559097 -21.072639),2092,вулканические горные породы
http://www.wikidata.org/entity/Q3303392,Maïdo,Point(55.387778 -21.068889),2205,вулканические горные породы
http://www.wikidata.org/entity/Q3305823,Menez Lokorn,Point(-4.18194 48.0992),289,песчаник
http://www.wikidata.org/entity/Q3306298,Tseax Cone,Point(-128.899 55.1108),610,базальт
http://www.wikidata.org/entity/Q3307610,Sierra de la Culebra,Point(-7.0038 41.9151),1076,аспидный сланец
http://www.wikidata.org/entity/Q3307610,Sierra de la Culebra,Point(-7.0038 41.9151),1243,аспидный сланец
http://www.wikidata.org/entity/Q3307610,Sierra de la Culebra,Point(-6.33361111 41.89833333),1076,аспидный сланец
http://www.wikidata.org/entity/Q3307610,Sierra de la Culebra,Point(-6.33361111 41.89833333),1243,аспидный сланец
http://www.wikidata.org/entity/Q3313744,Mikir Hills,Point(93.5 26.16666667),1360,метаморфическая горная порода
http://www.wikidata.org/entity/Q3315716,Miotte,Point(6.875 47.6481),459,метаморфическая горная порода
http://www.wikidata.org/entity/Q3317565,Moanbane,Point(-6.457968 53.102836),703,гранит
http://www.wikidata.org/entity/Q3321642,Адамс (подводный вулкан),Point(-129.266666666 -25.366666666),-39,базальт
http://www.wikidata.org/entity/Q3321653,Mount Albert,Point(-66.1949 48.9214),1151,Серпентин
http://www.wikidata.org/entity/Q3321659,Alexander Mountain,Point(35.1644444 32.5136111),527,осадочная горная порода
http://www.wikidata.org/entity/Q3321660,Mont Aorai,Point(-149.5 -17.616666666),2066,вулканические горные породы
http://www.wikidata.org/entity/Q3321660,Mont Aorai,Point(-149.495103 -17.614313),2066,вулканические горные породы
http://www.wikidata.org/entity/Q3321687,Mont Bayard,Point(5.8778 46.3919),907,Мергель
http://www.wikidata.org/entity/Q3321687,Mont Bayard,Point(5.8813 46.3941),907,Мергель
http://www.wikidata.org/entity/Q3321706,Mont Bouquet,Point(4.28583 44.1328),629,известняк
http://www.wikidata.org/entity/Q3321711,Monte Brunette,Point(12.8 42.883333333),1429,известняк
http://www.wikidata.org/entity/Q3321711,Monte Brunette,Point(12.804 42.885),1429,известняк
http://www.wikidata.org/entity/Q3321714,Mont Béas,Point(1.36165966 42.807620745),1903,известняк
http://www.wikidata.org/entity/Q3321720,Mont Buet,Point(6.8525 46.025),3096,осадочная горная порода
http://www.wikidata.org/entity/Q3321729,Q3321729,Point(-1.46667 49.2881),130,песчаник
http://www.wikidata.org/entity/Q3321730,Mont Caume,Point(5.90861 43.1844),804,известняк
http://www.wikidata.org/entity/Q3321736,Q3321736,Point(5.845 46.3636),911,известняк
http://www.wikidata.org/entity/Q3321741,Mont Charvin,Point(6.42027778 45.8025),2409,осадочная горная порода
http://www.wikidata.org/entity/Q3321753,Mont Châteleu,Point(6.57516 46.9899),1301,осадочная горная порода
http://www.wikidata.org/entity/Q3321776,Korydallós,Point(23.619 37.997),469,известняк
http://www.wikidata.org/entity/Q3321779,Mont Coudon,Point(6.0083 43.1603),702,известняк
http://www.wikidata.org/entity/Q3321787,Monte Cucco,Point(12.745769 43.368224),1566,известняк
http://www.wikidata.org/entity/Q2877938,Babors,Point(5.466666666 36.55),2004,гранит
http://www.wikidata.org/entity/Q2881455,Q2881455,Point(4.97722222 43.71833333),427,известняк
http://www.wikidata.org/entity/Q2883619,baou de Saint-Jeannet,Point(7.138056 43.750556),802,известняк
http://www.wikidata.org/entity/Q2883620,baou des Quatre Oures,Point(5.89388889 43.16388889),576,известняк
http://www.wikidata.org/entity/Q2884413,Bare Mountain,Point(-72.5314 42.3037),1014,магматические горные породы
http://www.wikidata.org/entity/Q2894272,Beltxu,Point(-1.04888889 43.15055556),1129,известняк
http://www.wikidata.org/entity/Q2894533,Beljanica,Point(21.69972222 44.11138889),1339,известняк
http://www.wikidata.org/entity/Q2894533,Beljanica,Point(21.709167 44.1185),1339,известняк
http://www.wikidata.org/entity/Q2896322,Benleagh,Point(-6.454103 52.988606),689,гранит
http://www.wikidata.org/entity/Q2899049,Needles,Point(-103.549 43.8369),2121,метаморфическая горная порода
http://www.wikidata.org/entity/Q2899856,Besek Mountain,Point(-72.74593 41.51343),260,магматические горные породы
http://www.wikidata.org/entity/Q2899856,Besek Mountain,Point(-72.745930555 41.513430555),260,магматические горные породы
http://www.wikidata.org/entity/Q2899922,Bessillon,Point(6.08 43.536707),813,осадочная горная порода
http://www.wikidata.org/entity/Q2900633,Джебель-Харун,Point(35.407 30.317),1396,песчаник
http://www.wikidata.org/entity/Q2910270,Bonnet de Prêtre,Point(55.4917 -21.15),1709,вулканические горные породы
http://www.wikidata.org/entity/Q2910270,Bonnet de Prêtre,Point(55.49167 -21.14953),1709,вулканические горные породы
http://www.wikidata.org/entity/Q2923491,Bradley Mountain,Point(-72.837777777 41.6575),679,магматические горные породы
http://www.wikidata.org/entity/Q2923663,Brana,Point(14.587556 46.354906),2259,известняк
http://www.wikidata.org/entity/Q2926036,Bronchard,Point(55.411667 -21.066111),1264,вулканические горные породы
http://www.wikidata.org/entity/Q2926036,Bronchard,Point(55.41182 -21.06575),1264,вулканические горные породы
http://www.wikidata.org/entity/Q3321810,Q3321810,Point(-1.56417 49.3267),129,песчаник
http://www.wikidata.org/entity/Q3321822,Mont Fier,Point(6.00045 46.46198),1282,осадочная горная порода
http://www.wikidata.org/entity/Q3321824,Monte Fionchi,Point(12.76706 42.6666),1337,известняк
http://www.wikidata.org/entity/Q3321824,Monte Fionchi,Point(12.772 42.674),1337,известняк
http://www.wikidata.org/entity/Q3321827,Mont fleuri,Point(6.53361 45.9328),2511,осадочная горная порода
http://www.wikidata.org/entity/Q3321830,Mont Forchat,Point(6.48833 46.2736),1539,осадочная горная порода
http://www.wikidata.org/entity/Q3321831,Monte Forzano,Point(12.5908 42.77),1086,известняк
http://www.wikidata.org/entity/Q3321831,Monte Forzano,Point(12.5686 42.8011),1086,известняк
http://www.wikidata.org/entity/Q3321838,Q3321838,Point(5.40944 46.4753),611,осадочная горная порода
http://www.wikidata.org/entity/Q3321857,Mount Gower,Point(159.072 -31.5903),875,вулканические горные породы
http://www.wikidata.org/entity/Q3321866,Mount Holyoke,Point(-72.586944444 42.300833333),935,магматические горные породы
http://www.wikidata.org/entity/Q3321880,Q3321880,Point(5.72472 45.2047),635,известняк
http://www.wikidata.org/entity/Q3321888,Mont Julioz,Point(6.16056 45.7072),1662,известняк
http://www.wikidata.org/entity/Q3321892,Mont Joigny,Point(5.89777778 45.49166667),1558,известняк
http://www.wikidata.org/entity/Q3321906,Mount Kupe,Point(9.707 4.801),2064,гранит
http://www.wikidata.org/entity/Q3321906,Mount Kupe,Point(9.71222222 4.80944444),2064,гранит
http://www.wikidata.org/entity/Q3321909,Mont Lachat,Point(6.35139 45.9275),2019,известняк
http://www.wikidata.org/entity/Q3321913,Mont Lambert,Point(1.65139 50.7175),189,мел
http://www.wikidata.org/entity/Q3321913,Mont Lambert,Point(1.6513 50.7181),189,мел
http://www.wikidata.org/entity/Q3321918,Mount Lidgbird,Point(159.083333333 -31.566666666),777,вулканические горные породы
http://www.wikidata.org/entity/Q3321942,Monte Martano,Point(12.576 42.783),1094,известняк
http://www.wikidata.org/entity/Q3321942,Monte Martano,Point(12.5675 42.8008),1094,известняк
http://www.wikidata.org/entity/Q3321950,Масим,Point(57.255 53.151944444),1040,метаморфическая горная порода
http://www.wikidata.org/entity/Q3321964,Mont Mukotaka,Point(-134.964 -23.1045),62,вулканические горные породы
http://www.wikidata.org/entity/Q3321964,Mont Mukotaka,Point(-134.964 -23.1045),211,вулканические горные породы
http://www.wikidata.org/entity/Q3321969,Mont Myon,Point(5.398692 46.328488),662,осадочная горная порода
http://www.wikidata.org/entity/Q3321974,Mount Nansen,Point(-137.303 62.1062),1827,Липарит
http://www.wikidata.org/entity/Q3321987,Mount Nonotuck,Point(-72.620277777 42.28),827,магматические горные породы
http://www.wikidata.org/entity/Q3321989,Mount Norwottuck,Point(-72.51 42.305555555),1106,магматические горные породы
http://www.wikidata.org/entity/Q3322000,Mount Olibano,Point(14.1414 40.8244),155,трахит
http://www.wikidata.org/entity/Q3861770,Monte Musinè,Point(7.45444444 45.11388889),1150,Серпентин
http://www.wikidata.org/entity/Q3483937,Silsean,Point(-6.47351 53.091921),698,гранит
http://www.wikidata.org/entity/Q3486391,Skuleberget,Point(18.346438967 63.074750395),295,Рапакиви
http://www.wikidata.org/entity/Q3486619,Sleeping Giant,Point(-72.890767 41.430636),225,магматические горные породы
http://www.wikidata.org/entity/Q3486619,Sleeping Giant,Point(-72.886944444 41.430277777),225,магматические горные породы
http://www.wikidata.org/entity/Q3487377,Soche,Point(-77.58 0.552),3955,Дацит
http://www.wikidata.org/entity/Q3488792,Sodore,Point(39.35 8.433),1765,базальт
http://www.wikidata.org/entity/Q3489488,Nipesotsu-Maruyama Volcanic Group,Point(143.0325 43.4567),2013,вулканические горные породы
http://www.wikidata.org/entity/Q3489900,Sommet de l'Entre-Deux,Point(55.50707 -21.13806),2228,вулканические горные породы
http://www.wikidata.org/entity/Q3489900,Sommet de l'Entre-Deux,Point(55.50707 -21.13806),2352,вулканические горные породы
http://www.wikidata.org/entity/Q3489900,Sommet de l'Entre-Deux,Point(55.5075 -21.1389),2228,вулканические горные породы
http://www.wikidata.org/entity/Q3489900,Sommet de l'Entre-Deux,Point(55.5075 -21.1389),2352,вулканические горные породы
http://www.wikidata.org/entity/Q3492323,Южные горы,Point(34.516666666 -9.166666666),2961,вулканические горные породы
http://www.wikidata.org/entity/Q3861856,Поллино (гора),Point(16.1883 39.9076),2248,известняк
http://www.wikidata.org/entity/Q3861872,Monte Priaforà,Point(11.31888889 45.78694444),1659,осадочная горная порода
http://www.wikidata.org/entity/Q3322008,Monte Olivia,Point(-68.215 -54.765),1470,метаморфическая горная порода
http://www.wikidata.org/entity/Q3322008,Monte Olivia,Point(-68.1738 -54.7497),1470,метаморфическая горная порода
http://www.wikidata.org/entity/Q3322014,Mont Outheran,Point(5.845 45.46583333),1676,известняк
http://www.wikidata.org/entity/Q3322015,Mont Ouzon,Point(6.644444444 46.299722222),1880,осадочная горная порода
http://www.wikidata.org/entity/Q3322022,Monte Patino,Point(13.1406 42.8239),1883,известняк
http://www.wikidata.org/entity/Q3322056,Mont Risoux,Point(6.24222 46.6608),1419,известняк
http://www.wikidata.org/entity/Q3322059,Mont Rivel,Point(5.92639 46.7608),812,известняк
http://www.wikidata.org/entity/Q3322065,Mont Rome,Point(4.61194 46.9028),546,известняк
http://www.wikidata.org/entity/Q3322069,Q3322069,Point(4.84 47.9603),350,осадочная горная порода
http://www.wikidata.org/entity/Q3322086,Mont Sainte-Anne,Point(-64.2397 48.5214),340,Конгломерат
http://www.wikidata.org/entity/Q3322100,Мон-Серэн,Point(5.260833333 44.185277777),1437,известняк
http://www.wikidata.org/entity/Q3322116,Monte Solenne,Point(12.8001 42.65757),1286,известняк
http://www.wikidata.org/entity/Q3322116,Monte Solenne,Point(12.8 42.6581),1286,известняк
http://www.wikidata.org/entity/Q3470262,Saltonstall Mountain,Point(-72.8 41.324),98,магматические горные породы
http://www.wikidata.org/entity/Q3471404,San Diego,Point(-89.480252777 14.271911111),781,базальт
http://www.wikidata.org/entity/Q3475452,Le Schneeberg,Point(7.286788 48.601216),961,песчаник
http://www.wikidata.org/entity/Q3479907,Serra di Burano,Point(12.5817 43.4441),1020,известняк
http://www.wikidata.org/entity/Q3479969,Q3479969,Point(5.24361 44.6608),1195,осадочная горная порода
http://www.wikidata.org/entity/Q3480795,Seven Sisters,Point(-72.5645 42.3038),945,магматические горные породы
http://www.wikidata.org/entity/Q3482518,Short Mountain,Point(-72.8242 41.6025),530,магматические горные породы
http://www.wikidata.org/entity/Q3483447,"Sierra Juárez, Oaxaca",Point(-96.66666667 17.58333333),3250,осадочная горная порода
http://www.wikidata.org/entity/Q3483582,Signal d'Uchon,Point(4.25028 46.8044),681,гранит
http://www.wikidata.org/entity/Q3650080,Кельское плато,Point(44.25 42.45),3736,Дацит
http://www.wikidata.org/entity/Q3650080,Кельское плато,Point(44.36333333 42.52111111),3736,Дацит
http://www.wikidata.org/entity/Q3665091,Церера (гора),Point(16.919722222 79.135277777),1675,гранит
http://www.wikidata.org/entity/Q3665723,Чедвик (гора),Point(16.781388888 79.095),1640,гранит
http://www.wikidata.org/entity/Q3676783,Cima dei Bureloni,Point(11.83201 46.29796),3130,известняк
http://www.wikidata.org/entity/Q3676783,Cima dei Bureloni,Point(11.8316 46.2984),3130,известняк
http://www.wikidata.org/entity/Q3939468,Roche du Chardonnet,Point(6.54889 45.1019),2950,кристаллические сланцы
http://www.wikidata.org/entity/Q3957956,Serra Dolcedorme,Point(16.2159 39.8943),2267,известняк
http://www.wikidata.org/entity/Q5015822,Cabrera (Santa Maria de Corcó),Point(2.407271548 42.075996177),1308,песчаник
http://www.wikidata.org/entity/Q5015822,Cabrera (Santa Maria de Corcó),Point(2.407271548 42.075996177),1308,Мергель
http://www.wikidata.org/entity/Q5034453,Cap de Boumort,Point(1.134683872 42.235009713),2077,известняк
http://www.wikidata.org/entity/Q5034453,Cap de Boumort,Point(1.134683872 42.235009713),2077,Мергель
http://www.wikidata.org/entity/Q5034453,Cap de Boumort,Point(1.134683872 42.235009713),2077,доломит
http://www.wikidata.org/entity/Q5034455,Cap del Verd,Point(1.613706013 42.200814732),2284,известняк
http://www.wikidata.org/entity/Q4521182,Омото (гора),Point(124.18333333 24.42722222),525,гранит
http://www.wikidata.org/entity/Q3695432,Mount Hōō,Point(138.30444444 35.70166667),2840,гранит
http://www.wikidata.org/entity/Q3695461,Mount Kasa,Point(137.55063 36.31568),2897,порфир
http://www.wikidata.org/entity/Q3695461,Mount Kasa,Point(137.61666667 36.31527778),2897,порфир
http://www.wikidata.org/entity/Q3695986,Mount Sobo,Point(131.346944444 32.828055555),1756,гранит
http://www.wikidata.org/entity/Q3697995,Croce Rossa,Point(7.13194 45.2608),3566,серпентинит
http://www.wikidata.org/entity/Q3697995,Croce Rossa,Point(7.13495 45.26103),3566,серпентинит
http://www.wikidata.org/entity/Q3705534,Dents d'Ambin,Point(6.89323 45.1695),3372,метаморфическая горная порода
http://www.wikidata.org/entity/Q5052261,Cathedral Peak,Point(-119.405 37.8477),3326,гранит
http://www.wikidata.org/entity/Q3957966,Serra del Prete,Point(16.2 39.98),2181,известняк
http://www.wikidata.org/entity/Q3999930,Tsanteleina,Point(7.045934 45.47955),3602,мрамор
http://www.wikidata.org/entity/Q5097651,Chilcotin Plateau,Point(-123.416666666 52.166666666),2495,базальт
http://www.wikidata.org/entity/Q5102731,Pointe des Savolaires,Point(7.086027777 46.235361111),2294,осадочная горная порода
http://www.wikidata.org/entity/Q3751950,Сьерра-де-Айльон,Point(-3.43333 41.1667),2272,гранит
http://www.wikidata.org/entity/Q3751950,Сьерра-де-Айльон,Point(-3.43333 41.1667),2272,гнейс
http://www.wikidata.org/entity/Q3751950,Сьерра-де-Айльон,Point(-3.43333 41.1667),2272,аспидный сланец
http://www.wikidata.org/entity/Q3757630,Пик Галилея,Point(17.317777777 79.033888888),1637,гранит
http://www.wikidata.org/entity/Q3773263,Roca Entravessada,Point(1.442189 42.598398),2929,песчаник
http://www.wikidata.org/entity/Q3773263,Roca Entravessada,Point(1.442189 42.598398),2929,lutite
http://www.wikidata.org/entity/Q3776656,La Tossa d'Alp,Point(1.892660876 42.32057505),2536,известняк
http://www.wikidata.org/entity/Q5120045,Costa Pubilla,Point(2.08066391 42.285716936),2056,известняк
http://www.wikidata.org/entity/Q5120045,Costa Pubilla,Point(2.08066391 42.285716936),2056,lutite
http://www.wikidata.org/entity/Q5120047,Cim del Mont-roig,Point(1.1768 42.7108),2864,песчаник
http://www.wikidata.org/entity/Q5120047,Cim del Mont-roig,Point(1.1768 42.7108),2864,lutite
http://www.wikidata.org/entity/Q5120896,Mount Nokogiri,Point(139.840833333 35.160277777),329.4,вулканический туф
http://www.wikidata.org/entity/Q5131098,Puig de l'Àliga (Sant Pere de Torelló),Point(2.349317748 42.109015134),1344,песчаник
http://www.wikidata.org/entity/Q5131098,Puig de l'Àliga (Sant Pere de Torelló),Point(2.349317748 42.109015134),1344,Мергель
http://www.wikidata.org/entity/Q5131098,Puig de l'Àliga (Sant Pere de Torelló),Point(2.349317748 42.109015134),1344,Конгломерат
http://www.wikidata.org/entity/Q5150470,Coma del Clot,Point(2.185278 42.396667),2739,кристаллические сланцы
http://www.wikidata.org/entity/Q5150470,Coma del Clot,Point(2.185278 42.396667),2739,мрамор
http://www.wikidata.org/entity/Q5150470,Coma del Clot,Point(2.185278 42.396667),2739,гнейс
http://www.wikidata.org/entity/Q5150472,Comabona,Point(1.72723092 42.283725664),2548,известняк
http://www.wikidata.org/entity/Q5325192,Eagle Peak,Point(-119.615 37.746),7783,гранит
http://www.wikidata.org/entity/Q5184752,Creu de Santos,Point(0.586018857 40.940688749),942,доломит
http://www.wikidata.org/entity/Q4095861,Брат (гора),Point(133.01883 42.85916),242,известняк
http://www.wikidata.org/entity/Q5194697,Curecanti Needle,Point(-107.414 38.4489),7739,гранит
http://www.wikidata.org/entity/Q5259383,Dent du Lan,Point(6.77480556 46.34711111),2087,осадочная горная порода
http://www.wikidata.org/entity/Q4818852,Atwell Peak,Point(-123.009 49.8411),2655,Дацит
http://www.wikidata.org/entity/Q4694562,Aguja Saint Exupery,Point(-73.03825 -49.288472222),2558,гранит
http://www.wikidata.org/entity/Q4750906,Anahim Volcanic Belt,Point(-125.833333333 52.666666666),2410,базальт
http://www.wikidata.org/entity/Q5351039,El Cogul,Point(1.639453291 42.110034681),1526,Конгломерат
http://www.wikidata.org/entity/Q5351076,El Coscollet,Point(1.267512826 42.114143955),1610,известняк
http://www.wikidata.org/entity/Q5351265,El Far,Point(2.536638709 42.020840819),1124,известняк
http://www.wikidata.org/entity/Q5351613,El Moixer,Point(2.73015 42.42278),1443,кристаллические сланцы
http://www.wikidata.org/entity/Q5351613,El Moixer,Point(2.73015 42.42278),1443,мрамор
http://www.wikidata.org/entity/Q5351613,El Moixer,Point(2.73015 42.42278),1443,гнейс
http://www.wikidata.org/entity/Q5351683,El Negrell,Point(0.227329062 40.734157037),1345,доломит
http://www.wikidata.org/entity/Q5352208,El Sui,Point(2.345652 41.749114),1319,Филлит
http://www.wikidata.org/entity/Q5352208,El Sui,Point(2.345652 41.749114),1319,роговик
http://www.wikidata.org/entity/Q5357043,Mount E,Point(141.16611111 41.80472222),618,андезит
http://www.wikidata.org/entity/Q5367368,Els Munts,Point(2.153281215 42.078726342),1057,песчаник
http://www.wikidata.org/entity/Q5367368,Els Munts,Point(2.153281215 42.078726342),1057,Мергель
http://www.wikidata.org/entity/Q5367368,Els Munts,Point(2.153281215 42.078726342),1057,Конгломерат
http://www.wikidata.org/entity/Q4143432,Гора Карпинского,Point(60.191911111 65.064436111),1803.4,кварцит
http://www.wikidata.org/entity/Q4143432,Гора Карпинского,Point(60.191911111 65.064436111),1803.4,сланцы
http://www.wikidata.org/entity/Q4202646,Иодзан,Point(145.165278 44.130833),1562,андезит
http://www.wikidata.org/entity/Q4202646,Иодзан,Point(145.165278 44.130833),1563,андезит
http://www.wikidata.org/entity/Q4202646,Иодзан,Point(145.161111111 44.133333333),1562,андезит
http://www.wikidata.org/entity/Q4202646,Иодзан,Point(145.161111111 44.133333333),1563,андезит
http://www.wikidata.org/entity/Q4244751,Кузгунташ,Point(58.365833333 53.109722222),987,вулканические горные породы
http://www.wikidata.org/entity/Q4244751,Кузгунташ,Point(58.366944444 53.108888888),987,вулканические горные породы
http://www.wikidata.org/entity/Q4850026,Balandrau,Point(2.219565879 42.370106555),2585,кристаллические сланцы
http://www.wikidata.org/entity/Q4850026,Balandrau,Point(2.219565879 42.370106555),2585,мрамор
http://www.wikidata.org/entity/Q4850026,Balandrau,Point(2.219565879 42.370106555),2585,гнейс
http://www.wikidata.org/entity/Q4884080,Bellmunt,Point(2.293750275 42.101535471),1248,песчаник
http://www.wikidata.org/entity/Q4884080,Bellmunt,Point(2.293750275 42.101535471),1248,ил
http://www.wikidata.org/entity/Q4887373,Lo Corrunco,Point(0.828503168 42.46212408),2543,известняк
http://www.wikidata.org/entity/Q4887373,Lo Corrunco,Point(0.828503168 42.46212408),2543,аспидный сланец
http://www.wikidata.org/entity/Q4889555,Comanegra,Point(2.527760928 42.333307252),1557,Мергель
http://www.wikidata.org/entity/Q4892698,Pic de Costa Cabirolera,Point(1.670418 42.281459),2604,известняк
http://www.wikidata.org/entity/Q4893362,Turó de l'Home,Point(2.434813 41.776488),1706,Филлит
http://www.wikidata.org/entity/Q4893362,Turó de l'Home,Point(2.434813 41.776488),1706,роговик
http://www.wikidata.org/entity/Q4894784,Puig de Bassegoda,Point(2.630728208 42.312799842),1373,известняк
http://www.wikidata.org/entity/Q4894784,Puig de Bassegoda,Point(2.630728208 42.312799842),1373,доломит
http://www.wikidata.org/entity/Q4895920,Montcau,Point(2.004626876 41.675041266),1057,Конгломерат
http://www.wikidata.org/entity/Q4895920,Montcau,Point(2.004626876 41.675041266),1057,lutite
http://www.wikidata.org/entity/Q4896263,Besiberri del Mig,Point(0.82496944 42.59989167),2995,гранит
http://www.wikidata.org/entity/Q4896265,Besiberri Nord,Point(0.826303718 42.60525698),3008,гранит
http://www.wikidata.org/entity/Q5692054,Heart Peaks,Point(-131.963 58.5989),2012,базальт
http://www.wikidata.org/entity/Q4292810,Мидл-Палисейд,Point(-118.4682 37.0705),14018,магматические горные породы
http://www.wikidata.org/entity/Q4327485,Норт-Палисейд (гора),Point(-118.5145 37.0943),4343,магматические горные породы
http://www.wikidata.org/entity/Q4352520,Kgale Hill,Point(25.86528 -24.69278),1165,гранит
http://www.wikidata.org/entity/Q4352520,Kgale Hill,Point(25.86528 -24.69278),1287,гранит
http://www.wikidata.org/entity/Q4352520,Kgale Hill,Point(25.8678 -24.6957),1165,гранит
http://www.wikidata.org/entity/Q4352520,Kgale Hill,Point(25.8678 -24.6957),1287,гранит
http://www.wikidata.org/entity/Q4354732,Худу,Point(-131.294444444 56.772222222),1850,фонолит
http://www.wikidata.org/entity/Q4390381,"Рассел (гора, Калифорния)",Point(-118.290833333 36.59),14094,гранит
http://www.wikidata.org/entity/Q5757442,High Willhays,Point(-4.0111985 50.685174),621,гранит
http://www.wikidata.org/entity/Q5763132,Cerro Murallón,Point(-73.451111 -49.789444),2656,гранит
http://www.wikidata.org/entity/Q5793178,Pico Urbión,Point(-2.877978 42.012009),2228,аспидный сланец
http://www.wikidata.org/entity/Q4417945,Сестра (гора),Point(132.99369 42.8277),318,известняк
http://www.wikidata.org/entity/Q4419260,Силл (гора),Point(-118.502883333 37.094377777),14159,гранит
http://www.wikidata.org/entity/Q4437980,"Сплит (гора, Калифорния)",Point(-118.422222222 37.020833333),14064,Гранодиорит
http://www.wikidata.org/entity/Q4438004,Спокойный (вулкан),Point(160.81666667 58.13333333),2171,Дацит
http://www.wikidata.org/entity/Q4438004,Спокойный (вулкан),Point(160.816666666 58.133333333),2171,Дацит
http://www.wikidata.org/entity/Q4457828,Тиндалл (гора),Point(-118.337 36.655),14025,гранит
http://www.wikidata.org/entity/Q4468440,Уайт-Маунтин-Пик,Point(-118.255555555 37.634166666),4344,осадочная горная порода
http://www.wikidata.org/entity/Q5590537,Gra de Fajol,Point(2.247755 42.41548),2714,гнейс
http://www.wikidata.org/entity/Q5590538,Gra de Fajol Petit,Point(2.25964444 42.41324722),2567,гнейс
http://www.wikidata.org/entity/Q5592590,Gragareth,Point(-2.4814 54.2085),628,известняк
http://www.wikidata.org/entity/Q6352347,Mount Bukō,Point(139.097777777 35.951666666),1304,известняк
http://www.wikidata.org/entity/Q6352347,Mount Bukō,Point(139.09944 35.95222),1304,известняк
http://www.wikidata.org/entity/Q6919725,Mount Biei,Point(142.706388888 43.44),2052,магматические горные породы
http://www.wikidata.org/entity/Q6919725,Mount Biei,Point(142.7117 43.4358),2052,магматические горные породы
http://www.wikidata.org/entity/Q6919794,Mount Boucherie,Point(-119.581 49.8539),758,Липарит
http://www.wikidata.org/entity/Q6427027,Kolana Rock,Point(-119.76 37.9524),5774,гранит
http://www.wikidata.org/entity/Q6651562,Little Ring Mountain,Point(-123.315555555 50.279166666),2165,андезит
http://www.wikidata.org/entity/Q6022495,Monte Shipton,Point(-69.5983 -54.6592),2469,метаморфическая горная порода
http://www.wikidata.org/entity/Q6073934,Penya del Moro,Point(2.068811 41.396834),275,аспидный сланец
http://www.wikidata.org/entity/Q6920894,Mount Gibbs,Point(-119.212 37.8771),12779,метаморфическая горная порода
http://www.wikidata.org/entity/Q6921026,Mount Hako,Point(142.412222222 44.665833333),1129.4,магматические горные породы
http://www.wikidata.org/entity/Q6461537,La Carabassa,Point(1.727173598 42.457979714),2740,песчаник
http://www.wikidata.org/entity/Q6461537,La Carabassa,Point(1.727173598 42.457979714),2740,lutite
http://www.wikidata.org/entity/Q6462598,La Foradada,Point(0.54421 40.632308),655,известняк
http://www.wikidata.org/entity/Q6462598,La Foradada,Point(0.54421 40.632308),655,Мергель
http://www.wikidata.org/entity/Q6463887,La Miranda,Point(0.862623 41.092629),919,известняк
http://www.wikidata.org/entity/Q6463934,La Moleta,Point(0.417868 40.899297),812,известняк
http://www.wikidata.org/entity/Q6463934,La Moleta,Point(0.417868 40.899297),812,Мергель
http://www.wikidata.org/entity/Q6463934,La Moleta,Point(0.417868 40.899297),812,доломит
http://www.wikidata.org/entity/Q6092626,Puig Marí,Point(2.730416 41.754554),232.6,базальт
http://www.wikidata.org/entity/Q6743484,Tuc de Molières,Point(0.698560841 42.629479055),3010,гранит
http://www.wikidata.org/entity/Q6748219,Tossal dels Tres Reis,Point(0.170231508 40.732788284),1350,известняк
http://www.wikidata.org/entity/Q6748219,Tossal dels Tres Reis,Point(0.170231508 40.732788284),1350,Мергель
http://www.wikidata.org/entity/Q6758738,Mare de Déu del Mont,Point(2.706296616 42.25884596),1125,песчаник
http://www.wikidata.org/entity/Q6758738,Mare de Déu del Mont,Point(2.706296616 42.25884596),1125,известняк
http://www.wikidata.org/entity/Q6785970,Matagalls,Point(2.382617784 41.808817488),1697,Филлит
http://www.wikidata.org/entity/Q6785970,Matagalls,Point(2.382617784 41.808817488),1697,роговик
http://www.wikidata.org/entity/Q6921671,Mount Kinka,Point(136.781388888 35.433333333),329,кремнистый сланец
http://www.wikidata.org/entity/Q6922452,Mount Noro,Point(132.683333333 34.266666666),839,магматические горные породы
http://www.wikidata.org/entity/Q6922495,Mount Okukane,Point(137.672917 36.687639),1543,гранит
http://www.wikidata.org/entity/Q6922495,Mount Okukane,Point(137.67349722 36.68828056),1543,гранит
http://www.wikidata.org/entity/Q6922500,Mount Okutoppu,Point(141.5075 43.67694444),1346,вулканические горные породы
http://www.wikidata.org/entity/Q6922592,Mount Onnebetsu,Point(145.01232 43.99306),1330.2,андезит
http://www.wikidata.org/entity/Q6922592,Mount Onnebetsu,Point(145.01333333 43.99333333),1330.2,андезит
http://www.wikidata.org/entity/Q6922620,Mount Oupay,Point(13.7803 10.8876),1494,гранит
http://www.wikidata.org/entity/Q6922620,Mount Oupay,Point(13.78333333 10.88333333),1494,гранит
http://www.wikidata.org/entity/Q6529125,Les Agudes,Point(2.443954803 41.789333525),1705,Филлит
http://www.wikidata.org/entity/Q6529125,Les Agudes,Point(2.443954803 41.789333525),1705,роговик
http://www.wikidata.org/entity/Q6529253,Les Borregues,Point(2.247721441 42.396322075),2693,известняк
http://www.wikidata.org/entity/Q6529253,Les Borregues,Point(2.247721441 42.396322075),2693,мрамор
http://www.wikidata.org/entity/Q6529253,Les Borregues,Point(2.247721441 42.396322075),2693,доломит
http://www.wikidata.org/entity/Q6921689,Mount Kinpu,Point(138.625277777 35.871666666),2599,гранит
http://www.wikidata.org/entity/Q6921695,Mount Koizumi,Point(142.921111111 43.667222222),2158,вулканические горные породы
http://www.wikidata.org/entity/Q6921760,"Лэнгли (гора, Калифорния)",Point(-118.238888888 36.523333333),14032,гранит
http://www.wikidata.org/entity/Q6922767,Mount Pippu,Point(142.86278 43.69891),2197,вулканические горные породы
http://www.wikidata.org/entity/Q6922767,Mount Pippu,Point(142.863055555 43.698888888),2197,вулканические горные породы
http://www.wikidata.org/entity/Q6923162,Mount Rebun,Point(141.0125 45.3683),490,осадочная горная порода
http://www.wikidata.org/entity/Q6923162,Mount Rebun,Point(141.015833333 45.3725),490,осадочная горная порода
http://www.wikidata.org/entity/Q6568057,Nazko Cone,Point(-123.734 52.9272),1230,базальт
http://www.wikidata.org/entity/Q6923566,Сенцу,Point(133.17861111 35.15583333),1142,гранит
http://www.wikidata.org/entity/Q6923625,Mount Shokanbetsu,Point(141.52305556 43.71583333),1491.6,вулканические горные породы
http://www.wikidata.org/entity/Q6923778,Mount Spickard,Point(-121.241 48.9697),2737,гнейс
http://www.wikidata.org/entity/Q6850793,Milany,Point(2.28960053 42.165554273),1529,песчаник
http://www.wikidata.org/entity/Q6850793,Milany,Point(2.28960053 42.165554273),1529,lutite
http://www.wikidata.org/entity/Q6885977,Mnich,Point(20.055 49.1925),2068,гранит
http://www.wikidata.org/entity/Q7079858,Ogawayama,Point(138.61222222 35.90916667),2418,гранит
http://www.wikidata.org/entity/Q6921987,Mount Mamiya,Point(142.872777777 43.671944444),2185,вулканические горные породы
http://www.wikidata.org/entity/Q7334720,Ring Mountain,Point(-123.299 50.2214),2192,андезит
http://www.wikidata.org/entity/Q7353669,Roc de la Guàrdia,Point(2.203739 41.825269),891,песчаник
http://www.wikidata.org/entity/Q7353669,Roc de la Guàrdia,Point(2.203739 41.825269),891,Мергель
http://www.wikidata.org/entity/Q7353669,Roc de la Guàrdia,Point(2.203739 41.825269),891,Конгломерат
http://www.wikidata.org/entity/Q7353670,Roc del Comptador,Point(2.727290985 42.422791191),1451,гнейс
http://www.wikidata.org/entity/Q7353676,Roca de la Feixa,Point(0.83874167 42.50355278),2093,песчаник
http://www.wikidata.org/entity/Q7353676,Roca de la Feixa,Point(0.83874167 42.50355278),2093,lutite
http://www.wikidata.org/entity/Q7353679,Rocallarga,Point(2.445601364 42.00980943),1187,песчаник
http://www.wikidata.org/entity/Q7353679,Rocallarga,Point(2.445601364 42.00980943),1187,глина
http://www.wikidata.org/entity/Q7353679,Rocallarga,Point(2.445601364 42.00980943),1187,Конгломерат
http://www.wikidata.org/entity/Q6895629,Mola de Colldejou,Point(0.8739614 41.107465464),922,Брекчия
http://www.wikidata.org/entity/Q6895635,Molacima,Point(0.525278 40.6075),748,известняк
http://www.wikidata.org/entity/Q6895635,Molacima,Point(0.525278 40.6075),748,Мергель
http://www.wikidata.org/entity/Q6896098,Moles de Xert,Point(0.15194444 40.53166667),806,известняк
http://www.wikidata.org/entity/Q6896098,Moles de Xert,Point(0.16737 40.53843),806,известняк
http://www.wikidata.org/entity/Q6904169,Montagut d'Ancosa,Point(1.422261588 41.406877696),963,известняк
http://www.wikidata.org/entity/Q6904169,Montagut d'Ancosa,Point(1.422261588 41.406877696),963,доломит
http://www.wikidata.org/entity/Q6904197,Montalt,Point(0.803218722 41.068334564),766,известняк
http://www.wikidata.org/entity/Q6904197,Montalt,Point(0.803218722 41.068334564),766,доломит
http://www.wikidata.org/entity/Q6904469,Montau,Point(1.88500083 41.345863624),658,известняк
http://www.wikidata.org/entity/Q6906569,Montsent de Pallars,Point(1.024422657 42.490110628),2883,мрамор
http://www.wikidata.org/entity/Q6906569,Montsent de Pallars,Point(1.024422657 42.490110628),2883,порфир
http://www.wikidata.org/entity/Q6906641,Monturull,Point(1.580997164 42.449949994),2760,метаморфическая горная порода
http://www.wikidata.org/entity/Q6913486,Morral de Cabrafeixet,Point(0.625154 40.898477),753,доломит
http://www.wikidata.org/entity/Q6923841,Mount Starr King,Point(-119.518 37.7027),9096,гранит
http://www.wikidata.org/entity/Q6924093,Mount Teshio,Point(142.888055555 43.964444444),1557.6,felsic rock
http://www.wikidata.org/entity/Q6924171,Mount Trafalgar,Point(149.16666667 -9.15),1495,андезит
http://www.wikidata.org/entity/Q6919280,Mount Ahoro,Point(144.070833333 43.517222222),977,базальт
http://www.wikidata.org/entity/Q6919284,Mount Aibetsu,Point(142.857222222 43.708055555),2112.7,вулканические горные породы
http://www.wikidata.org/entity/Q7357513,Rodó de Canalbona,Point(1.401701 42.662585),3004,песчаник
http://www.wikidata.org/entity/Q7357513,Rodó de Canalbona,Point(1.401701 42.662585),3004,lutite
http://www.wikidata.org/entity/Q7152210,Puntal dels Escambrons,Point(0.4325 41.275833),495,известняк
http://www.wikidata.org/entity/Q7152210,Puntal dels Escambrons,Point(0.4325 41.275833),495,глина
http://www.wikidata.org/entity/Q7152210,Puntal dels Escambrons,Point(0.4325 41.275833),495,Мергель
http://www.wikidata.org/entity/Q7160088,Pedró dels Quatre Batlles,Point(1.520910234 42.184795558),2387,известняк
http://www.wikidata.org/entity/Q7165403,penyes Altes de Moixeró,Point(1.842474821 42.3063002),2276,известняк
http://www.wikidata.org/entity/Q7165403,penyes Altes de Moixeró,Point(1.842474821 42.3063002),2276,lutite
http://www.wikidata.org/entity/Q7190453,Pic Morto,Point(0.98731944 42.55391944),2902,гранит
http://www.wikidata.org/entity/Q7190454,Pic Petit de Segre,Point(2.1148 42.39411667),2810.5,песчаник
http://www.wikidata.org/entity/Q7190454,Pic Petit de Segre,Point(2.1148 42.39411667),2810.5,lutite
http://www.wikidata.org/entity/Q7190457,Pic Verdaguer,Point(1.396938888 42.668061111),3129,песчаник
http://www.wikidata.org/entity/Q7190457,Pic Verdaguer,Point(1.396938888 42.668061111),3129,lutite
http://www.wikidata.org/entity/Q7190458,Pic de Contraix,Point(0.906931 42.58524),2958,гранит
http://www.wikidata.org/entity/Q7190459,Pic de Canalbona,Point(1.405891 42.656583),2965,песчаник
http://www.wikidata.org/entity/Q7190459,Pic de Canalbona,Point(1.405891 42.656583),2965,lutite
http://www.wikidata.org/entity/Q7190460,Pic de Finestrelles,Point(2.133535 42.41445278),2826,песчаник
http://www.wikidata.org/entity/Q7190460,Pic de Finestrelles,Point(2.133535 42.41445278),2826,lutite
http://www.wikidata.org/entity/Q7190463,Pic de Noucreus,Point(2.184167 42.419444),2801,мрамор
http://www.wikidata.org/entity/Q7190463,Pic de Noucreus,Point(2.184167 42.419444),2801,гнейс
http://www.wikidata.org/entity/Q7190463,Pic de Noucreus,Point(2.184167 42.419444),2801,сланцы
http://www.wikidata.org/entity/Q7190465,Pic de Peguera,Point(1.011958284 42.540541256),2983,гранит
http://www.wikidata.org/entity/Q7190467,Pic de Salòria,Point(1.385137577 42.514449084),2789,песчаник
http://www.wikidata.org/entity/Q7190467,Pic de Salòria,Point(1.385137577 42.514449084),2789,lutite
http://www.wikidata.org/entity/Q7190469,Pic de Subenuix,Point(0.979380978 42.554947073),2950,гранит
http://www.wikidata.org/entity/Q7190472,Pic de la Pala Alta de Sarradé,Point(0.890942673 42.57471325),2983,Гранодиорит
http://www.wikidata.org/entity/Q7193753,Pilanesberg,Point(27.075833333 -25.240277777),1687,вулканические горные породы
http://www.wikidata.org/entity/Q7194453,Pilot Rock,Point(-122.561 42.0307),5910,андезит
http://www.wikidata.org/entity/Q7194558,Piló dels Senyalets,Point(0.826388888 41.281666666),1107,Конгломерат
http://www.wikidata.org/entity/Q7419072,Sant Alís,Point(0.766567591 42.039858274),1675,известняк
http://www.wikidata.org/entity/Q7419073,Sant Amand,Point(2.207308333 42.265336111),1851,известняк
http://www.wikidata.org/entity/Q7419073,Sant Amand,Point(2.207308333 42.265336111),1851,глина
http://www.wikidata.org/entity/Q7419083,Sant Benet,Point(2.513501773 41.948736865),1150,кварцит
http://www.wikidata.org/entity/Q7419083,Sant Benet,Point(2.513501773 41.948736865),1150,mica schist
http://www.wikidata.org/entity/Q7419089,Sant Gregori,Point(2.571 41.96456667),1091,mica schist
http://www.wikidata.org/entity/Q7419090,Sant Jeroni,Point(1.81150454 41.605383562),1237,Конгломерат
http://www.wikidata.org/entity/Q7419099,Sant Mamet,Point(0.941309388 41.97781526),1391,песчаник
http://www.wikidata.org/entity/Q7419099,Sant Mamet,Point(0.941309388 41.97781526),1391,известняк
http://www.wikidata.org/entity/Q7419099,Sant Mamet,Point(0.941309388 41.97781526),1391,Калькаренит
http://www.wikidata.org/entity/Q7419105,Sant Miquel de Solterra,Point(2.533028867 41.923121729),1203,кварцит
http://www.wikidata.org/entity/Q7419105,Sant Miquel de Solterra,Point(2.533028867 41.923121729),1203,амфиболит
http://www.wikidata.org/entity/Q7419105,Sant Miquel de Solterra,Point(2.533028867 41.923121729),1203,mica schist
http://www.wikidata.org/entity/Q7419114,Sant Roc d'Amer,Point(2.661899851 42.017486336),598,известняк
http://www.wikidata.org/entity/Q6924705,Mount Yoko,Point(138.37416667 35.98305556),2829,вулканические горные породы
http://www.wikidata.org/entity/Q6936983,Muntanya de Santa Bàrbara,Point(0.338327729 40.956886444),752,Конгломерат
http://www.wikidata.org/entity/Q8098051,Q8098051,Point(6.89222 46.0417),2734,гнейс
http://www.wikidata.org/entity/Q8158932,Райнкопф,Point(6.982777777 48.009722222),1305,гранит
http://www.wikidata.org/entity/Q7208326,Pointe Lachenal,Point(6.895 45.865277777),3613,гранит
http://www.wikidata.org/entity/Q9249108,Dôme de Bellefont,Point(5.88139 45.3422),1975,известняк
http://www.wikidata.org/entity/Q8521240,Liberty Cap,Point(-119.533 37.7285),7080,гранит
http://www.wikidata.org/entity/Q7259011,Pui de Lleràs,Point(0.852649166 42.26919509),1692,песчаник
http://www.wikidata.org/entity/Q7259011,Pui de Lleràs,Point(0.852649166 42.26919509),1692,Конгломерат
http://www.wikidata.org/entity/Q7259016,Puig Castellar,Point(2.198056 41.819444),1017,известняк
http://www.wikidata.org/entity/Q7259017,Puig Cerverís,Point(2.223333 42.336944),2208,песчаник
http://www.wikidata.org/entity/Q7259017,Puig Cerverís,Point(2.223333 42.336944),2208,lutite
http://www.wikidata.org/entity/Q7259018,Puig Cornador,Point(2.108336141 42.139737401),1229,песчаник
http://www.wikidata.org/entity/Q7259018,Puig Cornador,Point(2.108336141 42.139737401),1229,Конгломерат
http://www.wikidata.org/entity/Q7827019,Torreneules,Point(2.19620075 42.390875032),2713,кристаллические сланцы
http://www.wikidata.org/entity/Q7827019,Torreneules,Point(2.19620075 42.390875032),2713,мрамор
http://www.wikidata.org/entity/Q7827019,Torreneules,Point(2.19620075 42.390875032),2713,гнейс
http://www.wikidata.org/entity/Q7827079,Torreta de Cadí,Point(1.584198126 42.287074123),2562,известняк
http://www.wikidata.org/entity/Q7827863,Tossa Plana de Lles,Point(1.657244 42.468107),2905,гранит
http://www.wikidata.org/entity/Q7827867,Tossal Gros,Point(1.239387183 41.375356347),867,известняк
http://www.wikidata.org/entity/Q7827867,Tossal Gros,Point(1.239387183 41.375356347),867,доломит
http://www.wikidata.org/entity/Q7827869,Tossal Gros de Vallbona,Point(1.112870991 41.468860328),803,известняк
http://www.wikidata.org/entity/Q7827870,Tossal d'Engrilló,Point(0.370789362 40.943040501),1072,известняк
http://www.wikidata.org/entity/Q7827870,Tossal d'Engrilló,Point(0.370789362 40.943040501),1072,Мергель
http://www.wikidata.org/entity/Q7827870,Tossal d'Engrilló,Point(0.370789362 40.943040501),1072,доломит
http://www.wikidata.org/entity/Q7827874,Tossal de Mirapallars i Urgell,Point(0.959033353 42.021072755),1672,песчаник
http://www.wikidata.org/entity/Q7827874,Tossal de Mirapallars i Urgell,Point(0.959033353 42.021072755),1672,известняк
http://www.wikidata.org/entity/Q7827874,Tossal de Mirapallars i Urgell,Point(0.959033353 42.021072755),1672,Калькаренит
http://www.wikidata.org/entity/Q7827876,Tossal de les Torretes,Point(0.938414 42.02201),1676,известняк
http://www.wikidata.org/entity/Q7565206,Sourland Mountain,Point(-74.711 40.4792),568,интрузивные горные породы
http://www.wikidata.org/entity/Q7259023,Puig Estela,Point(2.253992053 42.284300657),2013,известняк
http://www.wikidata.org/entity/Q7259023,Puig Estela,Point(2.253992053 42.284300657),2013,lutite
http://www.wikidata.org/entity/Q7259025,Puig d'Arques,Point(2.994298577 41.888728379),532.7,кристаллические сланцы
http://www.wikidata.org/entity/Q7259025,Puig d'Arques,Point(2.994298577 41.888728379),532.7,Филлит
http://www.wikidata.org/entity/Q7259027,Puig de Dòrria,Point(2.084664 42.361767),2547,аспидный сланец
http://www.wikidata.org/entity/Q7259027,Puig de Dòrria,Point(2.084664 42.361767),2547,Филлит
http://www.wikidata.org/entity/Q7259027,Puig de Dòrria,Point(2.084664 42.361767),2547,lutite
http://www.wikidata.org/entity/Q7259029,Puig de Pastuira,Point(2.271954 42.387193),2692,известняк
http://www.wikidata.org/entity/Q7259029,Puig de Pastuira,Point(2.271954 42.387193),2692,мрамор
http://www.wikidata.org/entity/Q7259029,Puig de Pastuira,Point(2.271954 42.387193),2692,lutite
http://www.wikidata.org/entity/Q7259030,Puig de Fontnegra,Point(2.181944 42.403056),2728,песчаник
http://www.wikidata.org/entity/Q7259030,Puig de Fontnegra,Point(2.181944 42.403056),2728,lutite
http://www.wikidata.org/entity/Q7259031,Puig de l'Obiol,Point(2.305 42.157778),1543,песчаник
http://www.wikidata.org/entity/Q7259031,Puig de l'Obiol,Point(2.305 42.157778),1543,Конгломерат
http://www.wikidata.org/entity/Q7259031,Puig de l'Obiol,Point(2.305 42.157778),1543,lutite
http://www.wikidata.org/entity/Q7259033,Puig de la Mola,Point(1.847853207 41.319321962),534,известняк
http://www.wikidata.org/entity/Q7259035,Puig de la Talaia,Point(1.466714246 41.335790153),861,известняк
http://www.wikidata.org/entity/Q7259035,Puig de la Talaia,Point(1.466714246 41.335790153),861,доломит
http://www.wikidata.org/entity/Q7259037,Puigllançada massif,Point(1.935534844 42.300483377),2409,известняк
http://www.wikidata.org/entity/Q7259037,Puigllançada massif,Point(1.935534844 42.300483377),2409,lutite
http://www.wikidata.org/entity/Q7259038,Puigsacalm,Point(2.387891427 42.125177774),1514,песчаник
http://www.wikidata.org/entity/Q7259038,Puigsacalm,Point(2.387891427 42.125177774),1514,Мергель
http://www.wikidata.org/entity/Q7259039,Puigsacalm Xic,Point(2.385833 42.124167),1490,песчаник
http://www.wikidata.org/entity/Q7259039,Puigsacalm Xic,Point(2.385833 42.124167),1490,Мергель
http://www.wikidata.org/entity/Q7259041,Puigsallança,Point(2.581472106 42.115068297),1027,песчаник
http://www.wikidata.org/entity/Q7259041,Puigsallança,Point(2.581472106 42.115068297),1027,Мергель
http://www.wikidata.org/entity/Q7259041,Puigsallança,Point(2.581472106 42.115068297),1027,Конгломерат
http://www.wikidata.org/entity/Q7260504,Punta Alta de Comalesbienes,Point(0.880286835 42.58570102),3014,гранит
http://www.wikidata.org/entity/Q7260524,Punta Gabarró,Point(1.399881 42.665469),3105,гранит
http://www.wikidata.org/entity/Q7260561,Punta Senyalada,Point(0.808478 42.59137),2952,гранит
http://www.wikidata.org/entity/Q7260573,Punta del Curull,Point(0.964329121 41.355298847),1022,Конгломерат
http://www.wikidata.org/entity/Q7265210,Přerovská hůra,Point(14.841666666 50.163888888),236,Q12054964
http://www.wikidata.org/entity/Q7838778,Tresidder Peak,Point(-119.422 37.8297),3231,гранит
http://www.wikidata.org/entity/Q7850953,Tuc del Caubo,Point(1.263586 42.673231),2570,песчаник
http://www.wikidata.org/entity/Q7850953,Tuc del Caubo,Point(1.263586 42.673231),2570,lutite
http://www.wikidata.org/entity/Q7856602,Turó Gros,Point(2.576671 41.661482),758.01,Филлит
http://www.wikidata.org/entity/Q7856602,Turó Gros,Point(2.576671 41.661482),758.01,роговик
http://www.wikidata.org/entity/Q7856604,Turó de Bellver,Point(2.171543716 41.84714621),1045,известняк
http://www.wikidata.org/entity/Q7856604,Turó de Bellver,Point(2.171543716 41.84714621),1045,Мергель
http://www.wikidata.org/entity/Q7856605,Turó de Sant Elies,Point(2.379688 41.730059),998.9,известняк
http://www.wikidata.org/entity/Q7856606,Turó de Tagamanent,Point(2.296020675 41.747477548),1056,известняк
http://www.wikidata.org/entity/Q7856606,Turó de Tagamanent,Point(2.296020675 41.747477548),1056,доломит
http://www.wikidata.org/entity/Q7856610,Turó del Castell,Point(2.39629167 41.98307222),851,песчаник
http://www.wikidata.org/entity/Q7856610,Turó del Castell,Point(2.39629167 41.98307222),851,Конгломерат
http://www.wikidata.org/entity/Q7856611,Turó del Galutxo,Point(1.380833 41.555),854,известняк
http://www.wikidata.org/entity/Q7856611,Turó del Galutxo,Point(1.380833 41.555),854,Мергель
http://www.wikidata.org/entity/Q7867046,Hradec,Point(14.1078 49.8122),628,Конгломерат
http://www.wikidata.org/entity/Q9350839,Szarcula,Point(18.9189 49.6008),803,песчаник
http://www.wikidata.org/entity/Q8530431,Mount Unabetsu,Point(144.86555556 43.87361111),1419.3,андезит
http://www.wikidata.org/entity/Q8530431,Mount Unabetsu,Point(144.8763 43.8772),1419.3,андезит
http://www.wikidata.org/entity/Q8531044,Mount Maru (Esan),Point(141.09194444 41.85194444),691.1,андезит
http://www.wikidata.org/entity/Q8531381,Besiberri Sud,Point(0.825995 42.593789),3023,гранит
http://www.wikidata.org/entity/Q8531408,Monteixo,Point(1.3617 42.6017),2905,Конгломерат
http://www.wikidata.org/entity/Q8531448,Puig de Fontlletera,Point(2.235833 42.376667),2581,песчаник
http://www.wikidata.org/entity/Q8531534,Mola dels Quatre Termes,Point(1.060580233 41.325554221),1136,песчаник
http://www.wikidata.org/entity/Q8531534,Mola dels Quatre Termes,Point(1.060580233 41.325554221),1136,глина
http://www.wikidata.org/entity/Q8531548,La Mussara (Vilaplana),Point(1.05577778 41.25798056),1054.9,доломит
http://www.wikidata.org/entity/Q11268047,Mount Issaikyō,Point(140.244166666 37.735277777),1949,андезит
http://www.wikidata.org/entity/Q11268047,Mount Issaikyō,Point(140.244444 37.735278),1949,андезит
http://www.wikidata.org/entity/Q8528084,Оакан,Point(144.160833333 43.452777777),1370.5,андезит
http://www.wikidata.org/entity/Q8528441,Сиретоко,Point(145.273888888 44.235833333),1253.9,андезит
http://www.wikidata.org/entity/Q8528441,Сиретоко,Point(145.27308 44.23647),1253.9,андезит
http://www.wikidata.org/entity/Q8529867,Mount Katsuma,Point(139.463611111 42.196111111),428,Липарит
http://www.wikidata.org/entity/Q7903552,Uummannaq,Point(-52.1311 70.7131),1170,гранит
http://www.wikidata.org/entity/Q11358520,Buchtův Kopec,Point(16.133333333 49.659444444),813,гранит
http://www.wikidata.org/entity/Q11362665,Mount Ryōkami,Point(138.8392 36.0236),1723,кремнистый сланец
http://www.wikidata.org/entity/Q11362665,Mount Ryōkami,Point(138.841389 36.023333),1723,кремнистый сланец
http://www.wikidata.org/entity/Q11363250,Mount Nakaazuma,Point(140.185694 37.715583),1930.6,андезит
http://www.wikidata.org/entity/Q11363250,Mount Nakaazuma,Point(140.185555555 37.716111111),1930.6,андезит
http://www.wikidata.org/entity/Q11369438,Mount Kyūshō,Point(134.240722 35.510278),263,гранит
http://www.wikidata.org/entity/Q10413622,Špičák,Point(14.4111 50.4561),281,базальт
http://www.wikidata.org/entity/Q11384845,Čtyři palice,Point(16.0933 49.6861),733,гнейс
http://www.wikidata.org/entity/Q11385268,Yoichi-dake,Point(141.019444 43.032778),1488,базальт
http://www.wikidata.org/entity/Q8538080,"Los Gigantes, Argentina",Point(-64.8053 -31.4197),2374,гранит
http://www.wikidata.org/entity/Q8538094,Puig de les Cols,Point(2.975677 41.780436),417,leucogranite
http://www.wikidata.org/entity/Q8538568,Taga,Point(2.209887466 42.280772062),2040,известняк
http://www.wikidata.org/entity/Q8538568,Taga,Point(2.209887466 42.280772062),2040,lutite
http://www.wikidata.org/entity/Q8539027,Montplà,Point(3.1396 42.054386111),311,известняк
http://www.wikidata.org/entity/Q8539027,Montplà,Point(3.1396 42.054386111),311,Мергель
http://www.wikidata.org/entity/Q8540011,Tossal dels Tres Senyors,Point(1.18047 42.1635),1363,песок
http://www.wikidata.org/entity/Q8540011,Tossal dels Tres Senyors,Point(1.18047 42.1635),1363,гравий
http://www.wikidata.org/entity/Q8540011,Tossal dels Tres Senyors,Point(1.18047 42.1635),1363,lutite
http://www.wikidata.org/entity/Q11398693,Mount Kaba,Point(140.143 36.2974),709,гранит
http://www.wikidata.org/entity/Q8557205,Q8557205,Point(5.66417 46.1925),1043,известняк
http://www.wikidata.org/entity/Q10915449,Montpedrós,Point(2.00289 41.3694),348,аспидный сланец
http://www.wikidata.org/entity/Q10915449,Montpedrós,Point(2.00289 41.3694),348,кварцит
http://www.wikidata.org/entity/Q11613163,Mount Shibutsu,Point(139.1727 36.9022),2228.1,серпентинит
http://www.wikidata.org/entity/Q11613163,Mount Shibutsu,Point(139.17325 36.903472),2228.1,серпентинит
http://www.wikidata.org/entity/Q11618492,Арасима,Point(136.601389 35.934167),1523,базальт
http://www.wikidata.org/entity/Q11438109,Omanago Group,Point(139.510278 36.792222),2367,андезит
http://www.wikidata.org/entity/Q11438685,Mount Daibosatsu,Point(138.845278 35.748611),2057,осадочная горная порода
http://www.wikidata.org/entity/Q11635971,Mount Akanagi,Point(139.569167 36.808889),2010,андезит
http://www.wikidata.org/entity/Q9393848,Čáp,Point(16.1241736 50.5745714),786,песчаник
http://www.wikidata.org/entity/Q10270652,Žalý,Point(15.5683 50.665),1036,Филлит
http://www.wikidata.org/entity/Q11129955,Mount Suishō,Point(137.60221 36.42708),2986,Тоналит
http://www.wikidata.org/entity/Q11129955,Mount Suishō,Point(137.602778 36.426389),2986,Тоналит
http://www.wikidata.org/entity/Q11463253,Mount Komanako,Point(139.510833 36.807222),2323,андезит
http://www.wikidata.org/entity/Q9034703,Montbaig,Point(2.01117775 41.337775249),295,аспидный сланец
http://www.wikidata.org/entity/Q11647649,Mount Kinshō,Point(136.5775 35.40194444),217,известняк
http://www.wikidata.org/entity/Q11659787,Mount Amakazari,Point(137.9625 36.901944),1412,порфир
http://www.wikidata.org/entity/Q11659787,Mount Amakazari,Point(137.9625 36.901944),1963.2,порфир
http://www.wikidata.org/entity/Q11659787,Mount Amakazari,Point(137.962222222 36.902222222),1412,порфир
http://www.wikidata.org/entity/Q11659787,Mount Amakazari,Point(137.962222222 36.902222222),1963.2,порфир
http://www.wikidata.org/entity/Q11475595,Mount Iwasuge,Point(138.559444 36.741944),2295,андезит
http://www.wikidata.org/entity/Q11475595,Mount Iwasuge,Point(138.5584 36.7422),2295,андезит
http://www.wikidata.org/entity/Q11479929,Mount Makihata,Point(138.964167 36.978611),1967,осадочная горная порода
http://www.wikidata.org/entity/Q11481090,Mount Taishaku,Point(139.528888888 36.8125),2455,андезит
http://www.wikidata.org/entity/Q11526333,Mount Higashiazuma,Point(140.230833333 37.711388888),1974.7,андезит
http://www.wikidata.org/entity/Q11526333,Mount Higashiazuma,Point(140.252889 37.728417),1974.7,андезит
http://www.wikidata.org/entity/Q11676291,Mount Washiba,Point(137.605277777 36.402222222),2924,гранит
http://www.wikidata.org/entity/Q11676291,Mount Washiba,Point(137.605278 36.403056),2924,гранит
http://www.wikidata.org/entity/Q11695275,Dudziarz,Point(15.9089 50.9172),652,порфир
http://www.wikidata.org/entity/Q11695275,Dudziarz,Point(15.9089 50.9172),652,Диабаз
http://www.wikidata.org/entity/Q11695275,Dudziarz,Point(15.9089 50.9172),652,greenschist
http://www.wikidata.org/entity/Q11695275,Dudziarz,Point(15.90889 50.91743),652,порфир
http://www.wikidata.org/entity/Q11695275,Dudziarz,Point(15.90889 50.91743),652,Диабаз
http://www.wikidata.org/entity/Q11695275,Dudziarz,Point(15.90889 50.91743),652,greenschist
http://www.wikidata.org/entity/Q11701147,Q11701147,Point(0.4778 42.7),3129,гранит
http://www.wikidata.org/entity/Q11238024,Bouřný,Point(14.6081 50.8297),702.5,фонолит
http://www.wikidata.org/entity/Q11933775,Lo Picalt,Point(1.16572222 42.16727778),1224,известняк
http://www.wikidata.org/entity/Q11933775,Lo Picalt,Point(1.16572222 42.16727778),1224,Мергель
http://www.wikidata.org/entity/Q11933838,Lo Tossalet,Point(0.97442778 42.29821111),1411,Конгломерат
http://www.wikidata.org/entity/Q11933845,lo Tésol,Point(1.039255111 42.608371442),2700,мрамор
http://www.wikidata.org/entity/Q11933845,lo Tésol,Point(1.039255111 42.608371442),2700,Филлит
http://www.wikidata.org/entity/Q11933930,Los Castellets,Point(0.35653333 40.725775),577,доломит
http://www.wikidata.org/entity/Q11933988,Los Tres Puis,Point(0.998154 42.61377),2824,гранит
http://www.wikidata.org/entity/Q11933989,Los Tossalets,Point(1.32540278 41.72765),599,песчаник
http://www.wikidata.org/entity/Q11933989,Los Tossalets,Point(1.32540278 41.72765),599,известняк
http://www.wikidata.org/entity/Q11933989,Los Tossalets,Point(1.32540278 41.72765),599,Мергель
http://www.wikidata.org/entity/Q11934710,Malh dera Artiga,Point(0.695561 42.658615),2710,песчаник
http://www.wikidata.org/entity/Q11934710,Malh dera Artiga,Point(0.695561 42.658615),2710,lutite
http://www.wikidata.org/entity/Q11934710,Malh dera Artiga,Point(0.695561 42.658615),2710,Турбидит
http://www.wikidata.org/entity/Q11934714,Malh des Vivèrs,Point(0.85301389 42.68558417),2154,габбро
http://www.wikidata.org/entity/Q11934714,Malh des Vivèrs,Point(0.85301389 42.68558417),2154,диорит
http://www.wikidata.org/entity/Q11934715,Malh deth Chuc,Point(0.66995 42.80656389),2018,песчаник
http://www.wikidata.org/entity/Q11934715,Malh deth Chuc,Point(0.66995 42.80656389),2018,lutite
http://www.wikidata.org/entity/Q11935659,Martanyà,Point(2.60674722 42.30962222),1031,известняк
http://www.wikidata.org/entity/Q11935659,Martanyà,Point(2.60674722 42.30962222),1031,доломит
http://www.wikidata.org/entity/Q11936150,Mata-redona,Point(0.539825 40.64836389),618,известняк
http://www.wikidata.org/entity/Q11936150,Mata-redona,Point(0.539825 40.64836389),618,Мергель
http://www.wikidata.org/entity/Q11937191,Mola Cantando,Point(0.37144167 40.76000556),607,доломит
http://www.wikidata.org/entity/Q11937206,Mola de la Roquerola,Point(1.065325 41.32035),1058,известняк
http://www.wikidata.org/entity/Q11937206,Mola de la Roquerola,Point(1.065325 41.32035),1058,доломит
http://www.wikidata.org/entity/Q11937210,Mola del Boix,Point(0.352841 40.809535),1334,доломит
http://www.wikidata.org/entity/Q11937230,Moleta de les Canals,Point(0.362741 40.909033),1070,известняк
http://www.wikidata.org/entity/Q11937230,Moleta de les Canals,Point(0.362741 40.909033),1070,доломит
http://www.wikidata.org/entity/Q11937365,Mont-redon,Point(0.86944306 41.08005556),864,известняк
http://www.wikidata.org/entity/Q11937365,Mont-redon,Point(0.86944306 41.08005556),864,Мергель
http://www.wikidata.org/entity/Q11937365,Mont-redon,Point(0.86944306 41.08005556),864,доломит
http://www.wikidata.org/entity/Q11937371,Mont-roig,Point(0.87865 41.902987),715,песчаник
http://www.wikidata.org/entity/Q11937371,Mont-roig,Point(0.87865 41.902987),715,известняк
http://www.wikidata.org/entity/Q11937371,Mont-roig,Point(0.87865 41.902987),715,Калькаренит
http://www.wikidata.org/entity/Q11937384,Montagut,Point(2.71495278 41.65043722),218,аспидный сланец
http://www.wikidata.org/entity/Q11937384,Montagut,Point(2.71495278 41.65043722),218,Пробирный камень
http://www.wikidata.org/entity/Q11879335,Venušina sopka,Point(17.4789 49.9506),643,базальт
http://www.wikidata.org/entity/Q11904353,agulha deth Gran Tuc,Point(0.934899 42.591658),2857,гранит
http://www.wikidata.org/entity/Q11904371,Agulla de Saboredo,Point(0.97629444 42.6124),2686,гранит
http://www.wikidata.org/entity/Q11904372,Agulla de Bot,Point(0.408725 41.0024),518,песчаник
http://www.wikidata.org/entity/Q11904372,Agulla de Bot,Point(0.408725 41.0024),518,Мергель
http://www.wikidata.org/entity/Q11904372,Agulla de Bot,Point(0.408725 41.0024),518,Конгломерат
http://www.wikidata.org/entity/Q11904374,agulla del Portarró,Point(0.98041667 42.57166667),2675,гранит
http://www.wikidata.org/entity/Q11904375,Agulla del Corb,Point(1.262076 42.075551),953,Конгломерат
http://www.wikidata.org/entity/Q11904376,Pui de les Ares,Point(1.01135833 42.63273889),2611,Гранодиорит
http://www.wikidata.org/entity/Q11904378,Agulles d'Amitges,Point(0.984417 42.603192),2661,Гранодиорит
http://www.wikidata.org/entity/Q11904379,Agulles de Dellui,Point(0.94448611 42.55761944),2544,гранит
http://www.wikidata.org/entity/Q11904380,Agulles de Bassiero,Point(0.99774722 42.60189222),2748,Гранодиорит
http://www.wikidata.org/entity/Q11904381,Agulles de Saboredo,Point(0.97555 42.62298889),2628,гранит
http://www.wikidata.org/entity/Q11904382,Agulles de Finestrelles,Point(2.01318 41.6805),883,Конгломерат
http://www.wikidata.org/entity/Q11904384,Agulles de Travessani,Point(0.88889444 42.61007778),2733,гранит
http://www.wikidata.org/entity/Q11904386,Agulles del Mercadal,Point(1.83915278 42.11275),1061,известняк
http://www.wikidata.org/entity/Q11904386,Agulles del Mercadal,Point(1.83915278 42.11275),1061,lutite
http://www.wikidata.org/entity/Q11944010,Punta del General,Point(0.878149 41.341427),923,песчаник
http://www.wikidata.org/entity/Q11944010,Punta del General,Point(0.878149 41.341427),923,Мергель
http://www.wikidata.org/entity/Q11944010,Punta del General,Point(0.878149 41.341427),923,Конгломерат
http://www.wikidata.org/entity/Q11944019,Punta del Pallars,Point(0.873881 41.012469),551.4,известняк
http://www.wikidata.org/entity/Q11944019,Punta del Pallars,Point(0.873881 41.012469),551.4,Мергель
http://www.wikidata.org/entity/Q11944019,Punta del Pallars,Point(0.873881 41.012469),551.4,доломит
http://www.wikidata.org/entity/Q11944024,Punta del Pouet,Point(0.87769444 41.44466667),654,песчаник
http://www.wikidata.org/entity/Q11944024,Punta del Pouet,Point(0.87769444 41.44466667),654,известняк
http://www.wikidata.org/entity/Q11944040,Punta dels Pins Carrassers,Point(0.842026 41.305632),1062,песчаник
http://www.wikidata.org/entity/Q11944040,Punta dels Pins Carrassers,Point(0.842026 41.305632),1062,Мергель
http://www.wikidata.org/entity/Q11944040,Punta dels Pins Carrassers,Point(0.842026 41.305632),1062,Конгломерат
http://www.wikidata.org/entity/Q11944053,Punxabudell,Point(1.80284444 41.66246389),398.2,Мергель
http://www.wikidata.org/entity/Q11944053,Punxabudell,Point(1.80284444 41.66246389),398.2,алевролит
http://www.wikidata.org/entity/Q11944126,Pòpia del Montgròs,Point(1.73227778 41.686475),668,песчаник
http://www.wikidata.org/entity/Q11944126,Pòpia del Montgròs,Point(1.73227778 41.686475),668,lutite
http://www.wikidata.org/entity/Q11945808,Roc Beneïdor,Point(1.560496727 42.37121814),1681,известняк
http://www.wikidata.org/entity/Q11945808,Roc Beneïdor,Point(1.560496727 42.37121814),1681,lutite
http://www.wikidata.org/entity/Q11945819,Roc Roi,Point(1.338294 42.435353),2020,песчаник
http://www.wikidata.org/entity/Q11945819,Roc Roi,Point(1.338294 42.435353),2020,lutite
http://www.wikidata.org/entity/Q11945822,Roc Roig,Point(1.70041667 42.23055556),2053,известняк
http://www.wikidata.org/entity/Q11945830,Roc de Cogul,Point(1.26543 42.065286),885,известняк
http://www.wikidata.org/entity/Q11945833,Roc de Neret,Point(0.946211 42.175363),906,песчаник
http://www.wikidata.org/entity/Q11945838,Roc de Sant Aventí,Point(0.974246319 42.307232837),1480,Конгломерат
http://www.wikidata.org/entity/Q11945839,Roc de Sant Cugat,Point(0.75400556 42.32497222),1328,известняк
http://www.wikidata.org/entity/Q11945839,Roc de Sant Cugat,Point(0.75400556 42.32497222),1328,Мергель
http://www.wikidata.org/entity/Q11945840,Roc de Santa Eulàlia,Point(3.025647 42.47197),979,гнейс
http://www.wikidata.org/entity/Q11945845,Roc de l'Àliga,Point(1.54775556 42.24671667),1672,известняк
http://www.wikidata.org/entity/Q11945858,Roc de la Mula,Point(1.36385833 42.098875),1011,Конгломерат
http://www.wikidata.org/entity/Q11945863,Roc de les Cases,Point(1.05874167 42.26715611),1175,Конгломерат
http://www.wikidata.org/entity/Q11945865,Roc de les Creus,Point(1.01351667 42.25093444),923,Конгломерат
http://www.wikidata.org/entity/Q11701298,Puig d'Agulles,Point(1.884978584 41.40807772),653,известняк
http://www.wikidata.org/entity/Q11701298,Puig d'Agulles,Point(1.884978584 41.40807772),653,доломит
http://www.wikidata.org/entity/Q11572075,Mount Sarugabanba,Point(136.94277954 36.22583008),1875,метаморфическая горная порода
http://www.wikidata.org/entity/Q11572757,Тамаки,Point(135.83 33.9125),1076.4,quartz porphyry
http://www.wikidata.org/entity/Q11572757,Тамаки,Point(135.831667 33.926667),1076.4,quartz porphyry
http://www.wikidata.org/entity/Q11908681,Bassiets,Point(1.39441389 42.52660278),2762,песчаник
http://www.wikidata.org/entity/Q11908681,Bassiets,Point(1.39441389 42.52660278),2762,lutite
http://www.wikidata.org/entity/Q11909640,bony Cremat,Point(0.90936111 42.55555556),2281,Гранодиорит
http://www.wikidata.org/entity/Q11909642,bony Negre,Point(0.89813056 42.52858333),2724,мрамор
http://www.wikidata.org/entity/Q11909642,bony Negre,Point(0.89813056 42.52858333),2724,порфир
http://www.wikidata.org/entity/Q11909642,bony Negre,Point(0.89813056 42.52858333),2724,роговик
http://www.wikidata.org/entity/Q11909643,Bony Blanc,Point(0.89633056 42.53281667),2755,мрамор
http://www.wikidata.org/entity/Q11909643,Bony Blanc,Point(0.89633056 42.53281667),2755,Филлит
http://www.wikidata.org/entity/Q11909648,Bony d'Arquer,Point(1.07664722 42.48894722),2306,аспидный сланец
http://www.wikidata.org/entity/Q11909656,Bony de l'Orri,Point(0.84839444 42.59618056),2363,гранит
http://www.wikidata.org/entity/Q11909658,Bony de la Carma,Point(0.82553889 42.57528889),2448,Гранодиорит
http://www.wikidata.org/entity/Q11909666,Bony de les Picardes,Point(1.056626 42.53104),2782,мрамор
http://www.wikidata.org/entity/Q11909666,Bony de les Picardes,Point(1.056626 42.53104),2782,порфир
http://www.wikidata.org/entity/Q11909666,Bony de les Picardes,Point(1.056626 42.53104),2782,Скарн
http://www.wikidata.org/entity/Q11909670,bony del Graller,Point(0.91771389 42.52731944),2645,песчаник
http://www.wikidata.org/entity/Q11909670,bony del Graller,Point(0.91771389 42.52731944),2645,lutite
http://www.wikidata.org/entity/Q11909804,Borrelles,Point(1.603837 41.92179),659,песчаник
http://www.wikidata.org/entity/Q11909804,Borrelles,Point(1.603837 41.92179),659,Мергель
http://www.wikidata.org/entity/Q11909804,Borrelles,Point(1.603837 41.92179),659,алевролит
http://www.wikidata.org/entity/Q11910197,Burriac hill,Point(2.387339332 41.537458202),392,leucogranite
http://www.wikidata.org/entity/Q11911041,Camp de l'Àngel,Point(1.51727 41.790986),707,известняк
http://www.wikidata.org/entity/Q11911041,Camp de l'Àngel,Point(1.51727 41.790986),707,Мергель
http://www.wikidata.org/entity/Q11911041,Camp de l'Àngel,Point(1.51727 41.790986),707,lutite
http://www.wikidata.org/entity/Q11911298,Campirme,Point(1.193625476 42.659520731),2633,песчаник
http://www.wikidata.org/entity/Q11911298,Campirme,Point(1.193625476 42.659520731),2633,lutite
http://www.wikidata.org/entity/Q11911955,Canarill,Point(1.00872 42.1986),727,Мергель
http://www.wikidata.org/entity/Q11911955,Canarill,Point(1.00872 42.1986),727,Калькаренит
http://www.wikidata.org/entity/Q11912012,Cantaperdiu,Point(1.31843 41.874588),526,песчаник
http://www.wikidata.org/entity/Q11912012,Cantaperdiu,Point(1.31843 41.874588),526,известняк
http://www.wikidata.org/entity/Q11912012,Cantaperdiu,Point(1.31843 41.874588),526,Мергель
http://www.wikidata.org/entity/Q11912069,cap Brau,Point(0.881409 42.590013),2831,гранит
http://www.wikidata.org/entity/Q11912076,Cap d'Artigalonga,Point(0.65389722 42.791075),1818,песчаник
http://www.wikidata.org/entity/Q11912076,Cap d'Artigalonga,Point(0.65389722 42.791075),1818,lutite
http://www.wikidata.org/entity/Q11912079,Cap d'Urdet,Point(1.64051389 42.19662222),2240,известняк
http://www.wikidata.org/entity/Q11912080,Cap d'Estaques,Point(1.53969444 42.09954167),1354,Конгломерат
http://www.wikidata.org/entity/Q11912091,Cap de Concesse,Point(0.75826111 42.508175),2332,известняк
http://www.wikidata.org/entity/Q11912091,Cap de Concesse,Point(0.75826111 42.508175),2332,аспидный сланец
http://www.wikidata.org/entity/Q11912092,cap de Copiello,Point(0.88491667 42.56333333),2508,Гранодиорит
http://www.wikidata.org/entity/Q11912097,Cap de Plan-de-riba,Point(1.15722222 42.19058333),1768,известняк
http://www.wikidata.org/entity/Q11912097,Cap de Plan-de-riba,Point(1.15722222 42.19058333),1768,Мергель
http://www.wikidata.org/entity/Q11912097,Cap de Plan-de-riba,Point(1.15722222 42.19058333),1768,доломит
http://www.wikidata.org/entity/Q11912098,Cap de Porc,Point(2.15916667 42.40263889),2199,гранит
http://www.wikidata.org/entity/Q11912104,Cap de l'Alt de Baiarri,Point(1.06732889 42.25986389),1409,Конгломерат
http://www.wikidata.org/entity/Q11912105,cap de Vaquèira,Point(0.97419444 42.69189722),2491,мрамор
http://www.wikidata.org/entity/Q11912106,Cap de l'Escobedo,Point(1.16994167 42.59505278),2123.3,песчаник
http://www.wikidata.org/entity/Q11912106,Cap de l'Escobedo,Point(1.16994167 42.59505278),2123.3,lutite
http://www.wikidata.org/entity/Q11912109,Cap de l'Ovella,Point(1.42799722 42.55905833),2541,известняк
http://www.wikidata.org/entity/Q11912109,Cap de l'Ovella,Point(1.42799722 42.55905833),2541,аспидный сланец
http://www.wikidata.org/entity/Q11912121,Cap de la Fesa,Point(1.55530556 42.28199722),2382,Мергель
http://www.wikidata.org/entity/Q11912125,cap de la Pleta Mala,Point(0.90841667 42.56216667),2693,Гранодиорит
http://www.wikidata.org/entity/Q11912126,Cap de la Pala Alta d’Estany Llong,Point(0.94180556 42.58180556),2790,гранит
http://www.wikidata.org/entity/Q11939807,Pala Alta,Point(0.836346461 41.896288533),947,песчаник
http://www.wikidata.org/entity/Q11939807,Pala Alta,Point(0.836346461 41.896288533),947,известняк
http://www.wikidata.org/entity/Q11939807,Pala Alta,Point(0.836346461 41.896288533),947,Калькаренит
http://www.wikidata.org/entity/Q11939814,pala de Morrano,Point(0.940175 42.54727222),2639,гранит
http://www.wikidata.org/entity/Q11939818,Pala dels Pelats,Point(0.83230556 41.89554167),927,песчаник
http://www.wikidata.org/entity/Q11939818,Pala dels Pelats,Point(0.83230556 41.89554167),927,известняк
http://www.wikidata.org/entity/Q11939818,Pala dels Pelats,Point(0.83230556 41.89554167),927,Калькаренит
http://www.wikidata.org/entity/Q11939892,Pales de Cubieso,Point(0.96247778 42.54579167),2783,гранит
http://www.wikidata.org/entity/Q11940662,Pedra Lliure,Point(1.4715 41.79088611),597,известняк
http://www.wikidata.org/entity/Q11940662,Pedra Lliure,Point(1.4715 41.79088611),597,Мергель
http://www.wikidata.org/entity/Q11940664,Pedra Picada,Point(2.05083333 42.29608333),2010,известняк
http://www.wikidata.org/entity/Q11940664,Pedra Picada,Point(2.05083333 42.29608333),2010,lutite
http://www.wikidata.org/entity/Q11940665,Pedra Miradora,Point(2.50783333 41.67366667),352.7,Гранодиорит
http://www.wikidata.org/entity/Q11940669,Pedracastell,Point(2.573682705 41.608881267),287,Гранодиорит
http://www.wikidata.org/entity/Q11940744,Pedró d'Arquers,Point(2.12868889 42.18048889),1239.1,песчаник
http://www.wikidata.org/entity/Q11940744,Pedró d'Arquers,Point(2.12868889 42.18048889),1239.1,Конгломерат
http://www.wikidata.org/entity/Q11940745,Pedró de la Granada,Point(1.70589167 41.38570139),308.4,песчаник
http://www.wikidata.org/entity/Q11940745,Pedró de la Granada,Point(1.70589167 41.38570139),308.4,глина
http://www.wikidata.org/entity/Q11940745,Pedró de la Granada,Point(1.70589167 41.38570139),308.4,Конгломерат
http://www.wikidata.org/entity/Q11940746,Pedró de Tubau,Point(2.04956708 42.220195861),1543,песчаник
http://www.wikidata.org/entity/Q11940746,Pedró de Tubau,Point(2.04956708 42.220195861),1543,Конгломерат
http://www.wikidata.org/entity/Q11940791,Pena-roja,Point(1.05114306 41.29346667),1031,известняк
http://www.wikidata.org/entity/Q11940791,Pena-roja,Point(1.05114306 41.29346667),1031,доломит
http://www.wikidata.org/entity/Q11940810,Penya Aguda,Point(1.267256 42.214531),1523,Мергель
http://www.wikidata.org/entity/Q11940810,Penya Aguda,Point(1.267256 42.214531),1523,Калькаренит
http://www.wikidata.org/entity/Q11940825,Penya del Castellar,Point(1.92881111 41.281475),409.4,известняк
http://www.wikidata.org/entity/Q11940826,Penya del Llamp,Point(1.84558333 41.24275556),245.5,известняк
http://www.wikidata.org/entity/Q11940827,Penya del Duc,Point(1.81058611 41.26847444),210.8,известняк
http://www.wikidata.org/entity/Q11940837,Penya del Papiol,Point(1.7438 41.3229),381,Калькаренит
http://www.wikidata.org/entity/Q11941430,pic Inferior de Subenuix,Point(0.97977778 42.55988889),2882,гранит
http://www.wikidata.org/entity/Q11941431,Pic Fosser,Point(0.96880056 42.51940333),2742,гранит
http://www.wikidata.org/entity/Q11941434,Pic Margalida,Point(0.666515 42.625348),3241,гранит
http://www.wikidata.org/entity/Q11941437,pic Nord de Travessani,Point(0.89522778 42.61164722),2736,гранит
http://www.wikidata.org/entity/Q11941438,pic Oriental,Point(0.92452778 42.59183333),2862,гранит
http://www.wikidata.org/entity/Q11941443,Pic Salado,Point(0.95364167 42.50654167),2512,гранит
http://www.wikidata.org/entity/Q11941445,Pic d'Abellers,Point(0.82046944 42.59485833),2983,гранит
http://www.wikidata.org/entity/Q11941445,Pic d'Abellers,Point(0.82046944 42.59485833),2983,порфир
http://www.wikidata.org/entity/Q11941446,Pic Tort,Point(0.988832 42.533747),2886,гранит
http://www.wikidata.org/entity/Q11941447,Pic d'Areste,Point(1.39613333 42.63966944),2799.6,песчаник
http://www.wikidata.org/entity/Q11941447,Pic d'Areste,Point(1.39613333 42.63966944),2799.6,lutite
http://www.wikidata.org/entity/Q11941448,Pic d'Erill,Point(0.80044861 42.54103611),2518,известняк
http://www.wikidata.org/entity/Q11941449,pic d'Estany Gémena,Point(0.80781111 42.57595),2553,гранит
http://www.wikidata.org/entity/Q11941451,pic d'Estany Roi,Point(0.79888056 42.56935),2578,метаморфическая горная порода
http://www.wikidata.org/entity/Q11941452,Pic d'Obacs,Point(0.79405556 42.54844167),2636,известняк
http://www.wikidata.org/entity/Q11941452,Pic d'Obacs,Point(0.79405556 42.54844167),2636,аспидный сланец
http://www.wikidata.org/entity/Q11941453,Pic de Baiau,Point(1.44059722 42.59443611),2885,песчаник
http://www.wikidata.org/entity/Q11941453,Pic de Baiau,Point(1.44059722 42.59443611),2885,lutite
http://www.wikidata.org/entity/Q11941455,pic de Baserca,Point(0.79983889 42.58713611),2873,гранит
http://www.wikidata.org/entity/Q11941458,Pic de Certascan,Point(1.277718442 42.711966104),2853,песчаник
http://www.wikidata.org/entity/Q11941458,Pic de Certascan,Point(1.277718442 42.711966104),2853,lutite
http://www.wikidata.org/entity/Q11941461,Pic de Comaminyana,Point(0.79688333 42.546775),2628,известняк
http://www.wikidata.org/entity/Q11941462,Pic de Clavera,Point(1.07672157 42.787786002),2721,аспидный сланец
http://www.wikidata.org/entity/Q11941463,pic de Comalesbienes,Point(0.87867222 42.583975),2993,гранит
http://www.wikidata.org/entity/Q11941464,Pic de Colatx,Point(1.325358 42.724307),2570,Гранодиорит
http://www.wikidata.org/entity/Q11941465,pic de Dellui,Point(0.95365833 42.5386),2802,гранит
http://www.wikidata.org/entity/Q11941466,Pic de Fonguero,Point(1.03248056 42.56003611),2885,Гранодиорит
http://www.wikidata.org/entity/Q11941467,pic de Fenerui,Point(0.79819722 42.56521111),2584,мрамор
http://www.wikidata.org/entity/Q11941468,Pic de Coronas,Point(0.649138 42.637708),3293,гранит
http://www.wikidata.org/entity/Q11941469,Pic de Guerossos,Point(1.28181111 42.70295833),2734,песчаник
http://www.wikidata.org/entity/Q11941469,Pic de Guerossos,Point(1.28181111 42.70295833),2734,lutite
http://www.wikidata.org/entity/Q11941470,Pic de Gerri,Point(1.394249 42.597526),2859,песчаник
http://www.wikidata.org/entity/Q11941470,Pic de Gerri,Point(1.394249 42.597526),2859,lutite
http://www.wikidata.org/entity/Q11941472,pic de Llena,Point(0.917915 42.446888),2686,известняк
http://www.wikidata.org/entity/Q11941472,pic de Llena,Point(0.917915 42.446888),2686,аспидный сланец
http://www.wikidata.org/entity/Q11941474,Pic de Mar,Point(0.99851944 42.538575),2845,гранит
http://www.wikidata.org/entity/Q11941475,Pico de Mariola,Point(1.216644 42.720051),2663,песчаник
http://www.wikidata.org/entity/Q11941475,Pico de Mariola,Point(1.216644 42.720051),2663,lutite
http://www.wikidata.org/entity/Q11946250,Roques de l'Espluga,Point(2.05238889 42.26630556),1492.7,известняк
http://www.wikidata.org/entity/Q11946250,Roques de l'Espluga,Point(2.05238889 42.26630556),1492.7,глина
http://www.wikidata.org/entity/Q11946252,Roques de Totlomón,Point(2.1745 42.37297222),1810,гнейс
http://www.wikidata.org/entity/Q11946255,Roques de la Bóu,Point(0.89395 42.27526111),1268,песчаник
http://www.wikidata.org/entity/Q11946255,Roques de la Bóu,Point(0.89395 42.27526111),1268,Конгломерат
http://www.wikidata.org/entity/Q11946256,Roques de l'Oratori,Point(2.16428 42.3644),1744,кристаллические сланцы
http://www.wikidata.org/entity/Q11946256,Roques de l'Oratori,Point(2.16428 42.3644),1744,мрамор
http://www.wikidata.org/entity/Q11946256,Roques de l'Oratori,Point(2.16428 42.3644),1744,гнейс
http://www.wikidata.org/entity/Q11946268,Roques del Duc,Point(0.29008611 40.89534167),672.7,Конгломерат
http://www.wikidata.org/entity/Q11946271,Roques del Rei,Point(2.565848 41.88528),852,leucogranite
http://www.wikidata.org/entity/Q11946273,Roques del Minguell,Point(1.62033889 42.17811389),1577,известняк
http://www.wikidata.org/entity/Q11946273,Roques del Minguell,Point(1.62033889 42.17811389),1577,доломит
http://www.wikidata.org/entity/Q11946487,ròca de Tolosa,Point(0.74310833 42.678425),2344,известняк
http://www.wikidata.org/entity/Q11946987,Sant Diumenge,Point(1.565925 41.89864167),796,песчаник
http://www.wikidata.org/entity/Q11946987,Sant Diumenge,Point(1.565925 41.89864167),796,известняк
http://www.wikidata.org/entity/Q11946987,Sant Diumenge,Point(1.565925 41.89864167),796,Мергель
http://www.wikidata.org/entity/Q11947189,Sant Marc de Brocà,Point(1.898739872 42.264931202),1611,песчаник
http://www.wikidata.org/entity/Q11947242,Sant Miquel,Point(1.097954 42.06222),1190,Брекчия
http://www.wikidata.org/entity/Q11947242,Sant Miquel,Point(1.097954 42.06222),1190,Конгломерат
http://www.wikidata.org/entity/Q11947393,Sant Salvador,Point(1.46236389 41.88706111),845,песчаник
http://www.wikidata.org/entity/Q11947393,Sant Salvador,Point(1.46236389 41.88706111),845,Мергель
http://www.wikidata.org/entity/Q11947393,Sant Salvador,Point(1.46236389 41.88706111),845,алевролит
http://www.wikidata.org/entity/Q11947394,Sant Salvador,Point(1.781976 42.061364),1157,Конгломерат
http://www.wikidata.org/entity/Q11947480,Santa Bàrbara,Point(0.923423 42.380797),1613,песчаник
http://www.wikidata.org/entity/Q11947480,Santa Bàrbara,Point(0.923423 42.380797),1613,Конгломерат
http://www.wikidata.org/entity/Q11947480,Santa Bàrbara,Point(0.923423 42.380797),1613,lutite
http://www.wikidata.org/entity/Q11947482,Santa Bàrbara,Point(2.61792722 41.92629167),852.9,гранит
http://www.wikidata.org/entity/Q11947482,Santa Bàrbara,Point(2.61792722 41.92629167),852.9,амфиболит
http://www.wikidata.org/entity/Q11947662,Santes Creus de Bordell,Point(1.31302778 41.94958056),782,песчаник
http://www.wikidata.org/entity/Q11947662,Santes Creus de Bordell,Point(1.31302778 41.94958056),782,известняк
http://www.wikidata.org/entity/Q11947662,Santes Creus de Bordell,Point(1.31302778 41.94958056),782,Мергель
http://www.wikidata.org/entity/Q11948870,Serrallonga,Point(1.36249444 42.08017222),1027,песчаник
http://www.wikidata.org/entity/Q11948870,Serrallonga,Point(1.36249444 42.08017222),1027,Конгломерат
http://www.wikidata.org/entity/Q11948870,Serrallonga,Point(1.36249444 42.08017222),1027,алевролит
http://www.wikidata.org/entity/Q11948881,Serrat Alegre,Point(2.13036944 42.24836667),1113,песчаник
http://www.wikidata.org/entity/Q11948881,Serrat Alegre,Point(2.13036944 42.24836667),1113,Мергель
http://www.wikidata.org/entity/Q11948885,Serrat Alt del Soler,Point(1.31476667 42.01297222),556,песчаник
http://www.wikidata.org/entity/Q11948885,Serrat Alt del Soler,Point(1.31476667 42.01297222),556,lutite
http://www.wikidata.org/entity/Q11948897,Serrat Fosc,Point(1.357116 41.93473),704,песчаник
http://www.wikidata.org/entity/Q11948897,Serrat Fosc,Point(1.357116 41.93473),704,Конгломерат
http://www.wikidata.org/entity/Q11948897,Serrat Fosc,Point(1.357116 41.93473),704,алевролит
http://www.wikidata.org/entity/Q11948920,Serrat Rodó,Point(1.50207167 41.89548333),817,песчаник
http://www.wikidata.org/entity/Q11948920,Serrat Rodó,Point(1.50207167 41.89548333),817,известняк
http://www.wikidata.org/entity/Q11948920,Serrat Rodó,Point(1.50207167 41.89548333),817,Мергель
http://www.wikidata.org/entity/Q11948926,Serrat Xiroi,Point(1.55624722 42.03337972),842,песчаник
http://www.wikidata.org/entity/Q11948926,Serrat Xiroi,Point(1.55624722 42.03337972),842,известняк
http://www.wikidata.org/entity/Q11948926,Serrat Xiroi,Point(1.55624722 42.03337972),842,Мергель
http://www.wikidata.org/entity/Q11948927,Serrat Voltor,Point(1.777023 42.188121),2281.8,известняк
http://www.wikidata.org/entity/Q11948941,Serrat de Baiones,Point(2.041324 41.784333),697,песчаник
http://www.wikidata.org/entity/Q11948941,Serrat de Baiones,Point(2.041324 41.784333),697,известняк
http://www.wikidata.org/entity/Q11948944,Serrat de Bonaire,Point(1.5947 42.08919444),1147,Конгломерат
http://www.wikidata.org/entity/Q11945873,Roc del Cóm,Point(1.53718889 41.94288333),668,песчаник
http://www.wikidata.org/entity/Q11945873,Roc del Cóm,Point(1.53718889 41.94288333),668,известняк
http://www.wikidata.org/entity/Q11945873,Roc del Cóm,Point(1.53718889 41.94288333),668,Мергель
http://www.wikidata.org/entity/Q11945879,Roc del Migdia dels Clots,Point(1.58869444 42.19268056),1537,известняк
http://www.wikidata.org/entity/Q11945880,Roc del Migdia de la Colilla,Point(1.585281 42.197777),1780,известняк
http://www.wikidata.org/entity/Q11945885,Roc dels Castellons,Point(1.4111 42.1703),1126,известняк
http://www.wikidata.org/entity/Q11945885,Roc dels Castellons,Point(1.4111 42.1703),1126,lutite
http://www.wikidata.org/entity/Q11945894,Roca Alta,Point(0.90521944 42.01397222),1178,известняк
http://www.wikidata.org/entity/Q11945894,Roca Alta,Point(0.90521944 42.01397222),1178,бурый уголь
http://www.wikidata.org/entity/Q11945894,Roca Alta,Point(0.90521944 42.01397222),1178,lutite
http://www.wikidata.org/entity/Q11945895,Roca Alta,Point(1.010158 42.021295),1437,известняк
http://www.wikidata.org/entity/Q11945902,Roca Castellana,Point(1.89633889 42.363425),1381,песчаник
http://www.wikidata.org/entity/Q11945902,Roca Castellana,Point(1.89633889 42.363425),1381,lutite
http://www.wikidata.org/entity/Q11945917,Roca Foradada,Point(0.96146111 42.27391111),1054,Конгломерат
http://www.wikidata.org/entity/Q11945927,Roca Llarga,Point(1.388204 42.101543),1190,Конгломерат
http://www.wikidata.org/entity/Q11945931,Roca Maura,Point(3.189831 42.055397),225,известняк
http://www.wikidata.org/entity/Q11945944,Roca Plana dels Llamps,Point(1.80475 41.60138611),1162,Конгломерат
http://www.wikidata.org/entity/Q11945945,Roca Punxeta,Point(1.66486111 42.28533639),2332,песчаник
http://www.wikidata.org/entity/Q11945945,Roca Punxeta,Point(1.66486111 42.28533639),2332,Мергель
http://www.wikidata.org/entity/Q11945945,Roca Punxeta,Point(1.66486111 42.28533639),2332,ил
http://www.wikidata.org/entity/Q11945955,Roca Roja,Point(1.100162558 42.07221017),1239,Брекчия
http://www.wikidata.org/entity/Q11945955,Roca Roja,Point(1.100162558 42.07221017),1239,Конгломерат
http://www.wikidata.org/entity/Q11945957,Roca Roja,Point(2.3425 41.75922222),1293.3,аспидный сланец
http://www.wikidata.org/entity/Q11945963,Roca Tirabal,Point(1.83769444 42.24825),1453,Мергель
http://www.wikidata.org/entity/Q11945967,Roca Verda,Point(1.66030556 42.28649722),2400,песчаник
http://www.wikidata.org/entity/Q11945967,Roca Verda,Point(1.66030556 42.28649722),2400,Мергель
http://www.wikidata.org/entity/Q11945967,Roca Verda,Point(1.66030556 42.28649722),2400,ил
http://www.wikidata.org/entity/Q11945989,Roca de Miralles,Point(3.13311667 42.34221944),278.2,Гранодиорит
http://www.wikidata.org/entity/Q11945991,Roca de Perles,Point(1.37828889 42.17841944),1061,известняк
http://www.wikidata.org/entity/Q11937395,Montalt,Point(2.496322223 41.604127792),597,Гранодиорит
http://www.wikidata.org/entity/Q11937397,Montanha d'Uishèra,Point(0.732791 42.765611),2339,известняк
http://www.wikidata.org/entity/Q11937406,Montbarbat,Point(2.77665867 41.735510186),328,leucogranite
http://www.wikidata.org/entity/Q11937416,Montcabrer (Cabrils),Point(2.383953 41.525744),317,leucogranite
http://www.wikidata.org/entity/Q11937423,Montclar,Point(1.345647737 41.465725492),948,песчаник
http://www.wikidata.org/entity/Q11937423,Montclar,Point(1.345647737 41.465725492),948,Мергель
http://www.wikidata.org/entity/Q11937423,Montclar,Point(1.345647737 41.465725492),948,Конгломерат
http://www.wikidata.org/entity/Q11937435,Monteró,Point(0.852997 41.862861),574,Конгломерат
http://www.wikidata.org/entity/Q11937435,Monteró,Point(0.852997 41.862861),574,lutite
http://www.wikidata.org/entity/Q11937445,Mont Falgars,Point(2.456883 42.363272),1610.8,песчаник
http://www.wikidata.org/entity/Q11937445,Mont Falgars,Point(2.456883 42.363272),1610.8,lutite
http://www.wikidata.org/entity/Q11937451,Montfred,Point(1.39313056 41.55773889),833,известняк
http://www.wikidata.org/entity/Q11937451,Montfred,Point(1.39313056 41.55773889),833,Мергель
http://www.wikidata.org/entity/Q11937456,Montgrí,Point(3.131649499 42.052106868),303,известняк
http://www.wikidata.org/entity/Q11937466,Montgó,Point(3.17394 42.1106),96,известняк
http://www.wikidata.org/entity/Q11937467,Montigalà,Point(2.23114167 41.46477778),152,Гранодиорит
http://www.wikidata.org/entity/Q11937468,Montigalar,Point(2.924636922 41.963054791),464,песчаник
http://www.wikidata.org/entity/Q11937468,Montigalar,Point(2.924636922 41.963054791),464,кварцит
http://www.wikidata.org/entity/Q11937468,Montigalar,Point(2.924636922 41.963054791),464,lutite
http://www.wikidata.org/entity/Q11937471,Montlleó,Point(1.62894 42.1378),1213,песчаник
http://www.wikidata.org/entity/Q11937471,Montlleó,Point(1.62894 42.1378),1213,Мергель
http://www.wikidata.org/entity/Q11937472,Montllobar,Point(0.797767345 42.146595207),1104,песчаник
http://www.wikidata.org/entity/Q11937472,Montllobar,Point(0.797767345 42.146595207),1104,Конгломерат
http://www.wikidata.org/entity/Q11937472,Montllobar,Point(0.797767345 42.146595207),1104,lutite
http://www.wikidata.org/entity/Q11937474,Montllorer,Point(2.535038 41.671169),556,Филлит
http://www.wikidata.org/entity/Q11937474,Montllorer,Point(2.535038 41.671169),556,роговик
http://www.wikidata.org/entity/Q11937477,Montlude,Point(0.758715323 42.785260949),2518,Филлит
http://www.wikidata.org/entity/Q11937479,Montmajor,Point(2.483049826 42.268783406),1074,известняк
http://www.wikidata.org/entity/Q11937479,Montmajor,Point(2.483049826 42.268783406),1074,доломит
http://www.wikidata.org/entity/Q11937485,Montorroio,Point(1.031139 42.503117),2862,мрамор
http://www.wikidata.org/entity/Q11937485,Montorroio,Point(1.031139 42.503117),2862,порфир
http://www.wikidata.org/entity/Q11937508,Montsaliente,Point(1.008688 42.603103),2890,Гранодиорит
http://www.wikidata.org/entity/Q11937658,Morro Negre,Point(2.33958333 41.73527778),964,Филлит
http://www.wikidata.org/entity/Q11937658,Morro Negre,Point(2.33958333 41.73527778),964,роговик
http://www.wikidata.org/entity/Q11937897,Munt de Montsonís,Point(1.014055 41.885768),591,известняк
http://www.wikidata.org/entity/Q11937926,Muntanya de Velers,Point(2.71342778 42.03183333),545,песчаник
http://www.wikidata.org/entity/Q11937926,Muntanya de Velers,Point(2.71342778 42.03183333),545,Мергель
http://www.wikidata.org/entity/Q11937926,Muntanya de Velers,Point(2.71342778 42.03183333),545,Конгломерат
http://www.wikidata.org/entity/Q11937935,Muntanya de la Sala,Point(2.04555 41.74988889),665,песчаник
http://www.wikidata.org/entity/Q11937935,Muntanya de la Sala,Point(2.04555 41.74988889),665,глина
http://www.wikidata.org/entity/Q11937935,Muntanya de la Sala,Point(2.04555 41.74988889),665,алевролит
http://www.wikidata.org/entity/Q11937949,muntanya dels Àngels,Point(2.908628147 41.984803372),483,аспидный сланец
http://www.wikidata.org/entity/Q11938114,mussol de Tumeneia,Point(0.84502222 42.61314444),2832,гранит
http://www.wikidata.org/entity/Q11945999,Roca de Suquer,Point(1.70988889 42.18147222),1639,Конгломерат
http://www.wikidata.org/entity/Q11946001,Roca de l'Espluga de Ninou,Point(1.07622222 42.17186111),1506,известняк
http://www.wikidata.org/entity/Q11946001,Roca de l'Espluga de Ninou,Point(1.07622222 42.17186111),1506,Мергель
http://www.wikidata.org/entity/Q11946001,Roca de l'Espluga de Ninou,Point(1.07622222 42.17186111),1506,доломит
http://www.wikidata.org/entity/Q11946018,Roca de la Pedrissa,Point(1.62973889 41.5994),398,Мергель
http://www.wikidata.org/entity/Q11946018,Roca de la Pedrissa,Point(1.62973889 41.5994),398,алевролит
http://www.wikidata.org/entity/Q11946035,Roca del Corb,Point(1.25796667 42.07722222),994,Конгломерат
http://www.wikidata.org/entity/Q11946036,Roca del Corb,Point(1.982305555 41.635166666),878,Конгломерат
http://www.wikidata.org/entity/Q11946072,Rocabandera,Point(1.30141167 41.877725),541,песчаник
http://www.wikidata.org/entity/Q11946072,Rocabandera,Point(1.30141167 41.877725),541,Мергель
http://www.wikidata.org/entity/Q11946072,Rocabandera,Point(1.30141167 41.877725),541,алевролит
http://www.wikidata.org/entity/Q11946095,Rocaterçana,Point(1.7315 42.115833),1382,известняк
http://www.wikidata.org/entity/Q11946095,Rocaterçana,Point(1.7315 42.115833),1382,Мергель
http://www.wikidata.org/entity/Q11946101,Rocs de Canells,Point(1.90913889 42.29927778),2254,песчаник
http://www.wikidata.org/entity/Q11946101,Rocs de Canells,Point(1.90913889 42.29927778),2254,lutite
http://www.wikidata.org/entity/Q11946102,Rocs Blancs,Point(2.18530556 42.40788889),2784,песчаник
http://www.wikidata.org/entity/Q11946102,Rocs Blancs,Point(2.18530556 42.40788889),2784,lutite
http://www.wikidata.org/entity/Q11946223,roques Punxentes,Point(0.88155556 42.55958333),2316,Гранодиорит
http://www.wikidata.org/entity/Q11953462,Turó d'en Roure,Point(2.33938333 41.529975),449,Гранодиорит
http://www.wikidata.org/entity/Q11953463,Turó d'en Serra,Point(2.06285 41.4183),396,аспидный сланец
http://www.wikidata.org/entity/Q11953464,Turó d'en Torres,Point(2.28847222 41.5705),170.7,песчаник
http://www.wikidata.org/entity/Q11953464,Turó d'en Torres,Point(2.28847222 41.5705),170.7,глина
http://www.wikidata.org/entity/Q11953464,Turó d'en Torres,Point(2.28847222 41.5705),170.7,Конгломерат
http://www.wikidata.org/entity/Q11953472,Turó de Boixadors,Point(1.574775589 41.770642586),848,известняк
http://www.wikidata.org/entity/Q11953472,Turó de Boixadors,Point(1.574775589 41.770642586),848,Мергель
http://www.wikidata.org/entity/Q11953499,Turó de Can Xandri,Point(1.92558333 41.44075),425,аспидный сланец
http://www.wikidata.org/entity/Q11953505,Turó de Castellar,Point(2.460709 41.600744),427,порфир
http://www.wikidata.org/entity/Q11953506,Turó de Castellví,Point(2.08656667 41.41815167),461,аспидный сланец
http://www.wikidata.org/entity/Q11953509,Turó de Coll Prunera,Point(1.98997222 41.65436111),889,Конгломерат
http://www.wikidata.org/entity/Q11953511,Turó de Coma-roques,Point(1.50688333 41.51966389),795,известняк
http://www.wikidata.org/entity/Q11953519,Turó de Céllecs,Point(2.33829 41.556822),536,leucogranite
http://www.wikidata.org/entity/Q11953520,Turó de Donadeu,Point(2.22058333 41.49763889),402.2,порфир
http://www.wikidata.org/entity/Q11953521,Turó de Ferrera,Point(1.49040833 41.71621944),767,известняк
http://www.wikidata.org/entity/Q11953521,Turó de Ferrera,Point(1.49040833 41.71621944),767,Мергель
http://www.wikidata.org/entity/Q11953529,Turó de Martinell,Point(2.508782 41.757276),611.6,мрамор
http://www.wikidata.org/entity/Q11953533,Turó de Mas Capell,Point(1.53629722 41.52851111),661,известняк
http://www.wikidata.org/entity/Q11953537,Turó de Mirambell,Point(1.273575 41.86685417),435,гипс
http://www.wikidata.org/entity/Q11953537,Turó de Mirambell,Point(1.273575 41.86685417),435,Мергель
http://www.wikidata.org/entity/Q11912133,Cap de les Pales del Planell Gran,Point(0.91194444 42.56511111),2746,гранит
http://www.wikidata.org/entity/Q11912141,Cap del Muntanyó d'Àrreu,Point(0.99866389 42.6807),2629,Гранодиорит
http://www.wikidata.org/entity/Q11912147,Cap del Roc,Point(1.27509167 42.34116944),1448,известняк
http://www.wikidata.org/entity/Q11912149,Cap del Serrat Gran,Point(1.91022 42.3107),2402,известняк
http://www.wikidata.org/entity/Q11912149,Cap del Serrat Gran,Point(1.91022 42.3107),2402,lutite
http://www.wikidata.org/entity/Q11912156,Cap dels Vedats d'Erta,Point(0.85295556 42.45409722),2632,аспидный сланец
http://www.wikidata.org/entity/Q11912159,Cap dels Plans,Point(1.70591667 42.06822194),1384,Конгломерат
http://www.wikidata.org/entity/Q11912165,Cap des Agudes,Point(0.689446 42.826556),1678,известняк
http://www.wikidata.org/entity/Q11912165,Cap des Agudes,Point(0.689446 42.826556),1678,аспидный сланец
http://www.wikidata.org/entity/Q11912168,Cap des Cròdos,Point(0.80983611 42.75004083),2328,песчаник
http://www.wikidata.org/entity/Q11912168,Cap des Cròdos,Point(0.80983611 42.75004083),2328,lutite
http://www.wikidata.org/entity/Q11912282,Carcassells d'en Dalmau,Point(2.95912778 41.79321944),401.1,leucogranite
http://www.wikidata.org/entity/Q11913176,Castellets,Point(2.68049167 42.25762222),986,песчаник
http://www.wikidata.org/entity/Q11913176,Castellets,Point(2.68049167 42.25762222),986,известняк
http://www.wikidata.org/entity/Q11913179,Castellferran,Point(1.76408 41.6083),791,Конгломерат
http://www.wikidata.org/entity/Q11913204,Castellvell,Point(1.5011275 41.99411667),847,песчаник
http://www.wikidata.org/entity/Q11913204,Castellvell,Point(1.5011275 41.99411667),847,lutite
http://www.wikidata.org/entity/Q11913207,Castellàs,Point(0.92813056 41.92103889),772,песчаник
http://www.wikidata.org/entity/Q11913207,Castellàs,Point(0.92813056 41.92103889),772,известняк
http://www.wikidata.org/entity/Q11913207,Castellàs,Point(0.92813056 41.92103889),772,Калькаренит
http://www.wikidata.org/entity/Q11913314,Cavall Bernat de Llabería,Point(0.875157009 41.084050702),840,известняк
http://www.wikidata.org/entity/Q11913314,Cavall Bernat de Llabería,Point(0.875157009 41.084050702),840,Мергель
http://www.wikidata.org/entity/Q11913314,Cavall Bernat de Llabería,Point(0.875157009 41.084050702),840,доломит
http://www.wikidata.org/entity/Q11913785,Cim de Coma Morera,Point(2.02361111 42.35569444),2207.7,песчаник
http://www.wikidata.org/entity/Q11913785,Cim de Coma Morera,Point(2.02361111 42.35569444),2207.7,lutite
http://www.wikidata.org/entity/Q11913788,Estremera Summit,Point(2.12427778 42.33738889),1947.5,кристаллические сланцы
http://www.wikidata.org/entity/Q11913788,Estremera Summit,Point(2.12427778 42.33738889),1947.5,мрамор
http://www.wikidata.org/entity/Q11913788,Estremera Summit,Point(2.12427778 42.33738889),1947.5,гнейс
http://www.wikidata.org/entity/Q11913992,Clapí Vell,Point(1.542632 41.388047),703,известняк
http://www.wikidata.org/entity/Q11913992,Clapí Vell,Point(1.542632 41.388047),703,доломит
http://www.wikidata.org/entity/Q11914430,Cogulló d'Estela,Point(1.787085238 42.121606304),1870,Конгломерат
http://www.wikidata.org/entity/Q11914431,Cogulló de Sant Quiri,Point(1.13212778 42.10837222),1355,песчаник
http://www.wikidata.org/entity/Q11914493,Coll de Gossem,Point(1.68988611 41.64906111),799,песчаник
http://www.wikidata.org/entity/Q11914493,Coll de Gossem,Point(1.68988611 41.64906111),799,lutite
http://www.wikidata.org/entity/Q11914516,Coll de Pins,Point(0.593574351 40.987413816),500,Брекчия
http://www.wikidata.org/entity/Q11914516,Coll de Pins,Point(0.593574351 40.987413816),500,доломит
http://www.wikidata.org/entity/Q11914565,Coll de les Obagues (Godall),Point(0.462487 40.644331),246,песчаник
http://www.wikidata.org/entity/Q11914565,Coll de les Obagues (Godall),Point(0.462487 40.644331),246,lutite
http://www.wikidata.org/entity/Q11914565,Coll de les Obagues (Godall),Point(0.462487 40.644331),246,Калькаренит
http://www.wikidata.org/entity/Q11914673,Colldemà,Point(1.387625 42.15117194),1329,известняк
http://www.wikidata.org/entity/Q11948946,Serrat de Bavià,Point(1.42845556 41.9789),776,песчаник
http://www.wikidata.org/entity/Q11948946,Serrat de Bavià,Point(1.42845556 41.9789),776,Конгломерат
http://www.wikidata.org/entity/Q11948946,Serrat de Bavià,Point(1.42845556 41.9789),776,алевролит
http://www.wikidata.org/entity/Q11948977,Serrat de Castellà,Point(1.42191111 42.10252222),943,песчаник
http://www.wikidata.org/entity/Q11948977,Serrat de Castellà,Point(1.42191111 42.10252222),943,глина
http://www.wikidata.org/entity/Q11948977,Serrat de Castellà,Point(1.42191111 42.10252222),943,Конгломерат
http://www.wikidata.org/entity/Q11948987,Serrat de Creullobí,Point(1.34208056 41.919775),636,песчаник
http://www.wikidata.org/entity/Q11948987,Serrat de Creullobí,Point(1.34208056 41.919775),636,Конгломерат
http://www.wikidata.org/entity/Q11948987,Serrat de Creullobí,Point(1.34208056 41.919775),636,алевролит
http://www.wikidata.org/entity/Q11949011,Serrat de Migdia,Point(1.931652 42.118155),1082,Конгломерат
http://www.wikidata.org/entity/Q11949013,Serrat de Montpaó,Point(1.30203806 41.64544444),643,известняк
http://www.wikidata.org/entity/Q11949028,Serrat de Porredon,Point(1.39731667 42.058625),854,Конгломерат
http://www.wikidata.org/entity/Q11949041,Serrat de Puigpinós,Point(1.47216389 42.07275),892,песчаник
http://www.wikidata.org/entity/Q11949041,Serrat de Puigpinós,Point(1.47216389 42.07275),892,Конгломерат
http://www.wikidata.org/entity/Q11949041,Serrat de Puigpinós,Point(1.47216389 42.07275),892,алевролит
http://www.wikidata.org/entity/Q11949054,Serrat de Sant Iscle,Point(1.43856944 41.96583889),890,песчаник
http://www.wikidata.org/entity/Q11949054,Serrat de Sant Iscle,Point(1.43856944 41.96583889),890,Конгломерат
http://www.wikidata.org/entity/Q11949054,Serrat de Sant Iscle,Point(1.43856944 41.96583889),890,алевролит
http://www.wikidata.org/entity/Q11949055,Serrat de Sant Bartomeu,Point(1.52903333 42.01369167),869,песчаник
http://www.wikidata.org/entity/Q11949055,Serrat de Sant Bartomeu,Point(1.52903333 42.01369167),869,Конгломерат
http://www.wikidata.org/entity/Q11949055,Serrat de Sant Bartomeu,Point(1.52903333 42.01369167),869,алевролит
http://www.wikidata.org/entity/Q11949058,Serrat de Sant Isidre,Point(1.961989 42.090509),1117,песчаник
http://www.wikidata.org/entity/Q11949058,Serrat de Sant Isidre,Point(1.961989 42.090509),1117,Конгломерат
http://www.wikidata.org/entity/Q11949058,Serrat de Sant Isidre,Point(1.961989 42.090509),1117,lutite
http://www.wikidata.org/entity/Q11949068,Serrat de Sant Miquel,Point(1.39526944 41.96018611),733,песчаник
http://www.wikidata.org/entity/Q11949068,Serrat de Sant Miquel,Point(1.39526944 41.96018611),733,Конгломерат
http://www.wikidata.org/entity/Q11949068,Serrat de Sant Miquel,Point(1.39526944 41.96018611),733,алевролит
http://www.wikidata.org/entity/Q11949078,Serrat de Sant Romà,Point(1.35541944 41.92946389),688,песчаник
http://www.wikidata.org/entity/Q11949078,Serrat de Sant Romà,Point(1.35541944 41.92946389),688,Конгломерат
http://www.wikidata.org/entity/Q11949078,Serrat de Sant Romà,Point(1.35541944 41.92946389),688,алевролит
http://www.wikidata.org/entity/Q11949095,Serrat de Torreblanca,Point(1.63639722 42.04930556),1076,песчаник
http://www.wikidata.org/entity/Q11949095,Serrat de Torreblanca,Point(1.63639722 42.04930556),1076,Мергель
http://www.wikidata.org/entity/Q11949095,Serrat de Torreblanca,Point(1.63639722 42.04930556),1076,алевролит
http://www.wikidata.org/entity/Q11949099,Serrat de Vallverdú,Point(1.65744444 41.81528611),764,известняк
http://www.wikidata.org/entity/Q11949099,Serrat de Vallverdú,Point(1.65744444 41.81528611),764,Мергель
http://www.wikidata.org/entity/Q11949099,Serrat de Vallverdú,Point(1.65744444 41.81528611),764,lutite
http://www.wikidata.org/entity/Q11949111,Serrat de l'Ascensió,Point(1.33590722 41.94484167),745,песчаник
http://www.wikidata.org/entity/Q11949111,Serrat de l'Ascensió,Point(1.33590722 41.94484167),745,известняк
http://www.wikidata.org/entity/Q11949111,Serrat de l'Ascensió,Point(1.33590722 41.94484167),745,Мергель
http://www.wikidata.org/entity/Q11949145,Serrat de la Bandera,Point(1.443374 42.016355),858,песчаник
http://www.wikidata.org/entity/Q11949145,Serrat de la Bandera,Point(1.443374 42.016355),858,Конгломерат
http://www.wikidata.org/entity/Q11949145,Serrat de la Bandera,Point(1.443374 42.016355),858,алевролит
http://www.wikidata.org/entity/Q11949172,Serrat de la Creu de la Contrella,Point(1.515025 42.03756667),860,песчаник
http://www.wikidata.org/entity/Q11949172,Serrat de la Creu de la Contrella,Point(1.515025 42.03756667),860,lutite
http://www.wikidata.org/entity/Q11949184,Serrat de la Fusta,Point(1.47804444 42.05115222),854,песчаник
http://www.wikidata.org/entity/Q11949184,Serrat de la Fusta,Point(1.47804444 42.05115222),854,lutite
http://www.wikidata.org/entity/Q11949191,Serrat de la Llosa,Point(1.76505556 42.07780556),1236,песчаник
http://www.wikidata.org/entity/Q11949191,Serrat de la Llosa,Point(1.76505556 42.07780556),1236,Мергель
http://www.wikidata.org/entity/Q11949191,Serrat de la Llosa,Point(1.76505556 42.07780556),1236,алевролит
http://www.wikidata.org/entity/Q11949215,Serrat de la Plana,Point(1.40059389 41.92308056),803,песчаник
http://www.wikidata.org/entity/Q11949215,Serrat de la Plana,Point(1.40059389 41.92308056),803,известняк
http://www.wikidata.org/entity/Q11949215,Serrat de la Plana,Point(1.40059389 41.92308056),803,Мергель
http://www.wikidata.org/entity/Q11949238,Serrat de la Talaia,Point(1.490071 42.001223),832,песчаник
http://www.wikidata.org/entity/Q11949238,Serrat de la Talaia,Point(1.490071 42.001223),832,lutite
http://www.wikidata.org/entity/Q11949306,Serrat del Castell,Point(1.51743944 42.05325278),994,гравий
http://www.wikidata.org/entity/Q11949307,Serrat del Castell,Point(2.22431667 41.85373333),701,песчаник
http://www.wikidata.org/entity/Q11949307,Serrat del Castell,Point(2.22431667 41.85373333),701,Конгломерат
http://www.wikidata.org/entity/Q11949314,Serrat del Colom (Castellcir),Point(2.17166389 41.77624722),851,песчаник
http://www.wikidata.org/entity/Q11949314,Serrat del Colom (Castellcir),Point(2.17166389 41.77624722),851,Мергель
http://www.wikidata.org/entity/Q11949314,Serrat del Colom (Castellcir),Point(2.17166389 41.77624722),851,Конгломерат
http://www.wikidata.org/entity/Q11949321,Serrat del Cucut,Point(1.42036944 42.02153889),689,песчаник
http://www.wikidata.org/entity/Q11949321,Serrat del Cucut,Point(1.42036944 42.02153889),689,Конгломерат
http://www.wikidata.org/entity/Q11949321,Serrat del Cucut,Point(1.42036944 42.02153889),689,алевролит
http://www.wikidata.org/entity/Q11949332,Serrat del Ginebre,Point(1.42788611 41.99562778),788,песчаник
http://www.wikidata.org/entity/Q11949332,Serrat del Ginebre,Point(1.42788611 41.99562778),788,Конгломерат
http://www.wikidata.org/entity/Q11949332,Serrat del Ginebre,Point(1.42788611 41.99562778),788,алевролит
http://www.wikidata.org/entity/Q11949339,Serrat del Llogari,Point(2.004093 41.75607),624,песчаник
http://www.wikidata.org/entity/Q11949339,Serrat del Llogari,Point(2.004093 41.75607),624,известняк
http://www.wikidata.org/entity/Q11941477,Pic de Montalt,Point(1.132836 42.750379),2496,известняк
http://www.wikidata.org/entity/Q11941477,Pic de Montalt,Point(1.132836 42.750379),2496,lutite
http://www.wikidata.org/entity/Q11941478,Pic de Monestero,Point(1.01880694 42.54682778),2877,гранит
http://www.wikidata.org/entity/Q11941482,pic de Morrano,Point(0.94357778 42.52455278),2813,гранит
http://www.wikidata.org/entity/Q11941484,Pic de Màniga,Point(1.328839 42.505735),2517,песчаник
http://www.wikidata.org/entity/Q11941484,Pic de Màniga,Point(1.328839 42.505735),2517,Конгломерат
http://www.wikidata.org/entity/Q11941484,Pic de Màniga,Point(1.328839 42.505735),2517,lutite
http://www.wikidata.org/entity/Q11941485,Pic de Munyidor,Point(0.79252778 42.56018611),2650,известняк
http://www.wikidata.org/entity/Q11941490,Pic de Núria,Point(2.1431 42.416707),2789,песчаник
http://www.wikidata.org/entity/Q11941490,Pic de Núria,Point(2.1431 42.416707),2789,lutite
http://www.wikidata.org/entity/Q11941491,Pic de Norís,Point(1.37566389 42.60410556),2828,аспидный сланец
http://www.wikidata.org/entity/Q11941491,Pic de Norís,Point(1.37566389 42.60410556),2828,Филлит
http://www.wikidata.org/entity/Q11941491,Pic de Norís,Point(1.37566389 42.60410556),2828,lutite
http://www.wikidata.org/entity/Q11941493,Pic de Perris,Point(1.93788889 42.11683333),1046,Конгломерат
http://www.wikidata.org/entity/Q11941496,Pic de Qüenca,Point(1.054304 42.699814),2639,мрамор
http://www.wikidata.org/entity/Q11941497,Pico de Rosario,Point(1.00847 42.6966),2608,leucogranite
http://www.wikidata.org/entity/Q11941498,Pic de Rosari de Baciver,Point(1.02085 42.70913333),2617,гранит
http://www.wikidata.org/entity/Q11941501,pic de Sarradé,Point(0.91172222 42.57827778),2942,гранит
http://www.wikidata.org/entity/Q11941502,Pic de Santa Magdalena,Point(0.95047278 42.24937222),812,песчаник
http://www.wikidata.org/entity/Q11941502,Pic de Santa Magdalena,Point(0.95047278 42.24937222),812,lutite
http://www.wikidata.org/entity/Q11941506,Pic de Sobremonestero,Point(0.99492222 42.54401111),2880,гранит
http://www.wikidata.org/entity/Q11941507,Pic de Serós,Point(0.98227222 42.62929167),263.2,гранит
http://www.wikidata.org/entity/Q11941508,Pic de Serra Plana,Point(1.22116944 42.64100278),2303.7,песчаник
http://www.wikidata.org/entity/Q11941508,Pic de Serra Plana,Point(1.22116944 42.64100278),2303.7,lutite
http://www.wikidata.org/entity/Q11941511,pic de Travessani,Point(0.89144167 42.61186667),2754,гранит
http://www.wikidata.org/entity/Q11941512,Pic de Tempestats,Point(0.662331 42.626524),3290,гранит
http://www.wikidata.org/entity/Q11941513,Pico de Ventolau,Point(1.190422 42.690651),2851,изделия из глины и керамики
http://www.wikidata.org/entity/Q11941513,Pico de Ventolau,Point(1.190422 42.690651),2851,lutite
http://www.wikidata.org/entity/Q11941515,Pic de Xemeneies,Point(1.006837 42.621734),2828,Гранодиорит
http://www.wikidata.org/entity/Q11941516,Pic de l'Espada,Point(0.971881 42.499185),2549,песчаник
http://www.wikidata.org/entity/Q11941516,Pic de l'Espada,Point(0.971881 42.499185),2549,lutite
http://www.wikidata.org/entity/Q11941524,Pic de l'Àliga,Point(2.16620278 42.39664444),2422,кристаллические сланцы
http://www.wikidata.org/entity/Q11941524,Pic de l'Àliga,Point(2.16620278 42.39664444),2422,мрамор
http://www.wikidata.org/entity/Q11941524,Pic de l'Àliga,Point(2.16620278 42.39664444),2422,гнейс
http://www.wikidata.org/entity/Q11941529,Pic de la Colilla,Point(1.62054444 42.465475),2836,Гранодиорит
http://www.wikidata.org/entity/Q11941529,Pic de la Colilla,Point(1.62278 42.4655),2836,Гранодиорит
http://www.wikidata.org/entity/Q11941533,Pic de la Mainera,Point(1.027159 42.52448),2909,Гранодиорит
http://www.wikidata.org/entity/Q11941534,Pic de la Gallina,Point(1.17614167 42.70114583),2757,песчаник
http://www.wikidata.org/entity/Q11941534,Pic de la Gallina,Point(1.17614167 42.70114583),2757,lutite
http://www.wikidata.org/entity/Q11941541,pic de la Pala Gespadera,Point(0.88195278 42.57258333),2876,Гранодиорит
http://www.wikidata.org/entity/Q11941542,Pic de la Plana,Point(1.036675 42.661582),2493,песчаник
http://www.wikidata.org/entity/Q11941542,Pic de la Plana,Point(1.036675 42.661582),2493,lutite
http://www.wikidata.org/entity/Q11941543,Pic de la Portelleta,Point(1.656561077 42.468205716),2905,Гранодиорит
http://www.wikidata.org/entity/Q11941546,pic de la Tallada Llarga,Point(0.90761944 42.60763611),2748,гранит
http://www.wikidata.org/entity/Q11941551,Pic del Coll de la Rimaya,Point(0.636712 42.647695),3265,гранит
http://www.wikidata.org/entity/Q11941553,Pic del Mig,Point(0.645658 42.638709),3346,гранит
http://www.wikidata.org/entity/Q11941554,pic del Portarró,Point(0.970147 42.583737),2734,Гранодиорит
http://www.wikidata.org/entity/Q11941559,pic del Racó,Point(0.91063889 42.57325),2875,гранит
http://www.wikidata.org/entity/Q11941560,Pic dels Corrals,Point(0.91166944 42.03690556),977,песчаник
http://www.wikidata.org/entity/Q11941560,Pic dels Corrals,Point(0.91166944 42.03690556),977,Калькаренит
http://www.wikidata.org/entity/Q11941567,Pic dels Vidals,Point(0.99796389 42.53460972),2904,гранит
http://www.wikidata.org/entity/Q11941568,Pica de Cerví,Point(0.879226097 42.452943179),2753,аспидный сланец
http://www.wikidata.org/entity/Q11941579,Pics de Comaltes,Point(0.873542 42.570735),2781,Гранодиорит
http://www.wikidata.org/entity/Q11941582,Pics de Comalespada,Point(0.877554 42.593623),2831,гранит
http://www.wikidata.org/entity/Q11941682,Pinós,Point(1.528941231 41.833588608),928,песчаник
http://www.wikidata.org/entity/Q11941682,Pinós,Point(1.528941231 41.833588608),928,Мергель
http://www.wikidata.org/entity/Q11941682,Pinós,Point(1.528941231 41.833588608),928,алевролит
http://www.wikidata.org/entity/Q11941694,Piquet de Guerossos,Point(1.27429167 42.70454167),2583,песчаник
http://www.wikidata.org/entity/Q11941694,Piquet de Guerossos,Point(1.27429167 42.70454167),2583,lutite
http://www.wikidata.org/entity/Q11941814,Pla de la Bassa,Point(2.00391 42.3422),2028.3,песчаник
http://www.wikidata.org/entity/Q11941814,Pla de la Bassa,Point(2.00391 42.3422),2028.3,lutite
http://www.wikidata.org/entity/Q11941835,Pla de les Bruixes,Point(1.86858333 41.57994444),396,песчаник
http://www.wikidata.org/entity/Q11941835,Pla de les Bruixes,Point(1.86858333 41.57994444),396,глина
http://www.wikidata.org/entity/Q11941835,Pla de les Bruixes,Point(1.86858333 41.57994444),396,алевролит
http://www.wikidata.org/entity/Q11942560,Prat d'Estaques,Point(1.53076389 42.09377222),1326,Конгломерат
http://www.wikidata.org/entity/Q11942729,Primer Pic Occidental de la Maladeta,Point(0.632572 42.650234),3284,гранит
http://www.wikidata.org/entity/Q11943304,Pui Pla,Point(1.00639 42.5956),2831,Гранодиорит
http://www.wikidata.org/entity/Q11915835,Costa de Sant Julià,Point(1.18345917 41.91158056),421,песчаник
http://www.wikidata.org/entity/Q11915835,Costa de Sant Julià,Point(1.18345917 41.91158056),421,Мергель
http://www.wikidata.org/entity/Q11916045,crestell del Montanyó,Point(0.916808 42.523253),2706,метаморфическая горная порода
http://www.wikidata.org/entity/Q11916047,crestes Barrades,Point(0.89538611 42.57776667),2975,гранит
http://www.wikidata.org/entity/Q11916375,Les Càrcoles,Point(0.679571 41.035922),425,доломит
http://www.wikidata.org/entity/Q11916901,Q11916901,Point(0.624163 42.654093),3136,Granit
http://www.wikidata.org/entity/Q11918199,El Cabalot,Point(1.40138889 41.79782222),468,гипс
http://www.wikidata.org/entity/Q11918199,El Cabalot,Point(1.40138889 41.79782222),468,Мергель
http://www.wikidata.org/entity/Q11918202,El Calderer,Point(1.70677778 42.23913889),2497,известняк
http://www.wikidata.org/entity/Q11918217,El Capolat,Point(1.62574722 42.10832222),1358,Конгломерат
http://www.wikidata.org/entity/Q11918218,El Capolatell,Point(1.620623 42.107502),1316,Конгломерат
http://www.wikidata.org/entity/Q11918224,El Castell,Point(1.60109278 42.11600278),976,Конгломерат
http://www.wikidata.org/entity/Q11918229,El Castell de Rus,Point(0.924062 42.491639),2776,песчаник
http://www.wikidata.org/entity/Q11918229,El Castell de Rus,Point(0.924062 42.491639),2776,lutite
http://www.wikidata.org/entity/Q11918230,El Castellar Gran,Point(2.98157778 42.415575),532,гранит
http://www.wikidata.org/entity/Q11918231,El Castell dels Lladres,Point(1.78571694 42.47726111),2542,Гранодиорит
http://www.wikidata.org/entity/Q11918233,El Castellar Petit,Point(2.982581 42.418951),530,аспидный сланец
http://www.wikidata.org/entity/Q11918233,El Castellar Petit,Point(2.982581 42.418951),530,роговик
http://www.wikidata.org/entity/Q11918236,El Castellot,Point(1.58525 41.44275),793.1,известняк
http://www.wikidata.org/entity/Q11918236,El Castellot,Point(1.58525 41.44275),793.1,доломит
http://www.wikidata.org/entity/Q11918241,El Catarro,Point(1.68983889 41.60259722),497,известняк
http://www.wikidata.org/entity/Q11918259,el Codó,Point(0.914596 42.301519),1327,Конгломерат
http://www.wikidata.org/entity/Q11918262,El Cogulló,Point(1.44590278 42.08823889),904,песчаник
http://www.wikidata.org/entity/Q11918262,El Cogulló,Point(1.44590278 42.08823889),904,известняк
http://www.wikidata.org/entity/Q11918262,El Cogulló,Point(1.44590278 42.08823889),904,Мергель
http://www.wikidata.org/entity/Q11918263,el Cogulló,Point(1.039182 41.998183),1002,известняк
http://www.wikidata.org/entity/Q11918263,el Cogulló,Point(1.039182 41.998183),1002,Брекчия
http://www.wikidata.org/entity/Q11918263,el Cogulló,Point(1.039182 41.998183),1002,доломит
http://www.wikidata.org/entity/Q11918282,El Coscoll,Point(0.85549167 41.945675),696,известняк
http://www.wikidata.org/entity/Q11918282,El Coscoll,Point(0.85549167 41.945675),696,lutite
http://www.wikidata.org/entity/Q11918282,El Coscoll,Point(0.85549167 41.945675),696,Калькаренит
http://www.wikidata.org/entity/Q11918283,el Coscoller,Point(1.35435 42.127821),1299,Конгломерат
http://www.wikidata.org/entity/Q11918305,El Faro d'Erill,Point(0.80129889 42.52244722),2061.6,известняк
http://www.wikidata.org/entity/Q11918314,El Ferran,Point(2.57246111 42.29487778),985,известняк
http://www.wikidata.org/entity/Q11918314,El Ferran,Point(2.57246111 42.29487778),985,доломит
http://www.wikidata.org/entity/Q11918317,El Fitó,Point(1.75945278 41.22158611),56.2,известняк
http://www.wikidata.org/entity/Q11918355,El Juí del Moro,Point(1.682625 41.22186389),84.4,известняк
http://www.wikidata.org/entity/Q11918397,El Mirador,Point(1.26978611 41.65693889),524,песчаник
http://www.wikidata.org/entity/Q11918397,El Mirador,Point(1.26978611 41.65693889),524,известняк
http://www.wikidata.org/entity/Q11918397,El Mirador,Point(1.26978611 41.65693889),524,Мергель
http://www.wikidata.org/entity/Q11918407,El Montclar,Point(2.956192654 41.788662276),401,leucogranite
http://www.wikidata.org/entity/Q11918408,El Morinyol,Point(1.51653056 41.64649444),577,песчаник
http://www.wikidata.org/entity/Q11918408,El Morinyol,Point(1.51653056 41.64649444),577,Конгломерат
http://www.wikidata.org/entity/Q11918408,El Morinyol,Point(1.51653056 41.64649444),577,lutite
http://www.wikidata.org/entity/Q11918409,El Montori,Point(3.028288 42.025734),82,базальт
http://www.wikidata.org/entity/Q11918410,El Moro,Point(1.81573333 41.60351667),1206,Конгломерат
http://www.wikidata.org/entity/Q11918422,el Pa de Sucre,Point(0.84643889 42.61354722),2863,гранит
http://www.wikidata.org/entity/Q11918422,el Pa de Sucre,Point(0.84643889 42.61354722),2863,порфир
http://www.wikidata.org/entity/Q11918425,El Parany,Point(2.31330556 41.74977778),1151.9,песчаник
http://www.wikidata.org/entity/Q11918425,El Parany,Point(2.31330556 41.74977778),1151.9,глина
http://www.wikidata.org/entity/Q11918433,El Pedró (Cercs),Point(1.77880556 42.14727778),2080,известняк
http://www.wikidata.org/entity/Q11918434,El Pedró,Point(1.36494444 42.14205278),1448,известняк
http://www.wikidata.org/entity/Q11918434,El Pedró,Point(1.36494444 42.14205278),1448,Мергель
http://www.wikidata.org/entity/Q11918441,El Perdigó,Point(1.58740278 41.8109),766,известняк
http://www.wikidata.org/entity/Q11918441,El Perdigó,Point(1.58740278 41.8109),766,Мергель
http://www.wikidata.org/entity/Q11918441,El Perdigó,Point(1.58740278 41.8109),766,lutite
http://www.wikidata.org/entity/Q11918482,El Puig,Point(1.35038639 41.66936),653,песчаник
http://www.wikidata.org/entity/Q11918482,El Puig,Point(1.35038639 41.66936),653,известняк
http://www.wikidata.org/entity/Q11918482,El Puig,Point(1.35038639 41.66936),653,Мергель
http://www.wikidata.org/entity/Q11949369,Serrat del Puit,Point(1.44156111 41.95697778),885,песчаник
http://www.wikidata.org/entity/Q11949369,Serrat del Puit,Point(1.44156111 41.95697778),885,Конгломерат
http://www.wikidata.org/entity/Q11949369,Serrat del Puit,Point(1.44156111 41.95697778),885,алевролит
http://www.wikidata.org/entity/Q11949371,Serrat del Rector,Point(1.45705833 42.05695),794,песчаник
http://www.wikidata.org/entity/Q11949371,Serrat del Rector,Point(1.45705833 42.05695),794,lutite
http://www.wikidata.org/entity/Q11949392,Serrat del Villaró,Point(1.59596 42.0034),674,песчаник
http://www.wikidata.org/entity/Q11949392,Serrat del Villaró,Point(1.59596 42.0034),674,известняк
http://www.wikidata.org/entity/Q11949392,Serrat del Villaró,Point(1.59596 42.0034),674,Мергель
http://www.wikidata.org/entity/Q11949412,Serrat dels Moros,Point(1.41715972 41.97593611),709,песчаник
http://www.wikidata.org/entity/Q11949412,Serrat dels Moros,Point(1.41715972 41.97593611),709,Конгломерат
http://www.wikidata.org/entity/Q11949412,Serrat dels Moros,Point(1.41715972 41.97593611),709,алевролит
http://www.wikidata.org/entity/Q11949436,Serrat dels Xopers,Point(1.33603361 41.93197222),703,песчаник
http://www.wikidata.org/entity/Q11949436,Serrat dels Xopers,Point(1.33603361 41.93197222),703,известняк
http://www.wikidata.org/entity/Q11949436,Serrat dels Xopers,Point(1.33603361 41.93197222),703,Мергель
http://www.wikidata.org/entity/Q11949440,Serratalt,Point(1.4278 42.004),828,песчаник
http://www.wikidata.org/entity/Q11949440,Serratalt,Point(1.4278 42.004),828,Конгломерат
http://www.wikidata.org/entity/Q11949440,Serratalt,Point(1.4278 42.004),828,алевролит
http://www.wikidata.org/entity/Q11949499,Setcomelles,Point(1.18519472 42.17499167),1518,известняк
http://www.wikidata.org/entity/Q11949980,Sobirans,Point(1.46177778 42.11009722),1134,песчаник
http://www.wikidata.org/entity/Q11949980,Sobirans,Point(1.46177778 42.11009722),1134,Конгломерат
http://www.wikidata.org/entity/Q11949980,Sobirans,Point(1.46177778 42.11009722),1134,lutite
http://www.wikidata.org/entity/Q11950138,Solà de Mont-rebei,Point(0.71225 42.108925),689,песчаник
http://www.wikidata.org/entity/Q11950138,Solà de Mont-rebei,Point(0.71225 42.108925),689,Конгломерат
http://www.wikidata.org/entity/Q11950138,Solà de Mont-rebei,Point(0.71225 42.108925),689,lutite
http://www.wikidata.org/entity/Q11950850,Tambors de Rof,Point(1.35199222 42.07338889),970,песчаник
http://www.wikidata.org/entity/Q11950850,Tambors de Rof,Point(1.35199222 42.07338889),970,глина
http://www.wikidata.org/entity/Q11950850,Tambors de Rof,Point(1.35199222 42.07338889),970,Конгломерат
http://www.wikidata.org/entity/Q11951567,Tercer Pic Occidental de la Maladeta,Point(0.62765 42.65308),3185,гранит
http://www.wikidata.org/entity/Q11952583,Torreta de l'Orri,Point(1.215207126 42.408220028),2436,песчаник
http://www.wikidata.org/entity/Q11952583,Torreta de l'Orri,Point(1.215207126 42.408220028),2436,lutite
http://www.wikidata.org/entity/Q11952584,torreta de Montsià,Point(0.530331521 40.613641044),763,известняк
http://www.wikidata.org/entity/Q11952584,torreta de Montsià,Point(0.530331521 40.613641044),763,Мергель
http://www.wikidata.org/entity/Q11952585,Torreta dels Quatre Batlles,Point(0.76892778 41.85164056),616,Конгломерат
http://www.wikidata.org/entity/Q11952585,Torreta dels Quatre Batlles,Point(0.76892778 41.85164056),616,lutite
http://www.wikidata.org/entity/Q11952595,Tossa d'Espinau,Point(2.69285 42.273432),1087,песчаник
http://www.wikidata.org/entity/Q11952595,Tossa d'Espinau,Point(2.69285 42.273432),1087,известняк
http://www.wikidata.org/entity/Q11952596,Tosagrosa,Point(1.370483076 41.253446969),387,известняк
http://www.wikidata.org/entity/Q11952596,Tosagrosa,Point(1.370483076 41.253446969),387,доломит
http://www.wikidata.org/entity/Q11952597,Tossa Pelada,Point(1.5225 42.19055556),2379,известняк
http://www.wikidata.org/entity/Q11952601,Tossa del Pas dels Lladres,Point(2.08947222 42.37369444),2661.3,кристаллические сланцы
http://www.wikidata.org/entity/Q11952601,Tossa del Pas dels Lladres,Point(2.08947222 42.37369444),2661.3,мрамор
http://www.wikidata.org/entity/Q11952601,Tossa del Pas dels Lladres,Point(2.08947222 42.37369444),2661.3,гнейс
http://www.wikidata.org/entity/Q11952603,Tossal Alt,Point(1.356025 42.03832222),671,песчаник
http://www.wikidata.org/entity/Q11952603,Tossal Alt,Point(1.356025 42.03832222),671,Конгломерат
http://www.wikidata.org/entity/Q11952603,Tossal Alt,Point(1.356025 42.03832222),671,lutite
http://www.wikidata.org/entity/Q11952606,Tossal Bovinar,Point(1.631675 42.462752),2842,Гранодиорит
http://www.wikidata.org/entity/Q11952607,tossal Esbonllat,Point(0.94638889 42.57983333),2637,гранит
http://www.wikidata.org/entity/Q11952612,Tossal Esbonllat,Point(0.84730556 42.60693056),2601,гранит
http://www.wikidata.org/entity/Q11952614,Tossal Gran,Point(1.34454722 41.75278056),617,песчаник
http://www.wikidata.org/entity/Q11952614,Tossal Gran,Point(1.34454722 41.75278056),617,известняк
http://www.wikidata.org/entity/Q11952614,Tossal Gran,Point(1.34454722 41.75278056),617,Мергель
http://www.wikidata.org/entity/Q11952626,Tossal Llarg,Point(1.34894167 41.75107528),626,песчаник
http://www.wikidata.org/entity/Q11952626,Tossal Llarg,Point(1.34894167 41.75107528),626,известняк
http://www.wikidata.org/entity/Q11952626,Tossal Llarg,Point(1.34894167 41.75107528),626,Мергель
http://www.wikidata.org/entity/Q11952628,Tossal Llarg,Point(1.20384167 41.678575),481,известняк
http://www.wikidata.org/entity/Q11952633,Tossal Pla,Point(1.70919444 42.10733333),1134,песчаник
http://www.wikidata.org/entity/Q11952633,Tossal Pla,Point(1.70919444 42.10733333),1134,Конгломерат
http://www.wikidata.org/entity/Q11952633,Tossal Pla,Point(1.70919444 42.10733333),1134,lutite
http://www.wikidata.org/entity/Q11952637,Tossal Petit,Point(1.42638611 41.701355),742,песчаник
http://www.wikidata.org/entity/Q11952637,Tossal Petit,Point(1.42638611 41.701355),742,известняк
http://www.wikidata.org/entity/Q11952637,Tossal Petit,Point(1.42638611 41.701355),742,Мергель
http://www.wikidata.org/entity/Q11918490,El Puig Cúgol,Point(1.71247222 41.44186111),355.9,Конгломерат
http://www.wikidata.org/entity/Q11918496,el Pujol,Point(2.02752778 41.61105556),617.3,песчаник
http://www.wikidata.org/entity/Q11918496,el Pujol,Point(2.02752778 41.61105556),617.3,глина
http://www.wikidata.org/entity/Q11918511,El Rastell,Point(0.389306 40.7661),528,доломит
http://www.wikidata.org/entity/Q11918567,El Seriol,Point(1.44368056 41.92216111),878,песчаник
http://www.wikidata.org/entity/Q11918567,El Seriol,Point(1.44368056 41.92216111),878,известняк
http://www.wikidata.org/entity/Q11918567,El Seriol,Point(1.44368056 41.92216111),878,Мергель
http://www.wikidata.org/entity/Q11918575,El Serrat Alt,Point(1.47732222 41.97343056),935,песчаник
http://www.wikidata.org/entity/Q11918575,El Serrat Alt,Point(1.47732222 41.97343056),935,Конгломерат
http://www.wikidata.org/entity/Q11918575,El Serrat Alt,Point(1.47732222 41.97343056),935,lutite
http://www.wikidata.org/entity/Q11918578,El Siscar,Point(1.12480556 41.81294444),402,песчаник
http://www.wikidata.org/entity/Q11918578,El Siscar,Point(1.12480556 41.81294444),402,Конгломерат
http://www.wikidata.org/entity/Q11918578,El Siscar,Point(1.12480556 41.81294444),402,lutite
http://www.wikidata.org/entity/Q11918596,El Talló,Point(1.82366944 41.67850833),442.6,песчаник
http://www.wikidata.org/entity/Q11918596,El Talló,Point(1.82366944 41.67850833),442.6,известняк
http://www.wikidata.org/entity/Q11918597,El Talaiador,Point(1.72486389 42.07034167),1323,Конгломерат
http://www.wikidata.org/entity/Q11918601,El Telègraf,Point(2.250414 41.540528),200.6,аспидный сланец
http://www.wikidata.org/entity/Q11918606,El Torn,Point(0.883354759 40.965746141),152,доломит
http://www.wikidata.org/entity/Q11918619,El Tossal (Peramola),Point(1.27101944 42.09808333),1018,Конгломерат
http://www.wikidata.org/entity/Q11918620,El Tossal,Point(1.720193 42.152075),1551,доломит
http://www.wikidata.org/entity/Q11918621,El Tossal,Point(0.91508333 41.26451944),622.3,песчаник
http://www.wikidata.org/entity/Q11918621,El Tossal,Point(0.91508333 41.26451944),622.3,аспидный сланец
http://www.wikidata.org/entity/Q11918622,El Tossal,Point(1.60476111 41.87966944),714,песчаник
http://www.wikidata.org/entity/Q11918622,El Tossal,Point(1.60476111 41.87966944),714,lutite
http://www.wikidata.org/entity/Q11918626,El Tossal,Point(1.31629 41.9423),747,песчаник
http://www.wikidata.org/entity/Q11918626,El Tossal,Point(1.31629 41.9423),747,Мергель
http://www.wikidata.org/entity/Q11918626,El Tossal,Point(1.31629 41.9423),747,алевролит
http://www.wikidata.org/entity/Q11918628,El Tossal,Point(1.12879722 41.23231944),504,метаморфическая горная порода
http://www.wikidata.org/entity/Q11918637,El Trompo,Point(2.04443056 41.76541667),676,песчаник
http://www.wikidata.org/entity/Q11918637,El Trompo,Point(2.04443056 41.76541667),676,известняк
http://www.wikidata.org/entity/Q11918638,El Trencabarrals,Point(1.82743056 41.59114722),1016,Конгломерат
http://www.wikidata.org/entity/Q11918919,Els Altars,Point(1.01726639 42.44438611),2417,известняк
http://www.wikidata.org/entity/Q11918919,Els Altars,Point(1.01726639 42.44438611),2417,аспидный сланец
http://www.wikidata.org/entity/Q11918926,els Bessons,Point(0.847132154 41.466560739),593,песчаник
http://www.wikidata.org/entity/Q11918926,els Bessons,Point(0.847132154 41.466560739),593,lutite
http://www.wikidata.org/entity/Q11918952,Els Copets,Point(1.38847 42.0027),721,песчаник
http://www.wikidata.org/entity/Q11918952,Els Copets,Point(1.38847 42.0027),721,Конгломерат
http://www.wikidata.org/entity/Q11918952,Els Copets,Point(1.38847 42.0027),721,алевролит
http://www.wikidata.org/entity/Q11918974,Els Figuerals,Point(2.28183333 41.51390278),413,Гранодиорит
http://www.wikidata.org/entity/Q11919018,Els Orriets,Point(1.5566 42.15921389),2146,известняк
http://www.wikidata.org/entity/Q11919029,els Picons,Point(0.641572525 41.92583683),951,песчаник
http://www.wikidata.org/entity/Q11919029,els Picons,Point(0.641572525 41.92583683),951,известняк
http://www.wikidata.org/entity/Q11919029,els Picons,Point(0.641572525 41.92583683),951,Калькаренит
http://www.wikidata.org/entity/Q11919082,Els Tres Tossals,Point(1.72915278 41.84559722),457,песчаник
http://www.wikidata.org/entity/Q11919082,Els Tres Tossals,Point(1.72915278 41.84559722),457,lutite
http://www.wikidata.org/entity/Q11920489,Escòrnacrabes,Point(0.98653889 42.68391556),2613,Гранодиорит
http://www.wikidata.org/entity/Q11921502,Faig Rodó,Point(2.57819444 42.11433333),1020,песчаник
http://www.wikidata.org/entity/Q11921502,Faig Rodó,Point(2.57819444 42.11433333),1020,Мергель
http://www.wikidata.org/entity/Q11921502,Faig Rodó,Point(2.57819444 42.11433333),1020,Конгломерат
http://www.wikidata.org/entity/Q11922140,Fita Alta,Point(1.04400278 42.44306667),1978,известняк
http://www.wikidata.org/entity/Q11922140,Fita Alta,Point(1.04400278 42.44306667),1978,аспидный сланец
http://www.wikidata.org/entity/Q11922143,Fitero,Point(0.95566944 42.47199167),2464,песчаник
http://www.wikidata.org/entity/Q11922143,Fitero,Point(0.95566944 42.47199167),2464,lutite
http://www.wikidata.org/entity/Q11922585,Q11922585,Point(0.67418333 42.62673056),3028,гранит
http://www.wikidata.org/entity/Q11953557,Turó de Sant Jaume,Point(1.68377 41.36325),294.4,известняк
http://www.wikidata.org/entity/Q11953557,Turó de Sant Jaume,Point(1.68377 41.36325),294.4,доломит
http://www.wikidata.org/entity/Q11953558,Turó de Sant Joan,Point(2.79824444 41.67915278),168,Гранодиорит
http://www.wikidata.org/entity/Q11953560,Turó de Sant Jordi,Point(2.72096667 41.770225),175,базальт
http://www.wikidata.org/entity/Q11953565,Turó de Sant Sebastià,Point(1.50419722 41.726125),762,известняк
http://www.wikidata.org/entity/Q11953565,Turó de Sant Sebastià,Point(1.50419722 41.726125),762,Мергель
http://www.wikidata.org/entity/Q11953574,Turó de Tres Creus,Point(1.969698 41.64995),930,Конгломерат
http://www.wikidata.org/entity/Q11953576,Turó de Ventafarines,Point(1.342525 41.60992778),657,гипс
http://www.wikidata.org/entity/Q11953576,Turó de Ventafarines,Point(1.342525 41.60992778),657,Мергель
http://www.wikidata.org/entity/Q11953586,Turó de l'Escala,Point(1.66313056 42.09383889),1278,Конгломерат
http://www.wikidata.org/entity/Q11953588,Turó de l'Escletxa,Point(1.886947128 41.62871052),447,песчаник
http://www.wikidata.org/entity/Q11953588,Turó de l'Escletxa,Point(1.886947128 41.62871052),447,глина
http://www.wikidata.org/entity/Q11953588,Turó de l'Escletxa,Point(1.886947128 41.62871052),447,алевролит
http://www.wikidata.org/entity/Q11953591,Turó de l'Home,Point(2.24536944 41.48631111),362,порфир
http://www.wikidata.org/entity/Q11953594,Turó de l'Ocata,Point(1.39530278 42.04418333),764,песчаник
http://www.wikidata.org/entity/Q11953594,Turó de l'Ocata,Point(1.39530278 42.04418333),764,Конгломерат
http://www.wikidata.org/entity/Q11953594,Turó de l'Ocata,Point(1.39530278 42.04418333),764,алевролит
http://www.wikidata.org/entity/Q11953598,Turó de l'Ullar,Point(2.20853611 41.70885),648,известняк
http://www.wikidata.org/entity/Q11953598,Turó de l'Ullar,Point(2.20853611 41.70885),648,песок
http://www.wikidata.org/entity/Q11953598,Turó de l'Ullar,Point(2.20853611 41.70885),648,алевролит
http://www.wikidata.org/entity/Q11953607,Turó de la Bandera,Point(2.38658333 41.80261111),1658.3,Филлит
http://www.wikidata.org/entity/Q11953607,Turó de la Bandera,Point(2.38658333 41.80261111),1658.3,роговик
http://www.wikidata.org/entity/Q11953608,Turó de la Bandera,Point(2.22425 41.51716667),175.1,аспидный сланец
http://www.wikidata.org/entity/Q11953632,Turó de la Fleca,Point(1.83513472 41.25170306),293.3,известняк
http://www.wikidata.org/entity/Q11953638,Turó de la Gronya,Point(1.89802778 41.56813889),520,аспидный сланец
http://www.wikidata.org/entity/Q11953645,Turó de la Picarola,Point(1.64808333 41.24766667),242,известняк
http://www.wikidata.org/entity/Q11953645,Turó de la Picarola,Point(1.64808333 41.24766667),242,доломит
http://www.wikidata.org/entity/Q11953649,Turó de la Qüestió,Point(2.07665278 41.41083889),363.7,аспидный сланец
http://www.wikidata.org/entity/Q11953655,Turó de la Roca Plana,Point(2.21419444 41.48880556),335.5,гранит
http://www.wikidata.org/entity/Q11953655,Turó de la Roca Plana,Point(2.21419444 41.48880556),335.5,Гранодиорит
http://www.wikidata.org/entity/Q11953662,Turó de la Simona,Point(2.35972222 41.58947222),294.8,Гранодиорит
http://www.wikidata.org/entity/Q11953669,Turó de la Socarrada,Point(1.88083333 41.58525),518.6,Конгломерат
http://www.wikidata.org/entity/Q11953677,Turó de les Armes,Point(1.54978056 42.112325),1197,Конгломерат
http://www.wikidata.org/entity/Q11953689,Turó de les Nou Cabres,Point(2.01833333 41.65391667),904.6,Конгломерат
http://www.wikidata.org/entity/Q11953690,Turó de les Pedritxes,Point(1.99008333 41.61497222),790.7,аспидный сланец
http://www.wikidata.org/entity/Q11953695,Turó de les Tres Partions,Point(1.693031 41.28053),435,известняк
http://www.wikidata.org/entity/Q11953695,Turó de les Tres Partions,Point(1.693031 41.28053),435,доломит
http://www.wikidata.org/entity/Q11953697,Turó del Boix,Point(1.47786111 41.94625556),876,песчаник
http://www.wikidata.org/entity/Q11953697,Turó del Boix,Point(1.47786111 41.94625556),876,известняк
http://www.wikidata.org/entity/Q11953697,Turó del Boix,Point(1.47786111 41.94625556),876,Мергель
http://www.wikidata.org/entity/Q11953701,Turó del Castell,Point(1.91981389 41.45087806),360,Конгломерат
http://www.wikidata.org/entity/Q11953708,Turó del Faig de la Bandera,Point(2.34246667 41.79916667),1286,аспидный сланец
http://www.wikidata.org/entity/Q11953724,Turó del Mig,Point(2.37208889 41.81643889),1581.8,Филлит
http://www.wikidata.org/entity/Q11953724,Turó del Mig,Point(2.37208889 41.81643889),1581.8,роговик
http://www.wikidata.org/entity/Q11953725,Turó del Monestir,Point(1.60333889 41.91418333),644,песчаник
http://www.wikidata.org/entity/Q11953725,Turó del Monestir,Point(1.60333889 41.91418333),644,Мергель
http://www.wikidata.org/entity/Q11953725,Turó del Monestir,Point(1.60333889 41.91418333),644,алевролит
http://www.wikidata.org/entity/Q11953728,Turó del Molí Nou,Point(0.42679167 40.59186389),252.2,известняк
http://www.wikidata.org/entity/Q11953728,Turó del Molí Nou,Point(0.42679167 40.59186389),252.2,Мергель
http://www.wikidata.org/entity/Q11953737,Turó del Pollastre,Point(2.52803611 41.6020075),295,Гранодиорит
http://www.wikidata.org/entity/Q11953739,Turó del Pla dels Emprius,Point(2.32177778 41.75155556),1195.6,Филлит
http://www.wikidata.org/entity/Q11953739,Turó del Pla dels Emprius,Point(2.32177778 41.75155556),1195.6,роговик
http://www.wikidata.org/entity/Q11953747,Turó del Rave,Point(1.849375 41.25665833),233.4,известняк
http://www.wikidata.org/entity/Q11953751,Turó del Terròs,Point(1.29121111 41.68975),574,песчаник
http://www.wikidata.org/entity/Q11953751,Turó del Terròs,Point(1.29121111 41.68975),574,известняк
http://www.wikidata.org/entity/Q11953751,Turó del Terròs,Point(1.29121111 41.68975),574,Мергель
http://www.wikidata.org/entity/Q11953754,Turó del Tancat,Point(1.81868583 41.24919444),118.5,известняк
http://www.wikidata.org/entity/Q11953756,Turó del Tàbor,Point(1.98672222 41.34469444),356,аспидный сланец
http://www.wikidata.org/entity/Q11953760,Turó del Vilar,Point(1.67014722 42.02771111),933,песчаник
http://www.wikidata.org/entity/Q11953760,Turó del Vilar,Point(1.67014722 42.02771111),933,Мергель
http://www.wikidata.org/entity/Q11953760,Turó del Vilar,Point(1.67014722 42.02771111),933,алевролит
http://www.wikidata.org/entity/Q11953761,Turó del Villaró,Point(2.4417 41.82498889),713.9,Пегматит
http://www.wikidata.org/entity/Q11953761,Turó del Villaró,Point(2.4417 41.82498889),713.9,аплит
http://www.wikidata.org/entity/Q11953761,Turó del Villaró,Point(2.4417 41.82498889),713.9,leucogranite
http://www.wikidata.org/entity/Q11755471,Leśniak,Point(15.8008 50.9869),677,greenschist
http://www.wikidata.org/entity/Q11755471,Leśniak,Point(15.80139 50.98699),677,greenschist
http://www.wikidata.org/entity/Q11772101,Mała Sowa,Point(16.465 50.6825),972,метаморфическая горная порода
http://www.wikidata.org/entity/Q11772101,Mała Sowa,Point(16.46645 50.68221),972,метаморфическая горная порода
http://www.wikidata.org/entity/Q11943309,Pui de Cassibrós,Point(1.264857 42.560695),2085,песчаник
http://www.wikidata.org/entity/Q11943309,Pui de Cassibrós,Point(1.264857 42.560695),2085,lutite
http://www.wikidata.org/entity/Q11943312,Pui de Far,Point(0.89844444 42.38416389),1623,известняк
http://www.wikidata.org/entity/Q11943315,Pui de Linya,Point(1.043251 42.565985),2870,Гранодиорит
http://www.wikidata.org/entity/Q11943322,Puig-alter,Point(1.785542 41.81393),522,известняк
http://www.wikidata.org/entity/Q11943322,Puig-alter,Point(1.785542 41.81393),522,Мергель
http://www.wikidata.org/entity/Q11943323,Puig-oriol,Point(1.426476 41.801833),571,песчаник
http://www.wikidata.org/entity/Q11943323,Puig-oriol,Point(1.426476 41.801833),571,Мергель
http://www.wikidata.org/entity/Q11943323,Puig-oriol,Point(1.426476 41.801833),571,алевролит
http://www.wikidata.org/entity/Q11943330,Puig Anyívol,Point(2.3016475 42.12791667),1195,Мергель
http://www.wikidata.org/entity/Q11943346,Puig Castellar,Point(1.99522222 41.39727778),186,аспидный сланец
http://www.wikidata.org/entity/Q11943350,Puig Castellar,Point(1.516477548 41.448330385),943,известняк
http://www.wikidata.org/entity/Q11943350,Puig Castellar,Point(1.516477548 41.448330385),943,доломит
http://www.wikidata.org/entity/Q11943355,Puig Cendrós,Point(1.892992805 41.575636073),499,Конгломерат
http://www.wikidata.org/entity/Q11943356,Puig Clarà,Point(2.738329 42.132836),315,глина
http://www.wikidata.org/entity/Q11943356,Puig Clarà,Point(2.738329 42.132836),315,Мергель
http://www.wikidata.org/entity/Q11943358,Puig Corbera,Point(1.889 41.42580556),585.6,известняк
http://www.wikidata.org/entity/Q11943358,Puig Corbera,Point(1.889 41.42580556),585.6,доломит
http://www.wikidata.org/entity/Q11943361,Puig Cornell,Point(3.022556 41.996357),77,песок
http://www.wikidata.org/entity/Q11943361,Puig Cornell,Point(3.022556 41.996357),77,глина
http://www.wikidata.org/entity/Q11943361,Puig Cornell,Point(3.022556 41.996357),77,гравий
http://www.wikidata.org/entity/Q11943372,Puig Fabregar,Point(2.20387778 41.75945),932.6,Мергель
http://www.wikidata.org/entity/Q11943374,Puig Falcó,Point(2.667094 42.37529),1097,гранит
http://www.wikidata.org/entity/Q11943378,Puig Farner,Point(1.56150556 41.70703889),687,песчаник
http://www.wikidata.org/entity/Q11943378,Puig Farner,Point(1.56150556 41.70703889),687,lutite
http://www.wikidata.org/entity/Q11943384,Puig Gertell,Point(1.69113056 42.07541944),1388,песчаник
http://www.wikidata.org/entity/Q11943384,Puig Gertell,Point(1.69113056 42.07541944),1388,Мергель
http://www.wikidata.org/entity/Q11943384,Puig Gertell,Point(1.69113056 42.07541944),1388,алевролит
http://www.wikidata.org/entity/Q11943387,Puig Gros,Point(0.456925 40.55307778),203,известняк
http://www.wikidata.org/entity/Q11943387,Puig Gros,Point(0.456925 40.55307778),203,Мергель
http://www.wikidata.org/entity/Q11943389,Puig Gros (Argençola),Point(1.43672 41.5957),765,известняк
http://www.wikidata.org/entity/Q11943389,Puig Gros (Argençola),Point(1.43672 41.5957),765,Мергель
http://www.wikidata.org/entity/Q11943401,Puig Madrona,Point(2.024097669 41.451298375),333,аспидный сланец
http://www.wikidata.org/entity/Q11943418,Puig Pelegrí,Point(3.29048333 42.31227222),130,кристаллические сланцы
http://www.wikidata.org/entity/Q11943418,Puig Pelegrí,Point(3.29048333 42.31227222),130,аспидный сланец
http://www.wikidata.org/entity/Q11943418,Puig Pelegrí,Point(3.29048333 42.31227222),130,Филлит
http://www.wikidata.org/entity/Q11943422,"Puig Pelat, Vilaplana",Point(1.054503807 41.266311048),1076,известняк
http://www.wikidata.org/entity/Q11943422,"Puig Pelat, Vilaplana",Point(1.054503807 41.266311048),1076,Мергель
http://www.wikidata.org/entity/Q11943422,"Puig Pelat, Vilaplana",Point(1.054503807 41.266311048),1076,доломит
http://www.wikidata.org/entity/Q11943427,Puig Rodon,Point(1.68841111 42.08103611),1338,Конгломерат
http://www.wikidata.org/entity/Q11943450,Puig Saiada,Point(1.896 41.3515),620.8,кальцит
http://www.wikidata.org/entity/Q11943450,Puig Saiada,Point(1.896 41.3515),620.8,доломит
http://www.wikidata.org/entity/Q11943452,Puig Satoies,Point(2.41544444 42.09688889),1251,ил
http://www.wikidata.org/entity/Q11943455,Puig Sec,Point(1.71774 42.1399),1295,песчаник
http://www.wikidata.org/entity/Q11943455,Puig Sec,Point(1.71774 42.1399),1295,Конгломерат
http://www.wikidata.org/entity/Q11943455,Puig Sec,Point(1.71774 42.1399),1295,lutite
http://www.wikidata.org/entity/Q11943459,Puig Segalar,Point(3.04993 42.11244),175,песчаник
http://www.wikidata.org/entity/Q11943459,Puig Segalar,Point(3.04993 42.11244),175,глина
http://www.wikidata.org/entity/Q11943459,Puig Segalar,Point(3.04993 42.11244),175,Конгломерат
http://www.wikidata.org/entity/Q11943469,Puig Terrers,Point(1.73815556 42.28245),2466,известняк
http://www.wikidata.org/entity/Q11943476,Puig Tosell,Point(2.37393 42.1166),1462,песчаник
http://www.wikidata.org/entity/Q11943476,Puig Tosell,Point(2.37393 42.1166),1462,Мергель
http://www.wikidata.org/entity/Q11943477,Puigventós,Point(1.905512 41.572029),606,песчаник
http://www.wikidata.org/entity/Q11943477,Puigventós,Point(1.905512 41.572029),606,глина
http://www.wikidata.org/entity/Q11943482,Puig Vicenç,Point(1.95404 41.367809),468,известняк
http://www.wikidata.org/entity/Q11943482,Puig Vicenç,Point(1.95404 41.367809),468,доломит
http://www.wikidata.org/entity/Q11943483,Puig Ventós,Point(2.850056 41.768311),422,Филлит
http://www.wikidata.org/entity/Q11943483,Puig Ventós,Point(2.850056 41.768311),422,роговик
http://www.wikidata.org/entity/Q11943484,Puig d'Aguilera,Point(1.670810694 41.604788518),626,известняк
http://www.wikidata.org/entity/Q11943496,Puig d'Aubesa,Point(1.69694722 41.85189278),583,песчаник
http://www.wikidata.org/entity/Q11943496,Puig d'Aubesa,Point(1.69694722 41.85189278),583,Мергель
http://www.wikidata.org/entity/Q11943496,Puig d'Aubesa,Point(1.69694722 41.85189278),583,алевролит
http://www.wikidata.org/entity/Q11943497,Puig d'Espinal,Point(1.86596944 41.27537222),386.9,известняк
http://www.wikidata.org/entity/Q11943500,Puig d'Olena,Point(2.17858056 41.73235278),823,Конгломерат
http://www.wikidata.org/entity/Q11943501,Puig d'Estany,Point(1.13758889 41.90625556),622,песчаник
http://www.wikidata.org/entity/Q11943501,Puig d'Estany,Point(1.13758889 41.90625556),622,известняк
http://www.wikidata.org/entity/Q11943501,Puig d'Estany,Point(1.13758889 41.90625556),622,Мергель
http://www.wikidata.org/entity/Q11943503,Puig d'Olorda,Point(2.054990612 41.412193952),450,известняк
http://www.wikidata.org/entity/Q11943510,Puig d'en Boronet,Point(1.837522 41.249639),315,известняк
http://www.wikidata.org/entity/Q11943516,Puig d'en Carbonell,Point(1.82165278 41.27503056),276.4,известняк
http://www.wikidata.org/entity/Q11943529,Puig d'en Jordà,Point(3.08205 42.427758),754,кристаллические сланцы
http://www.wikidata.org/entity/Q11943529,Puig d'en Jordà,Point(3.08205 42.427758),754,аспидный сланец
http://www.wikidata.org/entity/Q11943529,Puig d'en Jordà,Point(3.08205 42.427758),754,Филлит
http://www.wikidata.org/entity/Q11953779,Turó dels Picapins,Point(1.60298611 41.85167583),645,известняк
http://www.wikidata.org/entity/Q11953779,Turó dels Picapins,Point(1.60298611 41.85167583),645,Мергель
http://www.wikidata.org/entity/Q11954454,Ventolada,Point(1.56001389 42.10236139),1319,Конгломерат
http://www.wikidata.org/entity/Q11954751,Vilaestret,Point(0.47068333 40.65971389),229,песчаник
http://www.wikidata.org/entity/Q11954751,Vilaestret,Point(0.47068333 40.65971389),229,известняк
http://www.wikidata.org/entity/Q11954751,Vilaestret,Point(0.47068333 40.65971389),229,Мергель
http://www.wikidata.org/entity/Q11952645,Tossal Rodó,Point(1.68694167 42.17411111),1437,песчаник
http://www.wikidata.org/entity/Q11952645,Tossal Rodó,Point(1.68694167 42.17411111),1437,Конгломерат
http://www.wikidata.org/entity/Q11952645,Tossal Rodó,Point(1.68694167 42.17411111),1437,lutite
http://www.wikidata.org/entity/Q11952648,Tossal Rodó,Point(1.45451667 42.12723611),1215,песчаник
http://www.wikidata.org/entity/Q11952648,Tossal Rodó,Point(1.45451667 42.12723611),1215,Конгломерат
http://www.wikidata.org/entity/Q11952648,Tossal Rodó,Point(1.45451667 42.12723611),1215,lutite
http://www.wikidata.org/entity/Q11952654,Tossal Roig,Point(1.38013889 42.03011389),579,песчаник
http://www.wikidata.org/entity/Q11952654,Tossal Roig,Point(1.38013889 42.03011389),579,Конгломерат
http://www.wikidata.org/entity/Q11952654,Tossal Roig,Point(1.38013889 42.03011389),579,lutite
http://www.wikidata.org/entity/Q11952657,Tossal Roig,Point(1.21238333 41.81168056),532,песчаник
http://www.wikidata.org/entity/Q11952657,Tossal Roig,Point(1.21238333 41.81168056),532,глина
http://www.wikidata.org/entity/Q11952661,Tossal d'Alta-riba,Point(1.365278 41.712547),662,песчаник
http://www.wikidata.org/entity/Q11952661,Tossal d'Alta-riba,Point(1.365278 41.712547),662,известняк
http://www.wikidata.org/entity/Q11952661,Tossal d'Alta-riba,Point(1.365278 41.712547),662,Мергель
http://www.wikidata.org/entity/Q11952664,Tossal d'Orriols,Point(1.99391944 42.293375),1913,известняк
http://www.wikidata.org/entity/Q11952664,Tossal d'Orriols,Point(1.99391944 42.293375),1913,lutite
http://www.wikidata.org/entity/Q11952665,Tossal d'Espígol,Point(1.089982 41.711267),368,известняк
http://www.wikidata.org/entity/Q11952670,Tossal de Barrers,Point(1.18937778 41.64352778),486,известняк
http://www.wikidata.org/entity/Q11952672,Tossal d'en Roca,Point(1.4187025 41.70994722),749,песчаник
http://www.wikidata.org/entity/Q11952672,Tossal d'en Roca,Point(1.4187025 41.70994722),749,известняк
http://www.wikidata.org/entity/Q11952672,Tossal d'en Roca,Point(1.4187025 41.70994722),749,Мергель
http://www.wikidata.org/entity/Q11952674,Tossal de Bellera,Point(1.42088611 41.84375),561,песчаник
http://www.wikidata.org/entity/Q11952674,Tossal de Bellera,Point(1.42088611 41.84375),561,известняк
http://www.wikidata.org/entity/Q11952674,Tossal de Bellera,Point(1.42088611 41.84375),561,Мергель
http://www.wikidata.org/entity/Q11952684,Tossal de Cortiuda,Point(1.24219722 42.08922222),1016,песчаник
http://www.wikidata.org/entity/Q11952684,Tossal de Cortiuda,Point(1.24219722 42.08922222),1016,глина
http://www.wikidata.org/entity/Q11952685,Tossal de Comacalda,Point(1.35328333 41.64269444),665,песчаник
http://www.wikidata.org/entity/Q11952685,Tossal de Comacalda,Point(1.35328333 41.64269444),665,известняк
http://www.wikidata.org/entity/Q11952685,Tossal de Comacalda,Point(1.35328333 41.64269444),665,Мергель
http://www.wikidata.org/entity/Q11952694,Tossal de Montagut,Point(0.714712 40.941305),394,доломит
http://www.wikidata.org/entity/Q11952702,Tossal de Moradilla,Point(0.709795465 41.619530636),243,Конгломерат
http://www.wikidata.org/entity/Q11952705,Tossal de Pamano,Point(1.02166389 42.45744167),2161,известняк
http://www.wikidata.org/entity/Q11952705,Tossal de Pamano,Point(1.02166389 42.45744167),2161,аспидный сланец
http://www.wikidata.org/entity/Q11952706,Tossal de Paiasso,Point(0.930322794 42.472942039),2772,песчаник
http://www.wikidata.org/entity/Q11952706,Tossal de Paiasso,Point(0.930322794 42.472942039),2772,lutite
http://www.wikidata.org/entity/Q11952710,Tossal de Puigferrers,Point(1.56919639 41.819775),678,известняк
http://www.wikidata.org/entity/Q11952710,Tossal de Puigferrers,Point(1.56919639 41.819775),678,Мергель
http://www.wikidata.org/entity/Q11952711,Tossal de Ras,Point(1.36139444 41.66696417),623,песчаник
http://www.wikidata.org/entity/Q11952711,Tossal de Ras,Point(1.36139444 41.66696417),623,известняк
http://www.wikidata.org/entity/Q11952711,Tossal de Ras,Point(1.36139444 41.66696417),623,Мергель
http://www.wikidata.org/entity/Q11952713,Tossal de Robert,Point(1.3734 41.68463472),653,известняк
http://www.wikidata.org/entity/Q11952713,Tossal de Robert,Point(1.3734 41.68463472),653,Мергель
http://www.wikidata.org/entity/Q11952715,Tossal de Sant Jordi,Point(0.892467 41.899053),740,песчаник
http://www.wikidata.org/entity/Q11952715,Tossal de Sant Jordi,Point(0.892467 41.899053),740,известняк
http://www.wikidata.org/entity/Q11952715,Tossal de Sant Jordi,Point(0.892467 41.899053),740,Калькаренит
http://www.wikidata.org/entity/Q11952719,Tossal de Sant Pere,Point(1.39795556 41.98080833),688,песчаник
http://www.wikidata.org/entity/Q11952719,Tossal de Sant Pere,Point(1.39795556 41.98080833),688,Конгломерат
http://www.wikidata.org/entity/Q11952719,Tossal de Sant Pere,Point(1.39795556 41.98080833),688,алевролит
http://www.wikidata.org/entity/Q11952720,Tossal de Sant Pere,Point(1.00114 42.2084),715,известняк
http://www.wikidata.org/entity/Q11952720,Tossal de Sant Pere,Point(1.00114 42.2084),715,Мергель
http://www.wikidata.org/entity/Q11952734,Tossal de Vilella,Point(1.72226 42.0914),1526,Конгломерат
http://www.wikidata.org/entity/Q11952747,Tossal de l'Orpí,Point(1.238338 41.768936),457,глина
http://www.wikidata.org/entity/Q11952747,Tossal de l'Orpí,Point(1.238338 41.768936),457,Мергель
http://www.wikidata.org/entity/Q11952748,Tossal de l'Orri,Point(0.75194722 42.499),2293.7,известняк
http://www.wikidata.org/entity/Q11952751,Tossal de la Bagassa,Point(1.28126389 41.69769444),555,песчаник
http://www.wikidata.org/entity/Q11952751,Tossal de la Bagassa,Point(1.28126389 41.69769444),555,известняк
http://www.wikidata.org/entity/Q11952751,Tossal de la Bagassa,Point(1.28126389 41.69769444),555,Мергель
http://www.wikidata.org/entity/Q11952753,Tossal de la Bassa Nova,Point(1.25095944 41.72734722),457,глина
http://www.wikidata.org/entity/Q11952753,Tossal de la Bassa Nova,Point(1.25095944 41.72734722),457,Мергель
http://www.wikidata.org/entity/Q11952755,Tossal de la Cabana,Point(0.92497222 41.97608889),1061,известняк
http://www.wikidata.org/entity/Q11952755,Tossal de la Cabana,Point(0.92497222 41.97608889),1061,Брекчия
http://www.wikidata.org/entity/Q11952755,Tossal de la Cabana,Point(0.92497222 41.97608889),1061,доломит
http://www.wikidata.org/entity/Q11952757,Tossal de la Capella,Point(1.35950278 41.69965833),635,известняк
http://www.wikidata.org/entity/Q11952757,Tossal de la Capella,Point(1.35950278 41.69965833),635,Мергель
http://www.wikidata.org/entity/Q11952761,Tossal de la Costa,Point(0.95621667 42.44244167),2604,известняк
http://www.wikidata.org/entity/Q11952761,Tossal de la Costa,Point(0.95621667 42.44244167),2604,аспидный сланец
http://www.wikidata.org/entity/Q11952762,Tossal de la Comalada,Point(1.307417 41.7117),538,известняк
http://www.wikidata.org/entity/Q11952764,Serrat de la Creu,Point(1.32688611 42.11511111),975,песчаник
http://www.wikidata.org/entity/Q11952764,Serrat de la Creu,Point(1.32688611 42.11511111),975,глина
http://www.wikidata.org/entity/Q11952764,Serrat de la Creu,Point(1.32688611 42.11511111),975,Конгломерат
http://www.wikidata.org/entity/Q11952765,Tossal de la Creu (Torà),Point(1.40207143 41.846564978),658,песчаник
http://www.wikidata.org/entity/Q11952765,Tossal de la Creu (Torà),Point(1.40207143 41.846564978),658,известняк
http://www.wikidata.org/entity/Q11952765,Tossal de la Creu (Torà),Point(1.40207143 41.846564978),658,Мергель
http://www.wikidata.org/entity/Q11952767,Tossal de la Feixa,Point(1.246169 42.182013),1297,известняк
http://www.wikidata.org/entity/Q11952768,Tossal de la Doba,Point(1.05535833 42.15387222),822,песчаник
http://www.wikidata.org/entity/Q11952768,Tossal de la Doba,Point(1.05535833 42.15387222),822,lutite
http://www.wikidata.org/entity/Q11952771,Tossal de la Gaeta,Point(0.44625 41.13134722),547.7,песчаник
http://www.wikidata.org/entity/Q11952771,Tossal de la Gaeta,Point(0.44625 41.13134722),547.7,глина
http://www.wikidata.org/entity/Q11952776,Tossal de la Mallola,Point(1.375125 41.63668333),632,гипс
http://www.wikidata.org/entity/Q11952776,Tossal de la Mallola,Point(1.375125 41.63668333),632,Мергель
http://www.wikidata.org/entity/Q11952779,Tossal de la Morera,Point(1.39420278 41.80015417),472,гипс
http://www.wikidata.org/entity/Q11952779,Tossal de la Morera,Point(1.39420278 41.80015417),472,Мергель
http://www.wikidata.org/entity/Q11952780,Tossal de la Pesseta,Point(1.48827778 41.70598611),675,известняк
http://www.wikidata.org/entity/Q11952780,Tossal de la Pesseta,Point(1.48827778 41.70598611),675,Мергель
http://www.wikidata.org/entity/Q11952781,Tossal de la Palanca,Point(1.35029028 41.67818889),641,песчаник
http://www.wikidata.org/entity/Q11952781,Tossal de la Palanca,Point(1.35029028 41.67818889),641,известняк
http://www.wikidata.org/entity/Q11952781,Tossal de la Palanca,Point(1.35029028 41.67818889),641,Мергель
http://www.wikidata.org/entity/Q11952787,Tossal de la Somerota,Point(1.22550556 41.35665278),766,известняк
http://www.wikidata.org/entity/Q11952787,Tossal de la Somerota,Point(1.22550556 41.35665278),766,доломит
http://www.wikidata.org/entity/Q11952788,Tossal de la Truita,Point(1.585502 42.459196),2753,Гранодиорит
http://www.wikidata.org/entity/Q11952789,Tossal de la Vella,Point(1.335118 41.78781),601,известняк
http://www.wikidata.org/entity/Q11952789,Tossal de la Vella,Point(1.335118 41.78781),601,Мергель
http://www.wikidata.org/entity/Q11952792,Tossal de la Vinya,Point(1.01030556 42.26825),750,Конгломерат
http://www.wikidata.org/entity/Q11952793,Tossal de les Bruixes,Point(1.20808889 41.67665),492,известняк
http://www.wikidata.org/entity/Q11952798,Tossal de les Deveses,Point(1.29571111 41.63080556),625,глина
http://www.wikidata.org/entity/Q11952798,Tossal de les Deveses,Point(1.29571111 41.63080556),625,Мергель
http://www.wikidata.org/entity/Q11952808,Tossal de les Roies de Cardet,Point(0.765365646 42.51857981),2445,кварцит
http://www.wikidata.org/entity/Q11952811,Tossal de les Roques,Point(1.317217 41.649153),536,Мергель
http://www.wikidata.org/entity/Q11952814,Tossal de les Tenalles,Point(1.20285 41.652035),448,известняк
http://www.wikidata.org/entity/Q11952817,Tossal de les Viudes,Point(1.659226326 42.114752566),1379,Конгломерат
http://www.wikidata.org/entity/Q11952820,Tossal del Beli,Point(1.34610556 41.76115556),618,известняк
http://www.wikidata.org/entity/Q11952820,Tossal del Beli,Point(1.34610556 41.76115556),618,Мергель
http://www.wikidata.org/entity/Q11952821,Tossal del Baró,Point(1.29794722 41.69875833),541,известняк
http://www.wikidata.org/entity/Q11952822,Tossal del Bisbe,Point(1.623625 42.11888056),1198,Конгломерат
http://www.wikidata.org/entity/Q11952833,Tossal del Colom,Point(1.31336389 41.63434944),637,известняк
http://www.wikidata.org/entity/Q11952835,Tossal del Càvet,Point(0.89015 42.26273333),1263,песчаник
http://www.wikidata.org/entity/Q11952835,Tossal del Càvet,Point(0.89015 42.26273333),1263,Конгломерат
http://www.wikidata.org/entity/Q11952839,Tossal del Fuster,Point(1.32736389 41.76456111),582,известняк
http://www.wikidata.org/entity/Q11952839,Tossal del Fuster,Point(1.32736389 41.76456111),582,Мергель
http://www.wikidata.org/entity/Q11952841,Tossal del Gomà,Point(1.33229167 41.765475),599,известняк
http://www.wikidata.org/entity/Q11952841,Tossal del Gomà,Point(1.33229167 41.765475),599,Мергель
http://www.wikidata.org/entity/Q11952843,Tossal del Gassó,Point(1.07004444 42.15416667),803,песок
http://www.wikidata.org/entity/Q11952843,Tossal del Gassó,Point(1.07004444 42.15416667),803,гравий
http://www.wikidata.org/entity/Q11952843,Tossal del Gassó,Point(1.07004444 42.15416667),803,lutite
http://www.wikidata.org/entity/Q11943569,Puig de Cervera,Point(3.170752 42.435216),207,песчаник
http://www.wikidata.org/entity/Q11943569,Puig de Cervera,Point(3.170752 42.435216),207,алевролит
http://www.wikidata.org/entity/Q11943569,Puig de Cervera,Point(3.170752 42.435216),207,граувакка
http://www.wikidata.org/entity/Q11943573,Puig de Coma d'Olla,Point(2.23855 42.2824),1938,известняк
http://www.wikidata.org/entity/Q11943573,Puig de Coma d'Olla,Point(2.23855 42.2824),1938,lutite
http://www.wikidata.org/entity/Q11943576,Puig de Cubell,Point(2.350877 42.137669),1488,песчаник
http://www.wikidata.org/entity/Q11943576,Puig de Cubell,Point(2.350877 42.137669),1488,Конгломерат
http://www.wikidata.org/entity/Q11943580,Puig de Formigosa,Point(1.44196111 41.42171944),990,известняк
http://www.wikidata.org/entity/Q11943580,Puig de Formigosa,Point(1.44196111 41.42171944),990,доломит
http://www.wikidata.org/entity/Q11943585,Puig de Gallicant,Point(0.960719737 41.249501516),1010,доломит
http://www.wikidata.org/entity/Q11943586,Puig de Galliner,Point(0.94143611 42.18235833),835,песчаник
http://www.wikidata.org/entity/Q11943586,Puig de Galliner,Point(0.94143611 42.18235833),835,Мергель
http://www.wikidata.org/entity/Q11943586,Puig de Galliner,Point(0.94143611 42.18235833),835,lutite
http://www.wikidata.org/entity/Q11943608,Puig de Palou,Point(2.30201639 42.14352778),1427,песчаник
http://www.wikidata.org/entity/Q11943608,Puig de Palou,Point(2.30201639 42.14352778),1427,Мергель
http://www.wikidata.org/entity/Q11943615,Puig de Querroig,Point(3.120928538 42.438262898),672,кристаллические сланцы
http://www.wikidata.org/entity/Q11943615,Puig de Querroig,Point(3.120928538 42.438262898),672,аспидный сланец
http://www.wikidata.org/entity/Q11943615,Puig de Querroig,Point(3.120928538 42.438262898),672,Филлит
http://www.wikidata.org/entity/Q11943622,Puig de Sant Antoni,Point(1.474334793 41.243710062),409,известняк
http://www.wikidata.org/entity/Q11943622,Puig de Sant Antoni,Point(1.474334793 41.243710062),409,доломит
http://www.wikidata.org/entity/Q11943634,Puig de Sant Miquel,Point(1.580984817 41.637238519),733,Конгломерат
http://www.wikidata.org/entity/Q11924604,Gran Pic del Pessó,Point(0.924102242 42.509490344),2894,Гранодиорит
http://www.wikidata.org/entity/Q11924618,Gran Tuc de Crabes,Point(0.96266667 42.59455556),2791,Гранодиорит
http://www.wikidata.org/entity/Q11930022,L'Albarda Castellana,Point(1.813379 41.60102),1178,Конгломерат
http://www.wikidata.org/entity/Q11930060,L'Argimon,Point(2.635981088 41.83066075),465,Гранодиорит
http://www.wikidata.org/entity/Q11930067,L'Assuca,Point(2.29905556 42.26538889),1319,известняк
http://www.wikidata.org/entity/Q11930067,L'Assuca,Point(2.29905556 42.26538889),1319,Мергель
http://www.wikidata.org/entity/Q11930111,L'Espluga,Point(1.48283333 42.13753889),1534,известняк
http://www.wikidata.org/entity/Q11930111,L'Espluga,Point(1.48283333 42.13753889),1534,lutite
http://www.wikidata.org/entity/Q11930130,L'Extrem,Point(0.87111111 41.89633889),763,песчаник
http://www.wikidata.org/entity/Q11930130,L'Extrem,Point(0.87111111 41.89633889),763,известняк
http://www.wikidata.org/entity/Q11930130,L'Extrem,Point(0.87111111 41.89633889),763,Калькаренит
http://www.wikidata.org/entity/Q11930166,L'Oratori,Point(1.218321 42.201373),1757,Мергель
http://www.wikidata.org/entity/Q11930166,L'Oratori,Point(1.218321 42.201373),1757,Калькаренит
http://www.wikidata.org/entity/Q11930286,La Berruga,Point(2.12197222 42.27580556),1787,известняк
http://www.wikidata.org/entity/Q11930286,La Berruga,Point(2.12197222 42.27580556),1787,глина
http://www.wikidata.org/entity/Q11930291,La Borda,Point(1.50017 42.0104),837,песчаник
http://www.wikidata.org/entity/Q11930291,La Borda,Point(1.50017 42.0104),837,Конгломерат
http://www.wikidata.org/entity/Q11930291,La Borda,Point(1.50017 42.0104),837,lutite
http://www.wikidata.org/entity/Q11930335,La Carsosa,Point(1.795825 41.26026389),141.5,известняк
http://www.wikidata.org/entity/Q11930360,La Castelloneta,Point(1.5549 42.112386),1112,Конгломерат
http://www.wikidata.org/entity/Q11930372,La Cogula,Point(0.482468 40.577228),406,известняк
http://www.wikidata.org/entity/Q11930372,La Cogula,Point(0.482468 40.577228),406,Мергель
http://www.wikidata.org/entity/Q11930415,La Coscollada,Point(2.22895556 41.49155278),466,порфир
http://www.wikidata.org/entity/Q11930418,la Coscollosa,Point(0.413611111 40.9025),879,известняк
http://www.wikidata.org/entity/Q11930418,la Coscollosa,Point(0.413611111 40.9025),879,Мергель
http://www.wikidata.org/entity/Q11930418,la Coscollosa,Point(0.413611111 40.9025),879,доломит
http://www.wikidata.org/entity/Q11930430,La Covil,Point(2.09753 42.2816),2003,известняк
http://www.wikidata.org/entity/Q11930430,La Covil,Point(2.09753 42.2816),2003,lutite
http://www.wikidata.org/entity/Q11930444,La Creu de les Llaceres,Point(1.624025 41.86998611),618,песчаник
http://www.wikidata.org/entity/Q11930444,La Creu de les Llaceres,Point(1.624025 41.86998611),618,Мергель
http://www.wikidata.org/entity/Q11930444,La Creu de les Llaceres,Point(1.624025 41.86998611),618,алевролит
http://www.wikidata.org/entity/Q11930448,La Creueta,Point(1.41343889 42.07756389),813,песчаник
http://www.wikidata.org/entity/Q11930448,La Creueta,Point(1.41343889 42.07756389),813,Конгломерат
http://www.wikidata.org/entity/Q11930448,La Creueta,Point(1.41343889 42.07756389),813,алевролит
http://www.wikidata.org/entity/Q11930463,La Devesa,Point(2.108274 41.870279),971,известняк
http://www.wikidata.org/entity/Q11930463,La Devesa,Point(2.108274 41.870279),971,Мергель
http://www.wikidata.org/entity/Q11930463,La Devesa,Point(2.108274 41.870279),971,lutite
http://www.wikidata.org/entity/Q11930486,La Fita Grossa,Point(1.83454778 41.26718278),300.7,известняк
http://www.wikidata.org/entity/Q11930487,La Fita Alta,Point(0.843120284 41.612987092),289,гравий
http://www.wikidata.org/entity/Q11943664,Puig de l'Àliga,Point(1.697382454 41.2838672),464,известняк
http://www.wikidata.org/entity/Q11943664,Puig de l'Àliga,Point(1.697382454 41.2838672),464,доломит
http://www.wikidata.org/entity/Q11943665,Puig de l'Ullastre,Point(3.10446944 42.33719167),238,Гранодиорит
http://www.wikidata.org/entity/Q11943667,Puig de la Bandera,Point(3.12454167 41.93247778),162,Филлит
http://www.wikidata.org/entity/Q11943667,Puig de la Bandera,Point(3.12454167 41.93247778),162,роговик
http://www.wikidata.org/entity/Q11943669,Puig de la Bicoca,Point(2.34438611 42.14986111),1445,песчаник
http://www.wikidata.org/entity/Q11943669,Puig de la Bicoca,Point(2.34438611 42.14986111),1445,Мергель
http://www.wikidata.org/entity/Q11943680,Puig de la Cova,Point(1.475108074 41.315103804),672,известняк
http://www.wikidata.org/entity/Q11943680,Puig de la Cova,Point(1.475108074 41.315103804),672,Мергель
http://www.wikidata.org/entity/Q11943680,Puig de la Cova,Point(1.475108074 41.315103804),672,доломит
http://www.wikidata.org/entity/Q11943707,Puig de la Solana,Point(1.15661111 41.90606389),560,песчаник
http://www.wikidata.org/entity/Q11943707,Puig de la Solana,Point(1.15661111 41.90606389),560,известняк
http://www.wikidata.org/entity/Q11943707,Puig de la Solana,Point(1.15661111 41.90606389),560,Мергель
http://www.wikidata.org/entity/Q11943721,Puig de les Cadiretes,Point(2.928210154 41.757330774),519,leucogranite
http://www.wikidata.org/entity/Q11943732,Puig de les Gitanes,Point(2.72930833 42.13665833),378,глина
http://www.wikidata.org/entity/Q11943732,Puig de les Gitanes,Point(2.72930833 42.13665833),378,Мергель
http://www.wikidata.org/entity/Q11943734,Puig de les Forques,Point(1.44861944 41.32557222),711,известняк
http://www.wikidata.org/entity/Q11943734,Puig de les Forques,Point(1.44861944 41.32557222),711,доломит
http://www.wikidata.org/entity/Q11930543,La Grossa de Queralt,Point(0.843025 41.93878056),711,песчаник
http://www.wikidata.org/entity/Q11930543,La Grossa de Queralt,Point(0.843025 41.93878056),711,известняк
http://www.wikidata.org/entity/Q11930543,La Grossa de Queralt,Point(0.843025 41.93878056),711,Калькаренит
http://www.wikidata.org/entity/Q11930603,La Miloquera,Point(0.80148889 41.12402778),403.2,известняк
http://www.wikidata.org/entity/Q11930603,La Miloquera,Point(0.80148889 41.12402778),403.2,доломит
http://www.wikidata.org/entity/Q11930606,La Migdia,Point(0.397732 40.992862),621.3,Конгломерат
http://www.wikidata.org/entity/Q11930611,La Miranda de Terranyes,Point(0.280338 40.835005),1193,доломит
http://www.wikidata.org/entity/Q11930632,la Muntanya,Point(3.05336389 42.12175),104,песчаник
http://www.wikidata.org/entity/Q11930632,la Muntanya,Point(3.05336389 42.12175),104,глина
http://www.wikidata.org/entity/Q11930632,la Muntanya,Point(3.05336389 42.12175),104,Конгломерат
http://www.wikidata.org/entity/Q11930672,La Penya Blanca,Point(1.15369444 42.16313889),1407,известняк
http://www.wikidata.org/entity/Q11930672,La Penya Blanca,Point(1.15369444 42.16313889),1407,Мергель
http://www.wikidata.org/entity/Q11930672,La Penya Blanca,Point(1.15369444 42.16313889),1407,доломит
http://www.wikidata.org/entity/Q11930681,La Pinada,Point(1.41093333 41.77732778),616,песчаник
http://www.wikidata.org/entity/Q11930681,La Pinada,Point(1.41093333 41.77732778),616,известняк
http://www.wikidata.org/entity/Q11930681,La Pinada,Point(1.41093333 41.77732778),616,Мергель
http://www.wikidata.org/entity/Q11930713,La Punta del Barco,Point(2.02530556 41.78576972),620,песчаник
http://www.wikidata.org/entity/Q11930713,La Punta del Barco,Point(2.02530556 41.78576972),620,известняк
http://www.wikidata.org/entity/Q11930743,La Roca Alta,Point(1.16925 42.16722222),1404,известняк
http://www.wikidata.org/entity/Q11930743,La Roca Alta,Point(1.16925 42.16722222),1404,Мергель
http://www.wikidata.org/entity/Q11930747,La Roca Gran,Point(1.711598 42.316284),2088,известняк
http://www.wikidata.org/entity/Q11930747,La Roca Gran,Point(1.711598 42.316284),2088,lutite
http://www.wikidata.org/entity/Q11930752,La Rodona,Point(1.76431667 41.22301667),55.2,известняк
http://www.wikidata.org/entity/Q11930832,la Talaia,Point(1.67095556 41.24971667),269.1,известняк
http://www.wikidata.org/entity/Q11930832,la Talaia,Point(1.67095556 41.24971667),269.1,доломит
http://www.wikidata.org/entity/Q11930836,La Talaia,Point(2.30435278 42.12727778),1251,Мергель
http://www.wikidata.org/entity/Q11930877,La Torreta,Point(1.143976 42.25566),1771,известняк
http://www.wikidata.org/entity/Q11931473,Les Aiades,Point(2.26530556 42.25866667),1351,известняк
http://www.wikidata.org/entity/Q11931473,Les Aiades,Point(2.26530556 42.25866667),1351,Мергель
http://www.wikidata.org/entity/Q11943754,Puig del Camí Ramader,Point(0.973254 42.02062),1637,песчаник
http://www.wikidata.org/entity/Q11943754,Puig del Camí Ramader,Point(0.973254 42.02062),1637,известняк
http://www.wikidata.org/entity/Q11943754,Puig del Camí Ramader,Point(0.973254 42.02062),1637,Калькаренит
http://www.wikidata.org/entity/Q11943764,Puig del Far,Point(2.376163 41.959633),832,песчаник
http://www.wikidata.org/entity/Q11943764,Puig del Far,Point(2.376163 41.959633),832,Конгломерат
http://www.wikidata.org/entity/Q11943765,Puig del Cérvol,Point(1.945134 41.280051),311,известняк
http://www.wikidata.org/entity/Q11943765,Puig del Cérvol,Point(1.945134 41.280051),311,доломит
http://www.wikidata.org/entity/Q11943774,Puig del Pal,Point(2.98995833 42.39698611),242,аспидный сланец
http://www.wikidata.org/entity/Q11943774,Puig del Pal,Point(2.98995833 42.39698611),242,роговик
http://www.wikidata.org/entity/Q11943779,Puig del Rossinyol,Point(2.01348611 41.73720278),687,песчаник
http://www.wikidata.org/entity/Q11943779,Puig del Rossinyol,Point(2.01348611 41.73720278),687,известняк
http://www.wikidata.org/entity/Q11943802,Puig dels Pruners,Point(2.802938 42.428005),832,Тоналит
http://www.wikidata.org/entity/Q11943811,Puigberenguer,Point(1.81805556 41.73416667),295,песчаник
http://www.wikidata.org/entity/Q11943811,Puigberenguer,Point(1.81805556 41.73416667),295,Мергель
http://www.wikidata.org/entity/Q11943813,Puigcabrer,Point(1.191293267 41.315334409),524,известняк
http://www.wikidata.org/entity/Q11943813,Puigcabrer,Point(1.191293267 41.315334409),524,доломит
http://www.wikidata.org/entity/Q11943821,Puigdellívol,Point(1.65977778 41.80518889),899,песчаник
http://www.wikidata.org/entity/Q11943821,Puigdellívol,Point(1.65977778 41.80518889),899,Мергель
http://www.wikidata.org/entity/Q11943831,Puiggraciós,Point(2.241186999 41.702669898),808,песчаник
http://www.wikidata.org/entity/Q11943831,Puiggraciós,Point(2.241186999 41.702669898),808,глина
http://www.wikidata.org/entity/Q11943835,Puigllangord,Point(2.24233333 42.30211111),1596,Конгломерат
http://www.wikidata.org/entity/Q11943848,Puigsagordi,Point(2.20149833 41.80375556),983,песчаник
http://www.wikidata.org/entity/Q11943848,Puigsagordi,Point(2.20149833 41.80375556),983,Мергель
http://www.wikidata.org/entity/Q11943848,Puigsagordi,Point(2.20149833 41.80375556),983,Конгломерат
http://www.wikidata.org/entity/Q11943857,Puigsoler,Point(1.892855245 41.667885074),524,песчаник
http://www.wikidata.org/entity/Q11943857,Puigsoler,Point(1.892855245 41.667885074),524,известняк
http://www.wikidata.org/entity/Q11943861,Puigterrà,Point(1.82653333 41.72901389),281,песчаник
http://www.wikidata.org/entity/Q11943861,Puigterrà,Point(1.82653333 41.72901389),281,Мергель
http://www.wikidata.org/entity/Q11943863,Puigsoler Petit,Point(1.889275 41.66964167),471,песчаник
http://www.wikidata.org/entity/Q11943863,Puigsoler Petit,Point(1.889275 41.66964167),471,известняк
http://www.wikidata.org/entity/Q11943866,Puigventós,Point(1.57499722 41.86353889),804,песчаник
http://www.wikidata.org/entity/Q11943866,Puigventós,Point(1.57499722 41.86353889),804,Мергель
http://www.wikidata.org/entity/Q11943866,Puigventós,Point(1.57499722 41.86353889),804,алевролит
http://www.wikidata.org/entity/Q11943869,Puis de Gerber,Point(0.98288333 42.61793806),2738,гранит
http://www.wikidata.org/entity/Q11943877,Pujalt,Point(1.64780278 42.18826389),2109,Мергель
http://www.wikidata.org/entity/Q11943879,Pujol Petit,Point(1.84058056 41.24855),285.6,известняк
http://www.wikidata.org/entity/Q11943881,Pujol de Migjorn,Point(1.88744444 41.42302778),600,известняк
http://www.wikidata.org/entity/Q11943881,Pujol de Migjorn,Point(1.88744444 41.42302778),600,доломит
http://www.wikidata.org/entity/Q11943882,pujol de la Morella,Point(1.454203 41.193809),168,Калькаренит
http://www.wikidata.org/entity/Q11952862,Tossal del Postillon,Point(1.387798 41.630559),685,известняк
http://www.wikidata.org/entity/Q11952862,Tossal del Postillon,Point(1.387798 41.630559),685,Мергель
http://www.wikidata.org/entity/Q11952864,Tossal del Piu,Point(1.51690139 41.91265556),865,песчаник
http://www.wikidata.org/entity/Q11952864,Tossal del Piu,Point(1.51690139 41.91265556),865,известняк
http://www.wikidata.org/entity/Q11952864,Tossal del Piu,Point(1.51690139 41.91265556),865,Мергель
http://www.wikidata.org/entity/Q11952866,Tossal del Puial,Point(1.13303 42.341786),1913,известняк
http://www.wikidata.org/entity/Q11952872,Tossal del Quer,Point(1.624994 42.323748),1818,известняк
http://www.wikidata.org/entity/Q11952872,Tossal del Quer,Point(1.624994 42.323748),1818,доломит
http://www.wikidata.org/entity/Q11952884,Tossal dels Corbs,Point(0.92027778 42.28466667),1109,песчаник
http://www.wikidata.org/entity/Q11952884,Tossal dels Corbs,Point(0.92027778 42.28466667),1109,Конгломерат
http://www.wikidata.org/entity/Q11952898,Tossalet Roi,Point(1.06990833 42.42370833),1984,известняк
http://www.wikidata.org/entity/Q11952898,Tossalet Roi,Point(1.06990833 42.42370833),1984,аспидный сланец
http://www.wikidata.org/entity/Q11952905,Tossalet de la Coma,Point(1.02278889 42.49640833),2732,известняк
http://www.wikidata.org/entity/Q11952905,Tossalet de la Coma,Point(1.02278889 42.49640833),2732,аспидный сланец
http://www.wikidata.org/entity/Q11952909,tossalet del Pletiu,Point(0.87858333 42.57681667),2626,Гранодиорит
http://www.wikidata.org/entity/Q11952912,Tosseta de Vallcivera,Point(1.66241389 42.47476944),2848,Гранодиорит
http://www.wikidata.org/entity/Q11953055,Tres Puis,Point(0.98914444 42.64130556),2531,Гранодиорит
http://www.wikidata.org/entity/Q11953073,Trespics,Point(2.22433333 42.37163889),2529,известняк
http://www.wikidata.org/entity/Q11953073,Trespics,Point(2.22433333 42.37163889),2529,мрамор
http://www.wikidata.org/entity/Q11953073,Trespics,Point(2.22433333 42.37163889),2529,доломит
http://www.wikidata.org/entity/Q11953236,Trullars,Point(2.03463528 41.74483889),711,песчаник
http://www.wikidata.org/entity/Q11953236,Trullars,Point(2.03463528 41.74483889),711,известняк
http://www.wikidata.org/entity/Q11953265,Tuc Inferior de Saburó,Point(1.02195833 42.53796944),2848,гранит
http://www.wikidata.org/entity/Q11953267,tuc d'Ermèr,Point(0.83863889 42.80580278),2432,изделия из глины и керамики
http://www.wikidata.org/entity/Q11953267,tuc d'Ermèr,Point(0.83863889 42.80580278),2432,lutite
http://www.wikidata.org/entity/Q11953268,Tuc d'Arres,Point(0.663349 42.743713),2163,метаморфическая горная порода
http://www.wikidata.org/entity/Q11953270,Tuc d'Òrla,Point(0.98273056 42.78727222),2632,песчаник
http://www.wikidata.org/entity/Q11953270,Tuc d'Òrla,Point(0.98273056 42.78727222),2632,lutite
http://www.wikidata.org/entity/Q11953273,Tuc de Bonabé,Point(1.038 42.713278),2723,гранит
http://www.wikidata.org/entity/Q11953281,Tuc de Conangles,Point(0.8051 42.62691389),2784,Гранодиорит
http://www.wikidata.org/entity/Q11953282,Pico de Contesa,Point(0.788591 42.615515),2780,Гранодиорит
http://www.wikidata.org/entity/Q11953284,tuc de Cuenques,Point(0.74122222 42.68705),2263,известняк
http://www.wikidata.org/entity/Q11953285,Tuc de Guilhèm,Point(0.80020917 42.75623333),2393,известняк
http://www.wikidata.org/entity/Q11953286,Tuc de Lasauguèda,Point(1.26719139 42.71784667),2762,Гранодиорит
http://www.wikidata.org/entity/Q11953287,Tuc de Marterat,Point(1.25224028 42.71391944),2666,песчаник
http://www.wikidata.org/entity/Q11953287,Tuc de Marterat,Point(1.25224028 42.71391944),2666,lutite
http://www.wikidata.org/entity/Q11953288,tuc de Lhuçà,Point(0.901177564 42.610291764),2778,гранит
http://www.wikidata.org/entity/Q11953291,Tuc de Maubèrme,Point(0.917142208 42.793746442),2882,песчаник
http://www.wikidata.org/entity/Q11953291,Tuc de Maubèrme,Point(0.917142208 42.793746442),2882,lutite
http://www.wikidata.org/entity/Q11953293,Tuc de Poilanèr,Point(0.68015 42.72323333),2221,метаморфическая горная порода
http://www.wikidata.org/entity/Q11953295,Tuc de Pomèro,Point(0.68085 42.67498333),2488,песчаник
http://www.wikidata.org/entity/Q11953295,Tuc de Pomèro,Point(0.68085 42.67498333),2488,lutite
http://www.wikidata.org/entity/Q11953297,Tuc de Pujastó,Point(0.66075 42.79818056),2016,песчаник
http://www.wikidata.org/entity/Q11953297,Tuc de Pujastó,Point(0.66075 42.79818056),2016,lutite
http://www.wikidata.org/entity/Q11953299,Tuc de Ratera,Point(0.953482311 42.601224584),2861,Гранодиорит
http://www.wikidata.org/entity/Q11953300,Tuc de Ribassetes,Point(0.68055556 42.71061667),2140,аспидный сланец
http://www.wikidata.org/entity/Q11953302,tuc de Ribereta,Point(0.89524 42.626145),2676,гранит
http://www.wikidata.org/entity/Q11953303,Tuc de Roques Negres,Point(0.85725556 42.61082778),2498,гранит
http://www.wikidata.org/entity/Q11953304,tuc de Sanèla,Point(0.834565 42.71748667),2178,изделия из глины и керамики
http://www.wikidata.org/entity/Q11953304,tuc de Sanèla,Point(0.834565 42.71748667),2178,lutite
http://www.wikidata.org/entity/Q11953306,Tuc de Samont,Point(0.851899 42.751276),2508,песчаник
http://www.wikidata.org/entity/Q11953306,Tuc de Samont,Point(0.851899 42.751276),2508,lutite
http://www.wikidata.org/entity/Q11953307,tuc de Sarrahèra,Point(0.796356 42.644251),2634,Гранодиорит
http://www.wikidata.org/entity/Q11953308,tuc de Salana,Point(0.908438 42.646875),2485,Гранодиорит
http://www.wikidata.org/entity/Q11953309,tuc de Sendrosa,Point(0.94674444 42.64843056),2482,Гранодиорит
http://www.wikidata.org/entity/Q11953310,Tuc de Saublanca,Point(0.657637 42.795132),1952,песчаник
http://www.wikidata.org/entity/Q11953310,Tuc de Saublanca,Point(0.657637 42.795132),1952,lutite
http://www.wikidata.org/entity/Q11953311,Tuc de Bacivèr,Point(0.991789 42.712633),2645,Гранодиорит
http://www.wikidata.org/entity/Q12051369,Q12051369,Point(14.8667 50.1611),231,Q12054964
http://www.wikidata.org/entity/Q12055118,Смедавская,Point(15.2453 50.8503),1083.9,гранит
http://www.wikidata.org/entity/Q12055507,Sovice,Point(14.3025 50.4678),278,глинистый сланец
http://www.wikidata.org/entity/Q12059092,Tlustec,Point(14.7457 50.7269),592,базальт
http://www.wikidata.org/entity/Q12060285,Třebouňský vrch Třebouň GSM,Point(13.00222982 50.0142251),824,trachybasalt
http://www.wikidata.org/entity/Q12105723,Mount Bona,Point(25.73151667 50.09473056),397,песчаник
http://www.wikidata.org/entity/Q12105723,Mount Bona,Point(25.73151667 50.09473056),397,известняк
http://www.wikidata.org/entity/Q12105723,Mount Bona,Point(25.73151667 50.09473056),397,песок
http://www.wikidata.org/entity/Q12105723,Mount Bona,Point(25.73151667 50.09473056),397,мел
http://www.wikidata.org/entity/Q11943886,Pujol dels Llops,Point(1.66177778 41.25108333),179,известняк
http://www.wikidata.org/entity/Q11943886,Pujol dels Llops,Point(1.66177778 41.25108333),179,доломит
http://www.wikidata.org/entity/Q11943920,Punta Redona,Point(0.500928 41.058849),659,Брекчия
http://www.wikidata.org/entity/Q11943920,Punta Redona,Point(0.500928 41.058849),659,доломит
http://www.wikidata.org/entity/Q11943923,Punta d'Harlé,Point(0.842595085 42.610400821),2885,гранит
http://www.wikidata.org/entity/Q11943923,Punta d'Harlé,Point(0.842595085 42.610400821),2885,порфир
http://www.wikidata.org/entity/Q11943924,Punta d'Astorg,Point(0.644672 42.6404),3355,гранит
http://www.wikidata.org/entity/Q11943930,Punta de Farrúbio,Point(0.39288889 40.83586111),792,известняк
http://www.wikidata.org/entity/Q11943930,Punta de Farrúbio,Point(0.39288889 40.83586111),792,доломит
http://www.wikidata.org/entity/Q11943933,Punta de Lequeutre,Point(0.82768056 42.587325),2966,гранит
http://www.wikidata.org/entity/Q11943937,Montmeneu,Point(0.401385033 41.388711892),495,песчаник
http://www.wikidata.org/entity/Q11943937,Montmeneu,Point(0.401385033 41.388711892),495,глина
http://www.wikidata.org/entity/Q11943937,Montmeneu,Point(0.401385033 41.388711892),495,гипс
http://www.wikidata.org/entity/Q11943939,Punta de Palomes,Point(1.68044722 41.68235556),879,песчаник
http://www.wikidata.org/entity/Q11943939,Punta de Palomes,Point(1.68044722 41.68235556),879,lutite
http://www.wikidata.org/entity/Q11943946,Punta de Sant Roc,Point(0.740575 41.252),516.4,песчаник
http://www.wikidata.org/entity/Q11943946,Punta de Sant Roc,Point(0.740575 41.252),516.4,Конгломерат
http://www.wikidata.org/entity/Q11943946,Punta de Sant Roc,Point(0.740575 41.252),516.4,lutite
http://www.wikidata.org/entity/Q11943960,Punta de l'Àguila,Point(0.410199 40.958241),758,известняк
http://www.wikidata.org/entity/Q11943960,Punta de l'Àguila,Point(0.410199 40.958241),758,Мергель
http://www.wikidata.org/entity/Q11943960,Punta de l'Àguila,Point(0.410199 40.958241),758,доломит
http://www.wikidata.org/entity/Q11943974,Punta de la Peixera,Point(0.877931 41.184769),621.9,песчаник
http://www.wikidata.org/entity/Q11943974,Punta de la Peixera,Point(0.877931 41.184769),621.9,Конгломерат
http://www.wikidata.org/entity/Q11943974,Punta de la Peixera,Point(0.877931 41.184769),621.9,аспидный сланец
http://www.wikidata.org/entity/Q11943985,Punta de las Olas,Point(0.05499444 42.66326111),3002,известняк
http://www.wikidata.org/entity/Q11953313,Tuc de la Cigalera,Point(0.994325 42.67139444),2497,мрамор
http://www.wikidata.org/entity/Q11953313,Tuc de la Cigalera,Point(0.994325 42.67139444),2497,Филлит
http://www.wikidata.org/entity/Q11953314,tuc de la Montanyeta,Point(0.95252361 42.55283611),2675,гранит
http://www.wikidata.org/entity/Q11953315,Tuc de la Mina,Point(0.934855 42.49435833),2764,песчаник
http://www.wikidata.org/entity/Q11953315,Tuc de la Mina,Point(0.934855 42.49435833),2764,lutite
http://www.wikidata.org/entity/Q11953316,Tuc de la Cometa,Point(1.033049254 42.423699644),2445,известняк
http://www.wikidata.org/entity/Q11953316,Tuc de la Cometa,Point(1.033049254 42.423699644),2445,аспидный сланец
http://www.wikidata.org/entity/Q11953317,Tuc de la Comamarja,Point(0.878311634 42.526427878),2562.1,песчаник
http://www.wikidata.org/entity/Q11953317,Tuc de la Comamarja,Point(0.878311634 42.526427878),2562.1,lutite
http://www.wikidata.org/entity/Q11953318,tuc del Coll Arenós,Point(0.87458333 42.56546111),2648,Гранодиорит
http://www.wikidata.org/entity/Q11953320,tuc del Bergús,Point(0.95280556 42.59422222),2843,Гранодиорит
http://www.wikidata.org/entity/Q11953321,Tuc der Òme,Point(0.9351575 42.78885556),2732,аспидный сланец
http://www.wikidata.org/entity/Q11953322,Tuc dera Gossetèra,Point(0.64556667 42.78281111),1901,известняк
http://www.wikidata.org/entity/Q11953322,Tuc dera Gossetèra,Point(0.64556667 42.78281111),1901,аспидный сланец
http://www.wikidata.org/entity/Q11953323,tuc dera Pincèla,Point(0.875683713 42.7428629),2536,песчаник
http://www.wikidata.org/entity/Q11953323,tuc dera Pincèla,Point(0.875683713 42.7428629),2536,lutite
http://www.wikidata.org/entity/Q11953325,Tuc dera Montanheta,Point(0.94275278 42.67303333),2086,песчаник
http://www.wikidata.org/entity/Q11953325,Tuc dera Montanheta,Point(0.94275278 42.67303333),2086,метаморфическая горная порода
http://www.wikidata.org/entity/Q11953325,Tuc dera Montanheta,Point(0.94275278 42.67303333),2086,lutite
http://www.wikidata.org/entity/Q11953327,tuc des Carants,Point(0.903326 42.514046),2791,песчаник
http://www.wikidata.org/entity/Q11953327,tuc des Carants,Point(0.903326 42.514046),2791,lutite
http://www.wikidata.org/entity/Q11953330,tuc des Costes,Point(0.89690833 42.51995),2723,изделия из глины и керамики
http://www.wikidata.org/entity/Q11953330,tuc des Costes,Point(0.89690833 42.51995),2723,lutite
http://www.wikidata.org/entity/Q11953331,Tuc des Estanhets,Point(0.80698889 42.61923528),2887,Гранодиорит
http://www.wikidata.org/entity/Q11953334,tuc des Monges,Point(0.866017 42.622386),2699,гранит
http://www.wikidata.org/entity/Q11953335,Tuc des Letassi,Point(0.75245333 42.70394167),2177,аспидный сланец
http://www.wikidata.org/entity/Q11953337,tuc deth Cap deth Pòrt de Caldes,Point(0.89650556 42.62332222),2671,гранит
http://www.wikidata.org/entity/Q11953341,Tuca Blanca de Pomèro,Point(0.679717 42.6686),2697,известняк
http://www.wikidata.org/entity/Q11953346,tuca de Betren,Point(0.82028611 42.64493056),2518,Гранодиорит
http://www.wikidata.org/entity/Q11953351,Tuca del Coll de Coronas,Point(0.651173 42.635702),3286,гранит
http://www.wikidata.org/entity/Q11953352,Tuca dera Aubeta,Point(0.83726389 42.64778611),2487,Гранодиорит
http://www.wikidata.org/entity/Q11953391,Tuqueta deth Pòrt de Colomèrs,Point(0.91714444 42.59568056),2798,гранит
http://www.wikidata.org/entity/Q11953420,Turó Cremat,Point(2.35583333 41.59147222),244.7,Гранодиорит
http://www.wikidata.org/entity/Q11953422,Turó Gran de Bufadors,Point(2.24238889 42.13802778),1006,ил
http://www.wikidata.org/entity/Q11953423,Turó Gros,Point(2.18613889 41.64613889),400.5,гранит
http://www.wikidata.org/entity/Q11953423,Turó Gros,Point(2.18613889 41.64613889),400.5,Гранодиорит
http://www.wikidata.org/entity/Q11953426,Turó Monner,Point(2.31594444 41.73955556),1106.7,гранит
http://www.wikidata.org/entity/Q11953430,Turó Sesportadores,Point(2.39625 41.80594444),1603,Филлит
http://www.wikidata.org/entity/Q11953430,Turó Sesportadores,Point(2.39625 41.80594444),1603,роговик
http://www.wikidata.org/entity/Q11953438,Turó d'en Baldiri,Point(2.32926389 41.50825),430.6,порфир
http://www.wikidata.org/entity/Q11953443,Turó d'en Dori,Point(2.42696944 41.56808667),362.8,Гранодиорит
http://www.wikidata.org/entity/Q11953446,Turó d'en Galceran,Point(2.266640621 41.504685708),484,порфир
http://www.wikidata.org/entity/Q11931537,Les Comasses,Point(1.38827778 41.86596111),590,песчаник
http://www.wikidata.org/entity/Q11931537,Les Comasses,Point(1.38827778 41.86596111),590,известняк
http://www.wikidata.org/entity/Q11931537,Les Comasses,Point(1.38827778 41.86596111),590,Мергель
http://www.wikidata.org/entity/Q11931625,Les Mosques,Point(0.83643333 42.10691111),1032,песчаник
http://www.wikidata.org/entity/Q11931625,Les Mosques,Point(0.83643333 42.10691111),1032,Конгломерат
http://www.wikidata.org/entity/Q11931625,Les Mosques,Point(0.83643333 42.10691111),1032,lutite
http://www.wikidata.org/entity/Q11931652,Les Piques,Point(1.175845461 42.32096575),1969,песчаник
http://www.wikidata.org/entity/Q11931652,Les Piques,Point(1.175845461 42.32096575),1969,Конгломерат
http://www.wikidata.org/entity/Q11931652,Les Piques,Point(1.175845461 42.32096575),1969,lutite
http://www.wikidata.org/entity/Q11931701,Les Solanetes,Point(0.94293611 41.28419889),1053.2,известняк
http://www.wikidata.org/entity/Q11931701,Les Solanetes,Point(0.94293611 41.28419889),1053.2,доломит
http://www.wikidata.org/entity/Q11931722,Les Tosses (Ulldecona),Point(0.411178 40.606702),265,известняк
http://www.wikidata.org/entity/Q11931722,Les Tosses (Ulldecona),Point(0.411178 40.606702),265,Мергель
http://www.wikidata.org/entity/Q11931728,Les Tres Batlles,Point(2.262669 42.081689),805,песчаник
http://www.wikidata.org/entity/Q11931728,Les Tres Batlles,Point(2.262669 42.081689),805,Мергель
http://www.wikidata.org/entity/Q11931971,Linya,Point(1.62185556 41.96858889),668,песчаник
http://www.wikidata.org/entity/Q11931971,Linya,Point(1.62185556 41.96858889),668,известняк
http://www.wikidata.org/entity/Q11931971,Linya,Point(1.62185556 41.96858889),668,Мергель
http://www.wikidata.org/entity/Q11933713,Lo Blau,Point(0.266146 40.870771),841,песчаник
http://www.wikidata.org/entity/Q11933713,Lo Blau,Point(0.266146 40.870771),841,Мергель
http://www.wikidata.org/entity/Q11933713,Lo Blau,Point(0.266146 40.870771),841,Конгломерат
http://www.wikidata.org/entity/Q11933715,Lo Calbo,Point(1.179417137 42.598663098),2291,песчаник
http://www.wikidata.org/entity/Q11933715,Lo Calbo,Point(1.179417137 42.598663098),2291,lutite
http://www.wikidata.org/entity/Q11933730,Lo Castell,Point(0.92346944 42.26468333),996,песчаник
http://www.wikidata.org/entity/Q11933730,Lo Castell,Point(0.92346944 42.26468333),996,Конгломерат
http://www.wikidata.org/entity/Q11933732,Lo Castellot,Point(1.05473611 41.89192222),478,песчаник
http://www.wikidata.org/entity/Q11933732,Lo Castellot,Point(1.05473611 41.89192222),478,Мергель
http://www.wikidata.org/entity/Q11933732,Lo Castellot,Point(1.05473611 41.89192222),478,алевролит
http://www.wikidata.org/entity/Q11933771,Lo Peladet,Point(0.912398 42.02627),1465.5,известняк
http://www.wikidata.org/entity/Q11933773,lo Pessó Petit,Point(0.91716667 42.50344444),2792,Гранодиорит
http://www.wikidata.org/entity/Q12020677,Hrazený,Point(14.4290134 50.97404747),608,Тефрит
http://www.wikidata.org/entity/Q12024622,Jezerka,Point(13.9858 50.5006),487,Базанит
http://www.wikidata.org/entity/Q12031296,Kočka,Point(13.7873 49.6816),790,Hořice Sandstone
http://www.wikidata.org/entity/Q12031296,Kočka,Point(13.7873 49.6816),790,Paseky Shale
http://www.wikidata.org/entity/Q12771972,Morne aux Diables,Point(-61.45 15.61667),861,андезит
http://www.wikidata.org/entity/Q12771972,Morne aux Diables,Point(-61.436 15.6125),861,андезит
http://www.wikidata.org/entity/Q12040537,Nedvězí,Point(14.5292 50.5069),458,трахит
http://www.wikidata.org/entity/Q12043431,Ořešník,Point(15.1883 50.8589),800.1,гранит
http://www.wikidata.org/entity/Q12045608,Plešivec,Point(14.51 50.87),597,фонолит
http://www.wikidata.org/entity/Q14875575,Westmount Summit,Point(-73.6069 45.492),201,интрузивные горные породы
http://www.wikidata.org/entity/Q14906732,Große Ochsenwand,Point(11.2783 47.1542),2700,доломит
http://www.wikidata.org/entity/Q15052125,Birgitzköpfl,Point(11.31416667 47.19916667),1982,доломит
http://www.wikidata.org/entity/Q12777380,Tepi,Point(35.43444444 7.42305556),2728,базальт
http://www.wikidata.org/entity/Q15056702,Hochtennspitze,Point(11.29 47.17083333),2549,доломит
http://www.wikidata.org/entity/Q15057641,Q15057641,Point(11.29638889 47.17166667),2571,доломит
http://www.wikidata.org/entity/Q15108495,Bärenkopf,Point(11.71227 47.41453),1991,осадочная горная порода
http://www.wikidata.org/entity/Q15139146,Q15139146,Point(6.71638889 44.1425),2523,осадочная горная порода
http://www.wikidata.org/entity/Q12955367,Q12955367,Point(6.09694 43.135),291,mica schist
http://www.wikidata.org/entity/Q15273395,Rotwandlspitze,Point(11.28833333 47.40694444),2191,известняк
http://www.wikidata.org/entity/Q13360737,Коли (сопка),Point(29.808611111 63.094444444),347,кварцит
http://www.wikidata.org/entity/Q13360737,Коли (сопка),Point(29.8 63.1),347,кварцит
http://www.wikidata.org/entity/Q13388092,Morne Plat Pays,Point(-61.3465 15.2495),960,Дацит
http://www.wikidata.org/entity/Q13408592,Estelí,Point(-86.4 13.17),899,базальт
http://www.wikidata.org/entity/Q15823799,Kleine Ochsenwand,Point(11.27861111 47.15944444),2553,доломит
http://www.wikidata.org/entity/Q15849073,Q15849073,Point(11.29 47.17083333),2578,доломит
http://www.wikidata.org/entity/Q15849891,Linderspitzen,Point(11.2909 47.42546),2372,известняк
http://www.wikidata.org/entity/Q16895397,Баффало (гора),Point(146.767 -36.777),1723,метаморфическая горная порода
http://www.wikidata.org/entity/Q16058288,Pointe de la Gorgeat,Point(5.89389 45.49667),1486,известняк
http://www.wikidata.org/entity/Q16089891,Mont Beauvoir,Point(5.791941 45.476443),1313,известняк
http://www.wikidata.org/entity/Q17481663,Puig Ciró,Point(2.235541 41.711333),857,известняк
http://www.wikidata.org/entity/Q17481669,Tossal de Claret,Point(1.23472 41.8579),458,песчаник
http://www.wikidata.org/entity/Q17481669,Tossal de Claret,Point(1.23472 41.8579),458,Мергель
http://www.wikidata.org/entity/Q17481669,Tossal de Claret,Point(1.23472 41.8579),458,алевролит
http://www.wikidata.org/entity/Q17481671,Claverol,Point(0.997 42.2458),906,Конгломерат
http://www.wikidata.org/entity/Q17481672,Turó de les Clivelleres,Point(1.625629 41.462629),744.1,известняк
http://www.wikidata.org/entity/Q17481672,Turó de les Clivelleres,Point(1.625629 41.462629),744.1,доломит
http://www.wikidata.org/entity/Q17481675,Pic del Clot d'Espós,Point(0.7911 42.5562),2655,известняк
http://www.wikidata.org/entity/Q17481682,Serrat dels Codellats,Point(1.41686 41.9395),782,песчаник
http://www.wikidata.org/entity/Q17481682,Serrat dels Codellats,Point(1.41686 41.9395),782,известняк
http://www.wikidata.org/entity/Q17481682,Serrat dels Codellats,Point(1.41686 41.9395),782,Мергель
http://www.wikidata.org/entity/Q17481686,Tossal de Codonyac,Point(0.814206 42.227967),1425,Конгломерат
http://www.wikidata.org/entity/Q17481690,Serrat de Cogul,Point(1.425654 42.02007),726,песчаник
http://www.wikidata.org/entity/Q17481690,Serrat de Cogul,Point(1.425654 42.02007),726,Конгломерат
http://www.wikidata.org/entity/Q17481690,Serrat de Cogul,Point(1.425654 42.02007),726,алевролит
http://www.wikidata.org/entity/Q17481692,Pic del Cogull,Point(0.920916666 42.032777777),1252.1,песчаник
http://www.wikidata.org/entity/Q17481692,Pic del Cogull,Point(0.920916666 42.032777777),1252.1,Калькаренит
http://www.wikidata.org/entity/Q17481694,la Cogulla,Point(0.805672027 41.277525631),1062,песчаник
http://www.wikidata.org/entity/Q17481694,la Cogulla,Point(0.805672027 41.277525631),1062,Мергель
http://www.wikidata.org/entity/Q17481694,la Cogulla,Point(0.805672027 41.277525631),1062,Конгломерат
http://www.wikidata.org/entity/Q17481698,el Cogulló,Point(1.305757948 41.429035503),881,песчаник
http://www.wikidata.org/entity/Q17481698,el Cogulló,Point(1.305757948 41.429035503),881,Мергель
http://www.wikidata.org/entity/Q17481698,el Cogulló,Point(1.305757948 41.429035503),881,Конгломерат
http://www.wikidata.org/entity/Q17481700,El Cogulló,Point(2.08453 42.2965),1794.1,вулканические горные породы
http://www.wikidata.org/entity/Q17481701,El Cogulló,Point(1.88915 41.8089),473,известняк
http://www.wikidata.org/entity/Q17481702,Cogulló de Cal Torre,Point(1.686424595 41.687471609),881,Конгломерат
http://www.wikidata.org/entity/Q17481705,Tossal del Coix,Point(1.66314 41.8148),635,песчаник
http://www.wikidata.org/entity/Q17481705,Tossal del Coix,Point(1.66314 41.8148),635,lutite
http://www.wikidata.org/entity/Q17481710,Coll de l'Aubaga,Point(0.46545 40.6462),287,песчаник
http://www.wikidata.org/entity/Q17481710,Coll de l'Aubaga,Point(0.46545 40.6462),287,lutite
http://www.wikidata.org/entity/Q17481710,Coll de l'Aubaga,Point(0.46545 40.6462),287,Калькаренит
http://www.wikidata.org/entity/Q17481728,Collbaix,Point(1.780965249 41.740870427),543,песчаник
http://www.wikidata.org/entity/Q17481728,Collbaix,Point(1.780965249 41.740870427),543,известняк
http://www.wikidata.org/entity/Q17481728,Collbaix,Point(1.780965249 41.740870427),543,Мергель
http://www.wikidata.org/entity/Q17481737,Els Colls,Point(1.749794 41.219986),33,известняк
http://www.wikidata.org/entity/Q17481738,Els Colls i Casa del Mar,Point(1.75025 41.2219),55.2,известняк
http://www.wikidata.org/entity/Q17481738,Els Colls i Casa del Mar,Point(1.75025 41.2219),55.2,доломит
http://www.wikidata.org/entity/Q17481743,Turó del Colomer,Point(1.35612 41.6123),629,известняк
http://www.wikidata.org/entity/Q17481743,Turó del Colomer,Point(1.35612 41.6123),629,Мергель
http://www.wikidata.org/entity/Q17481745,Turó de la Colomera,Point(1.094343 42.127841),1065,песчаник
http://www.wikidata.org/entity/Q17481749,Puig de Coma Ermada,Point(2.08013 42.2824),2000.3,известняк
http://www.wikidata.org/entity/Q17481749,Puig de Coma Ermada,Point(2.08013 42.2824),2000.3,lutite
http://www.wikidata.org/entity/Q17481754,Pic de Comalestorres,Point(0.836094 42.5891),2811,гранит
http://www.wikidata.org/entity/Q17481763,cap des Cometes,Point(0.895102 42.523311),2681,песчаник
http://www.wikidata.org/entity/Q17481763,cap des Cometes,Point(0.895102 42.523311),2681,lutite
http://www.wikidata.org/entity/Q17481764,El Cap de Comials,Point(1.02278 42.6566),2441,песчаник
http://www.wikidata.org/entity/Q17481764,El Cap de Comials,Point(1.02278 42.6566),2441,lutite
http://www.wikidata.org/entity/Q17481767,Creu de Condomines,Point(1.27726 41.8132),531,песчаник
http://www.wikidata.org/entity/Q17481767,Creu de Condomines,Point(1.27726 41.8132),531,глина
http://www.wikidata.org/entity/Q17481767,Creu de Condomines,Point(1.27726 41.8132),531,Мергель
http://www.wikidata.org/entity/Q17481557,Roca d'en Carbassa,Point(1.58922 42.2026),1947,известняк
http://www.wikidata.org/entity/Q17481563,Pic Carbonero,Point(1.069722 42.554444),2297,мрамор
http://www.wikidata.org/entity/Q17481564,Turó de Cardús,Point(1.94231 41.5916),572.1,аспидный сланец
http://www.wikidata.org/entity/Q17481565,Serrat de Carissols,Point(1.38868 42.1046),1217,Конгломерат
http://www.wikidata.org/entity/Q17481566,Puig de la Caritat,Point(2.108833118 41.875795609),1010,известняк
http://www.wikidata.org/entity/Q17481566,Puig de la Caritat,Point(2.108833118 41.875795609),1010,Мергель
http://www.wikidata.org/entity/Q17481566,Puig de la Caritat,Point(2.108833118 41.875795609),1010,lutite
http://www.wikidata.org/entity/Q17481573,Serrat de Carrasquers,Point(1.192696 42.132545),1429,песчаник
http://www.wikidata.org/entity/Q17481573,Serrat de Carrasquers,Point(1.192696 42.132545),1429,известняк
http://www.wikidata.org/entity/Q17481573,Serrat de Carrasquers,Point(1.192696 42.132545),1429,Калькаренит
http://www.wikidata.org/entity/Q17481578,Serra de Cascats,Point(1.42769 41.7678),616,известняк
http://www.wikidata.org/entity/Q17481578,Serra de Cascats,Point(1.42769 41.7678),616,Мергель
http://www.wikidata.org/entity/Q17481583,Tossal de Castalona,Point(1.10506 42.4383),1350,известняк
http://www.wikidata.org/entity/Q17481583,Tossal de Castalona,Point(1.10506 42.4383),1350,аспидный сланец
http://www.wikidata.org/entity/Q17481590,Puig de la Gavarra,Point(2.696848531 42.360726163),1057,доломит
http://www.wikidata.org/entity/Q17481594,Castell de l'Airosa,Point(0.336667 40.7617),953.8,доломит
http://www.wikidata.org/entity/Q17481598,Castellar,Point(2.19935 41.8059),990,известняк
http://www.wikidata.org/entity/Q17481599,Còdol del Castellar,Point(2.059581 41.740942),832,Конгломерат
http://www.wikidata.org/entity/Q17481601,Puig Castellar (Biosca),Point(1.33783 41.8255),505,гипс
http://www.wikidata.org/entity/Q17481601,Puig Castellar (Biosca),Point(1.33783 41.8255),505,Мергель
http://www.wikidata.org/entity/Q17481610,Puig Castellar,Point(2.31059 42.1307),1255,Мергель
http://www.wikidata.org/entity/Q17481611,Puig Castellar,Point(3.10305 42.3313),126,Гранодиорит
http://www.wikidata.org/entity/Q17481614,Serra del Castellar,Point(1.21869 41.9075),543,песчаник
http://www.wikidata.org/entity/Q17481614,Serra del Castellar,Point(1.21869 41.9075),543,известняк
http://www.wikidata.org/entity/Q17481614,Serra del Castellar,Point(1.21869 41.9075),543,Мергель
http://www.wikidata.org/entity/Q17481621,Turó dels Castellets,Point(2.25986 42.2653),1369,Мергель
http://www.wikidata.org/entity/Q17481624,El Castellot d'Orriols,Point(1.68204 42.0964),1187,Конгломерат
http://www.wikidata.org/entity/Q17481628,el Castellot,Point(1.578629654 41.33758725),465,известняк
http://www.wikidata.org/entity/Q17481628,el Castellot,Point(1.578629654 41.33758725),465,доломит
http://www.wikidata.org/entity/Q17481632,El Castellot,Point(1.88191 41.2498),236.6,известняк
http://www.wikidata.org/entity/Q17481638,Casteret,Point(0.713122 42.7905),1269,кристаллические сланцы
http://www.wikidata.org/entity/Q17481638,Casteret,Point(0.713122 42.7905),1269,Филлит
http://www.wikidata.org/entity/Q17481639,Tossal del Catarro,Point(1.27339 41.8054),526,песчаник
http://www.wikidata.org/entity/Q17481639,Tossal del Catarro,Point(1.27339 41.8054),526,известняк
http://www.wikidata.org/entity/Q17481639,Tossal del Catarro,Point(1.27339 41.8054),526,глина
http://www.wikidata.org/entity/Q17481640,Tossal Caterí,Point(1.42461 41.7659),597,песчаник
http://www.wikidata.org/entity/Q17481640,Tossal Caterí,Point(1.42461 41.7659),597,Мергель
http://www.wikidata.org/entity/Q17481640,Tossal Caterí,Point(1.42461 41.7659),597,алевролит
http://www.wikidata.org/entity/Q17481641,Turó del Benet,Point(1.41915 41.7677),574,песчаник
http://www.wikidata.org/entity/Q17481641,Turó del Benet,Point(1.41915 41.7677),574,Мергель
http://www.wikidata.org/entity/Q17481641,Turó del Benet,Point(1.41915 41.7677),574,алевролит
http://www.wikidata.org/entity/Q17481656,El Cilindre,Point(1.80184 41.6031),1101,Конгломерат
http://www.wikidata.org/entity/Q13014798,Дой Ангкханг,Point(99.0393 19.9003),1928,известняк
http://www.wikidata.org/entity/Q13014798,Дой Ангкханг,Point(99.055 19.869722222),1928,известняк
http://www.wikidata.org/entity/Q16490727,Cerro Agassiz,Point(-73.451352711 -49.961083905),3177,гранит
http://www.wikidata.org/entity/Q16531059,Ballon Saint-Antoine,Point(6.78944 47.7839),1128,песчаник
http://www.wikidata.org/entity/Q16540847,Bourlémont,Point(6.62 47.7047),474,песчаник
http://www.wikidata.org/entity/Q16540859,Q16540859,Point(6.12417 43.1239),198,mica schist
http://www.wikidata.org/entity/Q16370424,Арамазд,Point(46.17944444 39.31027778),3392,сиенит
http://www.wikidata.org/entity/Q17147114,la Mola,Point(2.122956831 41.702765106),942,Конгломерат
http://www.wikidata.org/entity/Q17300747,El Montgròs,Point(1.73987 41.2688),357,известняк
http://www.wikidata.org/entity/Q17300747,El Montgròs,Point(1.73987 41.2688),357,доломит
http://www.wikidata.org/entity/Q17300930,Turó de Sant Gili,Point(1.4284 42.0915),863,песчаник
http://www.wikidata.org/entity/Q17300930,Turó de Sant Gili,Point(1.4284 42.0915),863,Конгломерат
http://www.wikidata.org/entity/Q17300930,Turó de Sant Gili,Point(1.4284 42.0915),863,алевролит
http://www.wikidata.org/entity/Q17300931,El Serrat Alt,Point(1.41798 41.9628),787,песчаник
http://www.wikidata.org/entity/Q17300931,El Serrat Alt,Point(1.41798 41.9628),787,Конгломерат
http://www.wikidata.org/entity/Q17300931,El Serrat Alt,Point(1.41798 41.9628),787,алевролит
http://www.wikidata.org/entity/Q17300932,Coll de l'Arboç,Point(0.477261 40.6649),269,известняк
http://www.wikidata.org/entity/Q17300932,Coll de l'Arboç,Point(0.477261 40.6649),269,Мергель
http://www.wikidata.org/entity/Q17300932,Coll de l'Arboç,Point(0.477261 40.6649),269,доломит
http://www.wikidata.org/entity/Q17300934,Coll de Vilallarga,Point(0.458733 40.6538),285,песчаник
http://www.wikidata.org/entity/Q17300934,Coll de Vilallarga,Point(0.458733 40.6538),285,lutite
http://www.wikidata.org/entity/Q17300934,Coll de Vilallarga,Point(0.458733 40.6538),285,Калькаренит
http://www.wikidata.org/entity/Q17300935,Ca l'Ase Negre,Point(1.60704 41.8172),764,известняк
http://www.wikidata.org/entity/Q17300935,Ca l'Ase Negre,Point(1.60704 41.8172),764,Мергель
http://www.wikidata.org/entity/Q17300935,Ca l'Ase Negre,Point(1.60704 41.8172),764,lutite
http://www.wikidata.org/entity/Q17300936,Les Eretes,Point(1.54511 41.7948),795,известняк
http://www.wikidata.org/entity/Q17300936,Les Eretes,Point(1.54511 41.7948),795,Мергель
http://www.wikidata.org/entity/Q17300936,Les Eretes,Point(1.54511 41.7948),795,lutite
http://www.wikidata.org/entity/Q17300938,El Serrat Alt,Point(1.44779 41.9915),822,песчаник
http://www.wikidata.org/entity/Q17300938,El Serrat Alt,Point(1.44779 41.9915),822,Конгломерат
http://www.wikidata.org/entity/Q17300938,El Serrat Alt,Point(1.44779 41.9915),822,алевролит
http://www.wikidata.org/entity/Q17300939,Serrat de l'Àliga,Point(1.367 41.9842),654,песчаник
http://www.wikidata.org/entity/Q17300939,Serrat de l'Àliga,Point(1.367 41.9842),654,Конгломерат
http://www.wikidata.org/entity/Q17300939,Serrat de l'Àliga,Point(1.367 41.9842),654,алевролит
http://www.wikidata.org/entity/Q17300985,Les Planes,Point(1.98706 41.4188),267,песчаник
http://www.wikidata.org/entity/Q17300985,Les Planes,Point(1.98706 41.4188),267,глина
http://www.wikidata.org/entity/Q17301016,Tuc de Saburó,Point(1.01895 42.535),2905,гранит
http://www.wikidata.org/entity/Q17301127,Castell dels Moros,Point(2.25467 42.3555),2132,Конгломерат
http://www.wikidata.org/entity/Q17301133,Puig de Bestracà,Point(2.515424254 42.29431322),1056,известняк
http://www.wikidata.org/entity/Q17301133,Puig de Bestracà,Point(2.515424254 42.29431322),1056,доломит
http://www.wikidata.org/entity/Q17301295,Tossal de la Pinyassa,Point(1.35828 42.1453),1474,известняк
http://www.wikidata.org/entity/Q17307008,Molló Puntaire,Point(0.84783549 40.99062418),726.9,доломит
http://www.wikidata.org/entity/Q17318029,Turó d'en Vives,Point(2.555131 41.659259),760,Филлит
http://www.wikidata.org/entity/Q17318029,Turó d'en Vives,Point(2.555131 41.659259),760,роговик
http://www.wikidata.org/entity/Q17318030,Sant Grau,Point(2.715114 41.992444),493.1,кристаллические сланцы
http://www.wikidata.org/entity/Q17481779,Puig Corneli,Point(2.39773 42.1307),1360,песчаник
http://www.wikidata.org/entity/Q17481779,Puig Corneli,Point(2.39773 42.1307),1360,известняк
http://www.wikidata.org/entity/Q17481779,Puig Corneli,Point(2.39773 42.1307),1360,Конгломерат
http://www.wikidata.org/entity/Q17481785,bony de les Corticelles,Point(0.953278 42.5608),2521,гранит
http://www.wikidata.org/entity/Q17481789,Puig del Coscó,Point(1.86803 41.3189),488,известняк
http://www.wikidata.org/entity/Q17481789,Puig del Coscó,Point(1.86803 41.3189),488,доломит
http://www.wikidata.org/entity/Q17481793,Turó de la Coscollera,Point(2.0778 41.4029),360,аспидный сланец
http://www.wikidata.org/entity/Q17481793,Turó de la Coscollera,Point(2.0778 41.4029),360,Филлит
http://www.wikidata.org/entity/Q17481795,La Costa Gran,Point(1.87974 41.8236),470,известняк
http://www.wikidata.org/entity/Q17481795,La Costa Gran,Point(1.87974 41.8236),470,Мергель
http://www.wikidata.org/entity/Q17481795,La Costa Gran,Point(1.87974 41.8236),470,lutite
http://www.wikidata.org/entity/Q17481807,bonys de la Cova,Point(0.806272 42.5632),2415,мрамор
http://www.wikidata.org/entity/Q17481807,bonys de la Cova,Point(0.806272 42.5632),2415,Филлит
http://www.wikidata.org/entity/Q17481809,tuc des Crabes,Point(0.915123 42.782886),2620,известняк
http://www.wikidata.org/entity/Q17481809,tuc des Crabes,Point(0.915123 42.782886),2620,аспидный сланец
http://www.wikidata.org/entity/Q17481810,cap de Crabes,Point(0.965603 42.588074),2709,Гранодиорит
http://www.wikidata.org/entity/Q17481811,roca de la Cremada,Point(0.917039 42.5492),1885,гранит
http://www.wikidata.org/entity/Q17481815,crestells de Colieto,Point(0.897017 42.5821),2967,гранит
http://www.wikidata.org/entity/Q17481822,Turó de la Creu,Point(2.41369 41.863),867,Гранодиорит
http://www.wikidata.org/entity/Q17481825,la Creu de Colomèrs,Point(0.917881 42.5933),2895,гранит
http://www.wikidata.org/entity/Q17481831,Tossal de la Creu del Codó,Point(1.55369 42.133),1530,Конгломерат
http://www.wikidata.org/entity/Q17481832,La Creu del Vent,Point(1.40114 41.5996),800,песчаник
http://www.wikidata.org/entity/Q17481832,La Creu del Vent,Point(1.40114 41.5996),800,известняк
http://www.wikidata.org/entity/Q17481832,La Creu del Vent,Point(1.40114 41.5996),800,Мергель
http://www.wikidata.org/entity/Q17481834,Puig de la Creu Escapçada,Point(1.6731 41.8105),877,известняк
http://www.wikidata.org/entity/Q17481834,Puig de la Creu Escapçada,Point(1.6731 41.8105),877,Мергель
http://www.wikidata.org/entity/Q17481834,Puig de la Creu Escapçada,Point(1.6731 41.8105),877,lutite
http://www.wikidata.org/entity/Q17481836,La Creueta,Point(2.002298 42.305552),2067,известняк
http://www.wikidata.org/entity/Q17481836,La Creueta,Point(2.002298 42.305552),2067,lutite
http://www.wikidata.org/entity/Q17481846,Sant Cristòfol,Point(1.239576 41.782274),505,песчаник
http://www.wikidata.org/entity/Q17481846,Sant Cristòfol,Point(1.239576 41.782274),505,глина
http://www.wikidata.org/entity/Q17481848,El Cuàs,Point(2.13689 42.2572),1418.6,песчаник
http://www.wikidata.org/entity/Q17481848,El Cuàs,Point(2.13689 42.2572),1418.6,известняк
http://www.wikidata.org/entity/Q17481848,El Cuàs,Point(2.13689 42.2572),1418.6,Мергель
http://www.wikidata.org/entity/Q17481854,Bony de Cucat,Point(1.09396 42.435765),1472,известняк
http://www.wikidata.org/entity/Q17481854,Bony de Cucat,Point(1.09396 42.435765),1472,аспидный сланец
http://www.wikidata.org/entity/Q17481856,Cul de Portadora,Point(1.86344 41.5923),461,песчаник
http://www.wikidata.org/entity/Q17481856,Cul de Portadora,Point(1.86344 41.5923),461,глина
http://www.wikidata.org/entity/Q17481856,Cul de Portadora,Point(1.86344 41.5923),461,алевролит
http://www.wikidata.org/entity/Q17481872,dent des Mussoles,Point(0.927507 42.518413),2800,Гранодиорит
http://www.wikidata.org/entity/Q17481873,Puig Descalç,Point(2.224303 41.71798),848,песчаник
http://www.wikidata.org/entity/Q17481873,Puig Descalç,Point(2.224303 41.71798),848,известняк
http://www.wikidata.org/entity/Q17481883,Turó de la Dona Morta,Point(2.723996 41.744401),177.3,leucogranite
http://www.wikidata.org/entity/Q17481902,El Castellot,Point(0.453622 40.6369),297,песчаник
http://www.wikidata.org/entity/Q17481902,El Castellot,Point(0.453622 40.6369),297,известняк
http://www.wikidata.org/entity/Q17481902,El Castellot,Point(0.453622 40.6369),297,Мергель
http://www.wikidata.org/entity/Q17481912,Els Ginestells,Point(2.27039 41.5004),433,Гранодиорит
http://www.wikidata.org/entity/Q17481915,Roques d'Empalomar,Point(1.80608 42.1968),1483,известняк
http://www.wikidata.org/entity/Q17481916,L'Emperadora,Point(2.06438 42.2911),1962,известняк
http://www.wikidata.org/entity/Q17481916,L'Emperadora,Point(2.06438 42.2911),1962,lutite
http://www.wikidata.org/entity/Q17481918,Bony de la Pica,Point(1.460396 42.504804),2405,аспидный сланец
http://www.wikidata.org/entity/Q17481923,era Entecada,Point(0.6969609 42.718074136),2269,аспидный сланец
http://www.wikidata.org/entity/Q17481927,Era Trona,Point(0.665261 42.7503),2088,кристаллические сланцы
http://www.wikidata.org/entity/Q17481927,Era Trona,Point(0.665261 42.7503),2088,Филлит
http://www.wikidata.org/entity/Q17481936,Serrat Escapçat,Point(1.37392 41.989),670,песчаник
http://www.wikidata.org/entity/Q17481936,Serrat Escapçat,Point(1.37392 41.989),670,Конгломерат
http://www.wikidata.org/entity/Q17481936,Serrat Escapçat,Point(1.37392 41.989),670,алевролит
http://www.wikidata.org/entity/Q17481937,Tossal de l'Escariot,Point(1.38775 41.6385),671,известняк
http://www.wikidata.org/entity/Q17481937,Tossal de l'Escariot,Point(1.38775 41.6385),671,Мергель
http://www.wikidata.org/entity/Q17481939,Penya de l'Escofet,Point(1.701588888 41.2892),443.5,известняк
http://www.wikidata.org/entity/Q17481940,Tossals d'Escomelles,Point(1.43104 41.803372),507,известняк
http://www.wikidata.org/entity/Q17481940,Tossals d'Escomelles,Point(1.43104 41.803372),507,Мергель
http://www.wikidata.org/entity/Q17481942,Turó dels Escorpins,Point(1.968504 41.587253),509.3,аспидный сланец
http://www.wikidata.org/entity/Q17481950,L'Espina,Point(0.36089931 40.879369077),1181,известняк
http://www.wikidata.org/entity/Q17481950,L'Espina,Point(0.36089931 40.879369077),1181,Мергель
http://www.wikidata.org/entity/Q17481950,L'Espina,Point(0.36089931 40.879369077),1181,доломит
http://www.wikidata.org/entity/Q17481953,Puig d'Esquers,Point(3.096359335 42.39267974),606,песчаник
http://www.wikidata.org/entity/Q17481953,Puig d'Esquers,Point(3.096359335 42.39267974),606,алевролит
http://www.wikidata.org/entity/Q17481953,Puig d'Esquers,Point(3.096359335 42.39267974),606,граувакка
http://www.wikidata.org/entity/Q17481955,Cap d'Estanhs,Point(0.66106 42.831945),2084,известняк
http://www.wikidata.org/entity/Q17481955,Cap d'Estanhs,Point(0.66106 42.831945),2084,аспидный сланец
http://www.wikidata.org/entity/Q17481957,Roca de l'Estany,Point(0.997161 42.5737),2508.1,мрамор
http://www.wikidata.org/entity/Q17481958,Pic de l'Estanyet,Point(0.919656 42.4972),2776,песчаник
http://www.wikidata.org/entity/Q17481958,Pic de l'Estanyet,Point(0.919656 42.4972),2776,lutite
http://www.wikidata.org/entity/Q17481959,bony dels Estanyets de Colieto,Point(0.895939 42.6018),2423,гранит
http://www.wikidata.org/entity/Q17481960,Pic dels Estanys,Point(1.370853 42.666371),2956,песчаник
http://www.wikidata.org/entity/Q17481960,Pic dels Estanys,Point(1.370853 42.666371),2956,lutite
http://www.wikidata.org/entity/Q17481963,Tossal d'Estivella,Point(1.540191 42.193373),2338,известняк
http://www.wikidata.org/entity/Q17481968,Eth Cau de Naut,Point(0.739603 42.8055),1805,кристаллические сланцы
http://www.wikidata.org/entity/Q17481968,Eth Cau de Naut,Point(0.739603 42.8055),1805,Филлит
http://www.wikidata.org/entity/Q17481977,La Falconera,Point(1.89503 41.2507),128,известняк
http://www.wikidata.org/entity/Q17481978,Roca Falconera,Point(2.37579 41.9557),718,песчаник
http://www.wikidata.org/entity/Q17481978,Roca Falconera,Point(2.37579 41.9557),718,Конгломерат
http://www.wikidata.org/entity/Q17481987,Lo Faro,Point(1.05866 42.6803),2109,песчаник
http://www.wikidata.org/entity/Q17481987,Lo Faro,Point(1.05866 42.6803),2109,lutite
http://www.wikidata.org/entity/Q17483005,Tossa de Pibernat,Point(2.41974 42.10213),1195,песчаник
http://www.wikidata.org/entity/Q17483005,Tossa de Pibernat,Point(2.41974 42.10213),1195,Мергель
http://www.wikidata.org/entity/Q17483005,Tossa de Pibernat,Point(2.41974 42.10213),1195,Конгломерат
http://www.wikidata.org/entity/Q17483007,Pic de la Bressola,Point(1.744361111 42.494786111),2818,Гранодиорит
http://www.wikidata.org/entity/Q17483009,Pic del Sirvent,Point(1.6058163 42.4647462),2750,Гранодиорит
http://www.wikidata.org/entity/Q17483012,Pica Roja,Point(1.420414507 42.624996751),2903,песчаник
http://www.wikidata.org/entity/Q17483012,Pica Roja,Point(1.420414507 42.624996751),2903,lutite
http://www.wikidata.org/entity/Q17483014,Pical Ras,Point(1.13694 42.192),1782,известняк
http://www.wikidata.org/entity/Q17483014,Pical Ras,Point(1.13694 42.192),1782,Мергель
http://www.wikidata.org/entity/Q17483014,Pical Ras,Point(1.13694 42.192),1782,доломит
http://www.wikidata.org/entity/Q17483015,Turó de Picampolla,Point(1.58138 41.8042),755,песчаник
http://www.wikidata.org/entity/Q17483015,Turó de Picampolla,Point(1.58138 41.8042),755,известняк
http://www.wikidata.org/entity/Q17483015,Turó de Picampolla,Point(1.58138 41.8042),755,lutite
http://www.wikidata.org/entity/Q17483021,Pic de Pilàs,Point(1.131507336 42.682829122),2656,песчаник
http://www.wikidata.org/entity/Q17483021,Pic de Pilàs,Point(1.131507336 42.682829122),2656,lutite
http://www.wikidata.org/entity/Q17483023,Puig de la Pinada,Point(1.415534 41.775609),637,песчаник
http://www.wikidata.org/entity/Q17483023,Puig de la Pinada,Point(1.415534 41.775609),637,известняк
http://www.wikidata.org/entity/Q17483023,Puig de la Pinada,Point(1.415534 41.775609),637,Мергель
http://www.wikidata.org/entity/Q17483033,Turó dels Pins del Samuntà,Point(1.61137 41.3643),451.2,известняк
http://www.wikidata.org/entity/Q17483033,Turó dels Pins del Samuntà,Point(1.61137 41.3643),451.2,доломит
http://www.wikidata.org/entity/Q17483034,Puig Pinyer,Point(2.92457 42.4586),951,гранит
http://www.wikidata.org/entity/Q17483037,Turó del Pla de la Creu,Point(2.339102 42.148981),1416,песчаник
http://www.wikidata.org/entity/Q17483037,Turó del Pla de la Creu,Point(2.339102 42.148981),1416,Мергель
http://www.wikidata.org/entity/Q17483040,Pla de Llet,Point(1.632948506 42.404553036),2141,известняк
http://www.wikidata.org/entity/Q17483040,Pla de Llet,Point(1.632948506 42.404553036),2141,lutite
http://www.wikidata.org/entity/Q17483042,Cap de Pla Redon,Point(1.26702 42.275525),1846,известняк
http://www.wikidata.org/entity/Q17483047,Tossal de la Planeta,Point(1.31887 41.6171),658,известняк
http://www.wikidata.org/entity/Q17483047,Tossal de la Planeta,Point(1.31887 41.6171),658,Мергель
http://www.wikidata.org/entity/Q17483051,Els Plecs del Llibre,Point(2.02331 41.6313),873,Конгломерат
http://www.wikidata.org/entity/Q17483052,La Pleta Roja,Point(2.01383 42.3074),2032,известняк
http://www.wikidata.org/entity/Q17483052,La Pleta Roja,Point(2.01383 42.3074),2032,lutite
http://www.wikidata.org/entity/Q17483054,Poi d'Estanho,Point(0.815261 42.6593),2390,песчаник
http://www.wikidata.org/entity/Q17483068,Tuc deth Pòrt de Vielha,Point(0.765530738 42.641863732),2606,Гранодиорит
http://www.wikidata.org/entity/Q17481191,agulhes deth Pòrt,Point(0.886914 42.6272),2658,гранит
http://www.wikidata.org/entity/Q17481200,bony d’Aigüissi,Point(0.881181 42.5716),2876,Гранодиорит
http://www.wikidata.org/entity/Q17481208,Puig de l'Àliga,Point(3.123349 42.435543),527,кристаллические сланцы
http://www.wikidata.org/entity/Q17481208,Puig de l'Àliga,Point(3.123349 42.435543),527,аспидный сланец
http://www.wikidata.org/entity/Q17481208,Puig de l'Àliga,Point(3.123349 42.435543),527,Филлит
http://www.wikidata.org/entity/Q17481209,Puig de l'Àliga,Point(3.204968 42.280507),463,песчаник
http://www.wikidata.org/entity/Q17481209,Puig de l'Àliga,Point(3.204968 42.280507),463,алевролит
http://www.wikidata.org/entity/Q17481209,Puig de l'Àliga,Point(3.204968 42.280507),463,пелит
http://www.wikidata.org/entity/Q16579602,Mount Coscerno,Point(12.883496 42.717869),1684,известняк
http://www.wikidata.org/entity/Q16639944,Q16639944,Point(-61.6842 16.0897),1354,вулканические горные породы
http://www.wikidata.org/entity/Q16640349,Grun de Saint-Maurice,Point(6.05639 44.8158),2775,гранит
http://www.wikidata.org/entity/Q16658635,La Cochette,Point(5.835555555 45.455277777),1618,известняк
http://www.wikidata.org/entity/Q16663795,Q16663795,Point(-61.6636 16.0947),1298,вулканические горные породы
http://www.wikidata.org/entity/Q16665158,Mont Ntringui,Point(44.424722 -12.215),1595,вулканические горные породы
http://www.wikidata.org/entity/Q16665158,Mont Ntringui,Point(44.4244 -12.2144),1595,вулканические горные породы
http://www.wikidata.org/entity/Q16665170,Q16665170,Point(-0.066197 48.356769),217,песчаник
http://www.wikidata.org/entity/Q17483073,Turó de la Portella d'Ogassa,Point(2.21947 42.2783),1902,известняк
http://www.wikidata.org/entity/Q17483073,Turó de la Portella d'Ogassa,Point(2.21947 42.2783),1902,lutite
http://www.wikidata.org/entity/Q17483077,Turó del Pou de Glaç,Point(2.21567 41.5042),217.8,аспидный сланец
http://www.wikidata.org/entity/Q17483080,Pradell,Point(1.76214 42.2933),2213,известняк
http://www.wikidata.org/entity/Q17483080,Pradell,Point(1.76214 42.2933),2213,доломит
http://www.wikidata.org/entity/Q17483083,Cap de Prat d'Aubes,Point(1.62521 42.1979),2252,известняк
http://www.wikidata.org/entity/Q17483085,Serrat del Prat d'Ori,Point(2.30345 41.8232),841.7,известняк
http://www.wikidata.org/entity/Q17483085,Serrat del Prat d'Ori,Point(2.30345 41.8232),841.7,доломит
http://www.wikidata.org/entity/Q17483090,Turó de la Primavera,Point(2.32675 41.7545),1233.8,песчаник
http://www.wikidata.org/entity/Q17483090,Turó de la Primavera,Point(2.32675 41.7545),1233.8,глина
http://www.wikidata.org/entity/Q17483097,Pui de la Bastida,Point(1.47249 42.3102),1314,андезит
http://www.wikidata.org/entity/Q17483105,El Puig,Point(1.30298 41.5767),786,известняк
http://www.wikidata.org/entity/Q17483105,El Puig,Point(1.30298 41.5767),786,Мергель
http://www.wikidata.org/entity/Q17483133,Puig del Coll d'Eina,Point(2.14651 42.418497),2772,песчаник
http://www.wikidata.org/entity/Q17483133,Puig del Coll d'Eina,Point(2.14651 42.418497),2772,lutite
http://www.wikidata.org/entity/Q17483134,Puig del Coll de Finestrelles,Point(2.127867 42.411278),2744,Конгломерат
http://www.wikidata.org/entity/Q17483143,Puig Pedrós,Point(0.965389 42.1212),541,галька
http://www.wikidata.org/entity/Q17483143,Puig Pedrós,Point(0.965389 42.1212),541,глина
http://www.wikidata.org/entity/Q17483153,Puig-andreu,Point(1.96323 41.6798),753.4,Конгломерат
http://www.wikidata.org/entity/Q17483157,Tossa de Puigbò,Point(2.06783 42.23),1269,песчаник
http://www.wikidata.org/entity/Q17483157,Tossa de Puigbò,Point(2.06783 42.23),1269,Конгломерат
http://www.wikidata.org/entity/Q17483158,Serrat de Puigbonic,Point(2.22134 41.8581),672,песчаник
http://www.wikidata.org/entity/Q17483158,Serrat de Puigbonic,Point(2.22134 41.8581),672,Конгломерат
http://www.wikidata.org/entity/Q17483165,Puigfred,Point(2.233217 41.735021),933,Мергель
http://www.wikidata.org/entity/Q17483165,Puigfred,Point(2.233217 41.735021),933,алевролит
http://www.wikidata.org/entity/Q17482001,Tossal del Figueró,Point(1.49683 41.714),739,известняк
http://www.wikidata.org/entity/Q17482001,Tossal del Figueró,Point(1.49683 41.714),739,Мергель
http://www.wikidata.org/entity/Q17482003,Pic de Flamisella,Point(1.261402 42.712741),2782,песчаник
http://www.wikidata.org/entity/Q17482003,Pic de Flamisella,Point(1.261402 42.712741),2782,lutite
http://www.wikidata.org/entity/Q17482004,Flaret,Point(0.350497 40.729297),704,известняк
http://www.wikidata.org/entity/Q17482004,Flaret,Point(0.350497 40.729297),704,Мергель
http://www.wikidata.org/entity/Q17482014,Tozal de Fontana,Point(0.744952777 42.615066666),2581,метаморфическая горная порода
http://www.wikidata.org/entity/Q17482014,Tozal de Fontana,Point(0.74496 42.61573),2581,метаморфическая горная порода
http://www.wikidata.org/entity/Q17482017,Roca Foradada,Point(1.76405 42.3063),1980,известняк
http://www.wikidata.org/entity/Q17482017,Roca Foradada,Point(1.76405 42.3063),1980,lutite
http://www.wikidata.org/entity/Q17482021,Puig de la Força,Point(2.388984475 41.981007059),740,известняк
http://www.wikidata.org/entity/Q17482026,Roc de Forellac,Point(1.88061 41.4118),629,известняк
http://www.wikidata.org/entity/Q17482026,Roc de Forellac,Point(1.88061 41.4118),629,доломит
http://www.wikidata.org/entity/Q17482035,Puig de les Forques,Point(1.4592 41.369),800.3,известняк
http://www.wikidata.org/entity/Q17482035,Puig de les Forques,Point(1.4592 41.369),800.3,доломит
http://www.wikidata.org/entity/Q17482043,Tossal de les Forques,Point(1.281973 41.66998),562,известняк
http://www.wikidata.org/entity/Q17482047,Tossal de les Forques,Point(1.381356 41.739277),669,песчаник
http://www.wikidata.org/entity/Q17482047,Tossal de les Forques,Point(1.381356 41.739277),669,известняк
http://www.wikidata.org/entity/Q17482047,Tossal de les Forques,Point(1.381356 41.739277),669,Мергель
http://www.wikidata.org/entity/Q17482054,Tossal de les Forques,Point(1.19486 41.9174),528,песчаник
http://www.wikidata.org/entity/Q17482054,Tossal de les Forques,Point(1.19486 41.9174),528,Мергель
http://www.wikidata.org/entity/Q17482054,Tossal de les Forques,Point(1.19486 41.9174),528,алевролит
http://www.wikidata.org/entity/Q17482058,Puig Francàs,Point(1.458887 41.301168),551,известняк
http://www.wikidata.org/entity/Q17482058,Puig Francàs,Point(1.458887 41.301168),551,Мергель
http://www.wikidata.org/entity/Q17482058,Puig Francàs,Point(1.458887 41.301168),551,доломит
http://www.wikidata.org/entity/Q17482059,Puig del Francolí,Point(1.71725 41.6018),577,песчаник
http://www.wikidata.org/entity/Q17482059,Puig del Francolí,Point(1.71725 41.6018),577,Мергель
http://www.wikidata.org/entity/Q17482059,Puig del Francolí,Point(1.71725 41.6018),577,Конгломерат
http://www.wikidata.org/entity/Q17482071,Cap de la Gallina Pelada,Point(1.738037785 42.189434367),2321,известняк
http://www.wikidata.org/entity/Q17482075,Puig Galliner,Point(1.57411 42.2572),1872,известняк
http://www.wikidata.org/entity/Q17482077,Roc de Galliner,Point(1.410963535 42.198067865),1630,известняк
http://www.wikidata.org/entity/Q17482078,Gallinova,Point(1.07808782 42.184723059),1687,известняк
http://www.wikidata.org/entity/Q17482078,Gallinova,Point(1.07808782 42.184723059),1687,Мергель
http://www.wikidata.org/entity/Q17482078,Gallinova,Point(1.07808782 42.184723059),1687,доломит
http://www.wikidata.org/entity/Q17482089,Puig Garrets,Point(0.420102 40.597648),241,известняк
http://www.wikidata.org/entity/Q17482089,Puig Garrets,Point(0.420102 40.597648),241,Мергель
http://www.wikidata.org/entity/Q17482093,Tossal de Garrigueta,Point(1.386428 41.697633),648,известняк
http://www.wikidata.org/entity/Q17482093,Tossal de Garrigueta,Point(1.386428 41.697633),648,Мергель
http://www.wikidata.org/entity/Q17482097,Pic de Gel,Point(1.1332 42.7289),2499,известняк
http://www.wikidata.org/entity/Q17482097,Pic de Gel,Point(1.1332 42.7289),2499,lutite
http://www.wikidata.org/entity/Q17482098,Mola de Genessies,Point(0.785434472 41.016292478),711,известняк
http://www.wikidata.org/entity/Q17482098,Mola de Genessies,Point(0.785434472 41.016292478),711,доломит
http://www.wikidata.org/entity/Q17482101,Tossal del Ginebre,Point(1.381056 41.879977),715,песчаник
http://www.wikidata.org/entity/Q17482101,Tossal del Ginebre,Point(1.381056 41.879977),715,известняк
http://www.wikidata.org/entity/Q17482101,Tossal del Ginebre,Point(1.381056 41.879977),715,Мергель
http://www.wikidata.org/entity/Q17482102,Cap de la Ginebrera,Point(1.0072 42.3908),1772,известняк
http://www.wikidata.org/entity/Q17482102,Cap de la Ginebrera,Point(1.0072 42.3908),1772,аспидный сланец
http://www.wikidata.org/entity/Q17482106,Goberna,Point(1.61083 41.7933),917,известняк
http://www.wikidata.org/entity/Q17482106,Goberna,Point(1.61083 41.7933),917,Мергель
http://www.wikidata.org/entity/Q17482106,Goberna,Point(1.61083 41.7933),917,lutite
http://www.wikidata.org/entity/Q17482107,Mola de Godall,Point(0.483784 40.6507),398,известняк
http://www.wikidata.org/entity/Q17482107,Mola de Godall,Point(0.483784 40.6507),398,Мергель
http://www.wikidata.org/entity/Q17482107,Mola de Godall,Point(0.483784 40.6507),398,доломит
http://www.wikidata.org/entity/Q17482110,Pica dera Gossetèra,Point(0.647692 42.7851),1884,известняк
http://www.wikidata.org/entity/Q17482116,Tuc Gran de Sendrosa,Point(0.946848989 42.623925065),2703,Гранодиорит
http://www.wikidata.org/entity/Q17481218,Serrat de l'Àliga,Point(1.90389 41.919062),527.1,песчаник
http://www.wikidata.org/entity/Q17481218,Serrat de l'Àliga,Point(1.90389 41.919062),527.1,Мергель
http://www.wikidata.org/entity/Q17481218,Serrat de l'Àliga,Point(1.90389 41.919062),527.1,алевролит
http://www.wikidata.org/entity/Q17481224,Pilar d'Almenara,Point(1.067246841 41.753415686),459,песчаник
http://www.wikidata.org/entity/Q17481224,Pilar d'Almenara,Point(1.067246841 41.753415686),459,Мергель
http://www.wikidata.org/entity/Q17481224,Pilar d'Almenara,Point(1.067246841 41.753415686),459,lutite
http://www.wikidata.org/entity/Q17481225,Puig de s'Alqueria,Point(3.28908 42.301),52,кристаллические сланцы
http://www.wikidata.org/entity/Q17481225,Puig de s'Alqueria,Point(3.28908 42.301),52,аспидный сланец
http://www.wikidata.org/entity/Q17481225,Puig de s'Alqueria,Point(3.28908 42.301),52,Филлит
http://www.wikidata.org/entity/Q17481228,Puig Alt,Point(3.226955 42.271627),492.5,песчаник
http://www.wikidata.org/entity/Q17481228,Puig Alt,Point(3.226955 42.271627),492.5,алевролит
http://www.wikidata.org/entity/Q17481228,Puig Alt,Point(3.226955 42.271627),492.5,граувакка
http://www.wikidata.org/entity/Q17481235,Roca Alta,Point(1.34221 42.1471),1501.4,известняк
http://www.wikidata.org/entity/Q17481236,Turó d'Altrera,Point(2.96584 42.3504),162,известняк
http://www.wikidata.org/entity/Q17481236,Turó d'Altrera,Point(2.96584 42.3504),162,доломит
http://www.wikidata.org/entity/Q17481238,Tossal de l'Alzina,Point(0.809551 40.968088),696.7,доломит
http://www.wikidata.org/entity/Q17481240,Pic d'Amitges,Point(0.986767 42.6091),2848,Гранодиорит
http://www.wikidata.org/entity/Q17481246,Serrat dels Apòstols,Point(1.42011 41.9959),783,песчаник
http://www.wikidata.org/entity/Q17481246,Serrat dels Apòstols,Point(1.42011 41.9959),783,Конгломерат
http://www.wikidata.org/entity/Q17481246,Serrat dels Apòstols,Point(1.42011 41.9959),783,алевролит
http://www.wikidata.org/entity/Q17481253,Tuc d'Arenho,Point(0.869733 42.7363),2524,песчаник
http://www.wikidata.org/entity/Q17481253,Tuc d'Arenho,Point(0.869733 42.7363),2524,lutite
http://www.wikidata.org/entity/Q17481268,Turó de l'Artiga,Point(1.60822 41.3757),431.7,Калькаренит
http://www.wikidata.org/entity/Q17481271,Tossal d'Astell,Point(0.943956 42.441),2620,известняк
http://www.wikidata.org/entity/Q17481271,Tossal d'Astell,Point(0.943956 42.441),2620,аспидный сланец
http://www.wikidata.org/entity/Q17481276,Roca d'Auró,Point(1.787566 42.127105),1948,Конгломерат
http://www.wikidata.org/entity/Q17481277,L'Aüt,Point(0.808755 42.54134),2532,известняк
http://www.wikidata.org/entity/Q17481277,L'Aüt,Point(0.808755 42.54134),2532,аспидный сланец
http://www.wikidata.org/entity/Q17481280,L'Avedoga d'Adons,Point(0.838204 42.314116),1839,известняк
http://www.wikidata.org/entity/Q17481282,Tossal dels Avellaners,Point(1.30947 41.6422),606,глина
http://www.wikidata.org/entity/Q17481282,Tossal dels Avellaners,Point(1.30947 41.6422),606,Мергель
http://www.wikidata.org/entity/Q17481286,serra de l'Avenc,Point(0.445318 40.550602),154,известняк
http://www.wikidata.org/entity/Q17481286,serra de l'Avenc,Point(0.445318 40.550602),154,Мергель
http://www.wikidata.org/entity/Q17481289,Pic de Baborte,Point(1.367073 42.657463),2934,песчаник
http://www.wikidata.org/entity/Q17481289,Pic de Baborte,Point(1.367073 42.657463),2934,lutite
http://www.wikidata.org/entity/Q17481293,tuc de Balaguera,Point(0.908861 42.608),2752,гранит
http://www.wikidata.org/entity/Q17481306,La Barcina,Point(0.36125 40.8137),1354,доломит
http://www.wikidata.org/entity/Q17481308,La Barqueta,Point(0.447789 40.6188),259,известняк
http://www.wikidata.org/entity/Q17481308,La Barqueta,Point(0.447789 40.6188),259,Мергель
http://www.wikidata.org/entity/Q17481310,Tossal de les Barranques,Point(0.802617 42.1252),1023,песчаник
http://www.wikidata.org/entity/Q17481310,Tossal de les Barranques,Point(0.802617 42.1252),1023,Конгломерат
http://www.wikidata.org/entity/Q17481310,Tossal de les Barranques,Point(0.802617 42.1252),1023,lutite
http://www.wikidata.org/entity/Q17481314,Turó de la Bassa,Point(1.59537 41.8336),600,известняк
http://www.wikidata.org/entity/Q17481314,Turó de la Bassa,Point(1.59537 41.8336),600,Мергель
http://www.wikidata.org/entity/Q17481321,Pics de Bassiero,Point(0.995373452 42.606675226),2903,Гранодиорит
http://www.wikidata.org/entity/Q17481326,Roc Bataller,Point(1.26234 42.6041),1728,песчаник
http://www.wikidata.org/entity/Q17481326,Roc Bataller,Point(1.26234 42.6041),1728,lutite
http://www.wikidata.org/entity/Q17481337,Puig de Bellver,Point(2.48306 41.6892),222.6,Конгломерат
http://www.wikidata.org/entity/Q17481342,Turó de Can Berenguer,Point(2.50608 41.7588),681,мрамор
http://www.wikidata.org/entity/Q17481353,Roca del Bisbe,Point(1.78775 41.2895),271.9,известняк
http://www.wikidata.org/entity/Q17481356,Puig Blanc,Point(2.4845 42.1154),728,песчаник
http://www.wikidata.org/entity/Q17481356,Puig Blanc,Point(2.4845 42.1154),728,Конгломерат
http://www.wikidata.org/entity/Q17481366,Roca Blanca,Point(0.865781 42.5297),2297,песчаник
http://www.wikidata.org/entity/Q17481366,Roca Blanca,Point(0.865781 42.5297),2297,lutite
http://www.wikidata.org/entity/Q17481368,Roques Blanques,Point(1.73008 42.1908),2150,известняк
http://www.wikidata.org/entity/Q17481372,roques Blanques,Point(0.814681 42.5453),2308,известняк
http://www.wikidata.org/entity/Q17481372,roques Blanques,Point(0.814681 42.5453),2308,аспидный сланец
http://www.wikidata.org/entity/Q17481384,El Boixader,Point(1.618655 41.893358),634,песчаник
http://www.wikidata.org/entity/Q17481384,El Boixader,Point(1.618655 41.893358),634,Мергель
http://www.wikidata.org/entity/Q17481384,El Boixader,Point(1.618655 41.893358),634,алевролит
http://www.wikidata.org/entity/Q17481385,Cap de la Boixassa,Point(1.798617 42.288559),1820,известняк
http://www.wikidata.org/entity/Q17481385,Cap de la Boixassa,Point(1.798617 42.288559),1820,доломит
http://www.wikidata.org/entity/Q17481388,La Bola de la Partió,Point(1.78526 41.6086),1037,Конгломерат
http://www.wikidata.org/entity/Q17481391,Pui de la Bonaigua,Point(1.019481 42.627196),2778,Гранодиорит
http://www.wikidata.org/entity/Q17481403,El Borrut,Point(1.547794444 42.109491666),1125,Конгломерат
http://www.wikidata.org/entity/Q17481410,El Bres,Point(0.977411 41.153937),525,метаморфическая горная порода
http://www.wikidata.org/entity/Q17481417,Puig dels Bufadors,Point(3.248749 42.301067),432,кристаллические сланцы
http://www.wikidata.org/entity/Q17481417,Puig dels Bufadors,Point(3.248749 42.301067),432,аспидный сланец
http://www.wikidata.org/entity/Q17481417,Puig dels Bufadors,Point(3.248749 42.301067),432,Филлит
http://www.wikidata.org/entity/Q17481441,Puig de la Cabrafiga,Point(0.895050001 41.053439917),614,известняк
http://www.wikidata.org/entity/Q17481441,Puig de la Cabrafiga,Point(0.895050001 41.053439917),614,доломит
http://www.wikidata.org/entity/Q17482123,Serrat de Graus,Point(1.44215 42.0518),725,песчаник
http://www.wikidata.org/entity/Q17482123,Serrat de Graus,Point(1.44215 42.0518),725,Конгломерат
http://www.wikidata.org/entity/Q17482123,Serrat de Graus,Point(1.44215 42.0518),725,алевролит
http://www.wikidata.org/entity/Q17482126,Puig Gros,Point(1.66905 41.8174),824,известняк
http://www.wikidata.org/entity/Q17482126,Puig Gros,Point(1.66905 41.8174),824,Мергель
http://www.wikidata.org/entity/Q17482126,Puig Gros,Point(1.66905 41.8174),824,lutite
http://www.wikidata.org/entity/Q17482135,Tossal Gros,Point(1.33695 41.8528),560,песчаник
http://www.wikidata.org/entity/Q17482135,Tossal Gros,Point(1.33695 41.8528),560,известняк
http://www.wikidata.org/entity/Q17482135,Tossal Gros,Point(1.33695 41.8528),560,Мергель
http://www.wikidata.org/entity/Q17482143,Tossal Gros,Point(0.999092 42.2727),1081,Конгломерат
http://www.wikidata.org/entity/Q17482144,Tossal Gros,Point(1.33768 41.7652),612,известняк
http://www.wikidata.org/entity/Q17482144,Tossal Gros,Point(1.33768 41.7652),612,Мергель
http://www.wikidata.org/entity/Q17482147,Tossal Gros,Point(0.840533 42.3789),1476,Конгломерат
http://www.wikidata.org/entity/Q17482152,Tossal Gros,Point(0.756125 42.1488),1085,песчаник
http://www.wikidata.org/entity/Q17482152,Tossal Gros,Point(0.756125 42.1488),1085,Конгломерат
http://www.wikidata.org/entity/Q17482152,Tossal Gros,Point(0.756125 42.1488),1085,lutite
http://www.wikidata.org/entity/Q17482155,Turó Gros,Point(2.445305 41.772435),1644,Филлит
http://www.wikidata.org/entity/Q17482155,Turó Gros,Point(2.445305 41.772435),1644,роговик
http://www.wikidata.org/entity/Q17482157,Turó Gros,Point(2.33556 41.5804),296.9,порфир
http://www.wikidata.org/entity/Q17482164,Mola Grossa,Point(0.382414 40.9434),1045,Брекчия
http://www.wikidata.org/entity/Q17482164,Mola Grossa,Point(0.382414 40.9434),1045,доломит
http://www.wikidata.org/entity/Q17482174,La Guàrdia,Point(1.79044 41.3913),384,Калькаренит
http://www.wikidata.org/entity/Q17482177,la Guàrdia,Point(1.624209 42.093104),1448,Конгломерат
http://www.wikidata.org/entity/Q17482186,Tossal de la Guàrdia,Point(1.486684 42.049284),907,песчаник
http://www.wikidata.org/entity/Q17482186,Tossal de la Guàrdia,Point(1.486684 42.049284),907,lutite
http://www.wikidata.org/entity/Q17482218,La Guixera,Point(1.378042 41.817205),480,гипс
http://www.wikidata.org/entity/Q17482218,La Guixera,Point(1.378042 41.817205),480,Мергель
http://www.wikidata.org/entity/Q17482220,Roca de Guixers,Point(1.632488 42.147215),1439,песчаник
http://www.wikidata.org/entity/Q17482220,Roca de Guixers,Point(1.632488 42.147215),1439,Конгломерат
http://www.wikidata.org/entity/Q17482220,Roca de Guixers,Point(1.632488 42.147215),1439,lutite
http://www.wikidata.org/entity/Q17482223,Puig d'en Gulló,Point(1.06539 41.2158),578,Гранодиорит
http://www.wikidata.org/entity/Q17482225,El Gurugú,Point(2.16547 41.7612),823,Мергель
http://www.wikidata.org/entity/Q17482228,tuc des Hemnes,Point(0.790032 42.649174),2361,мрамор
http://www.wikidata.org/entity/Q17482236,cap deth Hòro de Molières,Point(0.700852777 42.632402777),2973,гранит
http://www.wikidata.org/entity/Q17482243,Puig de l'Hospici,Point(1.88939 41.5834),517,Конгломерат
http://www.wikidata.org/entity/Q17482280,Puig de la Bastida,Point(2.42751 42.06927),1239,песчаник
http://www.wikidata.org/entity/Q17482280,Puig de la Bastida,Point(2.42751 42.06927),1239,Мергель
http://www.wikidata.org/entity/Q17482282,La Cogulla,Point(0.656722222 41.191527777),498.6,песчаник
http://www.wikidata.org/entity/Q17482282,La Cogulla,Point(0.656722222 41.191527777),498.6,Мергель
http://www.wikidata.org/entity/Q17482282,La Cogulla,Point(0.656722222 41.191527777),498.6,Конгломерат
http://www.wikidata.org/entity/Q17482287,La Creueta,Point(1.231635 41.869649),437,гипс
http://www.wikidata.org/entity/Q17482287,La Creueta,Point(1.231635 41.869649),437,Мергель
http://www.wikidata.org/entity/Q17482292,La Gespeguera,Point(1.50434 42.1749),2333,известняк
http://www.wikidata.org/entity/Q17482302,Mount Picossa,Point(0.576416559 41.109405816),499,Брекчия
http://www.wikidata.org/entity/Q17482302,Mount Picossa,Point(0.576416559 41.109405816),499,доломит
http://www.wikidata.org/entity/Q17483190,Pujoalbo,Point(0.840139 42.655205),2504,песчаник
http://www.wikidata.org/entity/Q17483190,Pujoalbo,Point(0.840139 42.655205),2504,lutite
http://www.wikidata.org/entity/Q17483190,Pujoalbo,Point(0.840139 42.655205),2504,Турбидит
http://www.wikidata.org/entity/Q17483194,Pujol de la Mata,Point(1.984428 41.682151),770,Конгломерат
http://www.wikidata.org/entity/Q17483196,Pujol del Mas,Point(1.98119 41.3253),243,аспидный сланец
http://www.wikidata.org/entity/Q17483196,Pujol del Mas,Point(1.98119 41.3253),243,Филлит
http://www.wikidata.org/entity/Q17483199,El Pujolet,Point(1.68057 41.7995),731,известняк
http://www.wikidata.org/entity/Q17483199,El Pujolet,Point(1.68057 41.7995),731,Мергель
http://www.wikidata.org/entity/Q17483201,Tossa de Pujolriu,Point(2.44708 42.082),932,песчаник
http://www.wikidata.org/entity/Q17483201,Tossa de Pujolriu,Point(2.44708 42.082),932,Конгломерат
http://www.wikidata.org/entity/Q17483202,Turó Punçó,Point(1.600995 42.424555),2493,метаморфическая горная порода
http://www.wikidata.org/entity/Q17483206,Punta de Jovara,Point(0.780642 41.0288),764.8,Брекчия
http://www.wikidata.org/entity/Q17483206,Punta de Jovara,Point(0.780642 41.0288),764.8,доломит
http://www.wikidata.org/entity/Q17483217,El Puntot,Point(2.182147 41.750675),826,песчаник
http://www.wikidata.org/entity/Q17483217,El Puntot,Point(2.182147 41.750675),826,известняк
http://www.wikidata.org/entity/Q17483224,El Putxó,Point(1.73349 41.7912),598,известняк
http://www.wikidata.org/entity/Q17483224,El Putxó,Point(1.73349 41.7912),598,Мергель
http://www.wikidata.org/entity/Q17483235,Tossal de Queralt,Point(1.211964 41.741498),436,глина
http://www.wikidata.org/entity/Q17483235,Tossal de Queralt,Point(1.211964 41.741498),436,Мергель
http://www.wikidata.org/entity/Q17483238,Roca de Querol,Point(1.56929 42.1579),1840,известняк
http://www.wikidata.org/entity/Q17483238,Roca de Querol,Point(1.56929 42.1579),1840,глина
http://www.wikidata.org/entity/Q17483252,Rasos de Baix,Point(1.78042 42.137),2058,известняк
http://www.wikidata.org/entity/Q17483256,Tossal Redó,Point(1.311577 41.911175),596,песчаник
http://www.wikidata.org/entity/Q17483256,Tossal Redó,Point(1.311577 41.911175),596,известняк
http://www.wikidata.org/entity/Q17483256,Tossal Redó,Point(1.311577 41.911175),596,Мергель
http://www.wikidata.org/entity/Q17483258,pic del Redó,Point(0.961833 42.5877),2546,Гранодиорит
http://www.wikidata.org/entity/Q17483264,cap de Reguera,Point(0.944872 42.5181),2800,Гранодиорит
http://www.wikidata.org/entity/Q17483266,Turó del Reig,Point(2.25544 41.4959),368.1,Пегматит
http://www.wikidata.org/entity/Q17483266,Turó del Reig,Point(2.25544 41.4959),368.1,порфир
http://www.wikidata.org/entity/Q17483266,Turó del Reig,Point(2.25544 41.4959),368.1,аплит
http://www.wikidata.org/entity/Q17483266,Turó del Reig,Point(2.25544 41.4959),368.1,leucogranite
http://www.wikidata.org/entity/Q17483268,El Remei,Point(1.68705 41.9376),675,песчаник
http://www.wikidata.org/entity/Q17483268,El Remei,Point(1.68705 41.9376),675,Мергель
http://www.wikidata.org/entity/Q17483268,El Remei,Point(1.68705 41.9376),675,алевролит
http://www.wikidata.org/entity/Q17483280,Penya Riscle,Point(1.83746 41.2683),308.1,известняк
http://www.wikidata.org/entity/Q17481449,Turó de Caçagats,Point(1.99033 41.2975),78,песчаник
http://www.wikidata.org/entity/Q17481449,Turó de Caçagats,Point(1.99033 41.2975),78,глина
http://www.wikidata.org/entity/Q17481450,Cadinell,Point(1.597824717 42.264393419),2113,известняк
http://www.wikidata.org/entity/Q17481470,Tossal de Cambrils,Point(1.41584 42.1551),1802,Брекчия
http://www.wikidata.org/entity/Q17481477,Cap de Campmaior,Point(1.113775 42.516012),2044.9,аспидный сланец
http://www.wikidata.org/entity/Q17481478,Tuc de Campsaure,Point(0.669956 42.734),2142,метаморфическая горная порода
http://www.wikidata.org/entity/Q17481480,Turó de Can Bosc,Point(1.66349 42.0302),923,Конгломерат
http://www.wikidata.org/entity/Q17481485,Turó de Can Dolcet,Point(1.815801 41.555408),416,песчаник
http://www.wikidata.org/entity/Q17481485,Turó de Can Dolcet,Point(1.815801 41.555408),416,глина
http://www.wikidata.org/entity/Q17481485,Turó de Can Dolcet,Point(1.815801 41.555408),416,Конгломерат
http://www.wikidata.org/entity/Q17481494,Turó de Can Mallol,Point(2.07072 41.4189),408.8,аспидный сланец
http://www.wikidata.org/entity/Q17481506,Turó de Can Vidal,Point(1.565522 41.54457),624,известняк
http://www.wikidata.org/entity/Q17481508,Puig de la Canal del Cristall,Point(1.654771 42.283967),2583,известняк
http://www.wikidata.org/entity/Q17481511,Roca de Canalda,Point(1.50355 42.1307),1703,Брекчия
http://www.wikidata.org/entity/Q17481513,Cap de Canalets,Point(1.295178 42.69914),2608.5,песчаник
http://www.wikidata.org/entity/Q17481513,Cap de Canalets,Point(1.295178 42.69914),2608.5,lutite
http://www.wikidata.org/entity/Q17481521,Cantacorbs,Point(1.99085 41.702183333),675.4,песчаник
http://www.wikidata.org/entity/Q17481521,Cantacorbs,Point(1.99085 41.702183333),675.4,Конгломерат
http://www.wikidata.org/entity/Q17481521,Cantacorbs,Point(1.99085 41.702183333),675.4,lutite
http://www.wikidata.org/entity/Q17481523,Cantagalls,Point(1.45572 41.6115),724,известняк
http://www.wikidata.org/entity/Q17481523,Cantagalls,Point(1.45572 41.6115),724,Мергель
http://www.wikidata.org/entity/Q17481527,Cap de Cabristà,Point(1.0396 42.4227),2372,известняк
http://www.wikidata.org/entity/Q17481527,Cap de Cabristà,Point(1.0396 42.4227),2372,аспидный сланец
http://www.wikidata.org/entity/Q17481529,Cap de Carreu,Point(1.123586 42.19357),1749,известняк
http://www.wikidata.org/entity/Q17481529,Cap de Carreu,Point(1.123586 42.19357),1749,Мергель
http://www.wikidata.org/entity/Q17481529,Cap de Carreu,Point(1.123586 42.19357),1749,доломит
http://www.wikidata.org/entity/Q17481530,Pico Gelada,Point(0.765144 42.521551),2449,известняк
http://www.wikidata.org/entity/Q17481532,Cap de Gos,Point(0.331004 40.903059),896,Конгломерат
http://www.wikidata.org/entity/Q17481533,Pui del Cap de l'Estany,Point(1.30924 42.7176),2603,Гранодиорит
http://www.wikidata.org/entity/Q17481534,Cap de la Cana,Point(0.754801 42.489994),2196,известняк
http://www.wikidata.org/entity/Q17481539,Cap de les Llenes,Point(1.105001 42.171414),1163,известняк
http://www.wikidata.org/entity/Q17481543,Cap del Pla,Point(1.15039 41.9024),631,песчаник
http://www.wikidata.org/entity/Q17481543,Cap del Pla,Point(1.15039 41.9024),631,известняк
http://www.wikidata.org/entity/Q17481543,Cap del Pla,Point(1.15039 41.9024),631,Мергель
http://www.wikidata.org/entity/Q18004976,Montsianell,Point(0.555600233 40.683023505),293,известняк
http://www.wikidata.org/entity/Q18004976,Montsianell,Point(0.555600233 40.683023505),293,Мергель
http://www.wikidata.org/entity/Q18005995,Q18005995,Point(0.43 40.5061),144,известняк
http://www.wikidata.org/entity/Q18006017,Puigdefrou,Point(2.592501 41.963543),839,Гранодиорит
http://www.wikidata.org/entity/Q18006017,Puigdefrou,Point(2.592501 41.963543),839,порфир
http://www.wikidata.org/entity/Q18006369,Roc de Penalta,Point(1.09854 42.2454),1697,известняк
http://www.wikidata.org/entity/Q18006369,Roc de Penalta,Point(1.09854 42.2454),1697,Мергель
http://www.wikidata.org/entity/Q18006369,Roc de Penalta,Point(1.09854 42.2454),1697,доломит
http://www.wikidata.org/entity/Q18006373,Roc des Cases,Point(1.04533 42.2592),896,Мергель
http://www.wikidata.org/entity/Q18006373,Roc des Cases,Point(1.04533 42.2592),896,lutite
http://www.wikidata.org/entity/Q18006375,Roc Roi,Point(1.06654 42.2579),1339,Конгломерат
http://www.wikidata.org/entity/Q18006383,Roca de la Rua,Point(1.15847 42.1453),1110,песчаник
http://www.wikidata.org/entity/Q18006383,Roca de la Rua,Point(1.15847 42.1453),1110,известняк
http://www.wikidata.org/entity/Q18006383,Roca de la Rua,Point(1.15847 42.1453),1110,Калькаренит
http://www.wikidata.org/entity/Q18006386,Roca de Viella,Point(1.07664 42.1628),1196,известняк
http://www.wikidata.org/entity/Q18006386,Roca de Viella,Point(1.07664 42.1628),1196,Мергель
http://www.wikidata.org/entity/Q18006451,Roques del Congost,Point(0.935694 42.2909),847,известняк
http://www.wikidata.org/entity/Q18006451,Roques del Congost,Point(0.935694 42.2909),847,Мергель
http://www.wikidata.org/entity/Q18006451,Roques del Congost,Point(0.935694 42.2909),847,доломит
http://www.wikidata.org/entity/Q18006837,serra de Sant Honorat,Point(1.270382 42.083792),1068,Конгломерат
http://www.wikidata.org/entity/Q17483294,Roc Malè,Point(2.151731 42.402875),2296,кристаллические сланцы
http://www.wikidata.org/entity/Q17483294,Roc Malè,Point(2.151731 42.402875),2296,мрамор
http://www.wikidata.org/entity/Q17483294,Roc Malè,Point(2.151731 42.402875),2296,гнейс
http://www.wikidata.org/entity/Q17483296,Serrat de la Roca,Point(1.40209 41.9463),776,песчаник
http://www.wikidata.org/entity/Q17483296,Serrat de la Roca,Point(1.40209 41.9463),776,известняк
http://www.wikidata.org/entity/Q17483296,Serrat de la Roca,Point(1.40209 41.9463),776,Мергель
http://www.wikidata.org/entity/Q17483301,Roca Corbatera,Point(0.891232362 41.288591728),1163,песчаник
http://www.wikidata.org/entity/Q17483301,Roca Corbatera,Point(0.891232362 41.288591728),1163,Мергель
http://www.wikidata.org/entity/Q17483301,Roca Corbatera,Point(0.891232362 41.288591728),1163,Конгломерат
http://www.wikidata.org/entity/Q17483317,Roca Gran de Ferrús,Point(1.73847 42.1838),2129,Конгломерат
http://www.wikidata.org/entity/Q17483318,La Roca Gran de la Portella,Point(1.78076 41.6054),933,Конгломерат
http://www.wikidata.org/entity/Q17483320,Roca Mosquera,Point(0.820911 42.2543),1211.2,песчаник
http://www.wikidata.org/entity/Q17483320,Roca Mosquera,Point(0.820911 42.2543),1211.2,Конгломерат
http://www.wikidata.org/entity/Q17483324,Roca Roja,Point(1.063265 42.018435),932,песчаник
http://www.wikidata.org/entity/Q17483324,Roca Roja,Point(1.063265 42.018435),932,известняк
http://www.wikidata.org/entity/Q17483324,Roca Roja,Point(1.063265 42.018435),932,Калькаренит
http://www.wikidata.org/entity/Q17483330,Rocalta,Point(1.044505 42.211578),1489,Конгломерат
http://www.wikidata.org/entity/Q17483340,Puig Rodó,Point(3.12048 42.0579),308,известняк
http://www.wikidata.org/entity/Q17483340,Puig Rodó,Point(3.12048 42.0579),308,Мергель
http://www.wikidata.org/entity/Q17483353,Tossal Rodó,Point(1.21614 41.6387),562,известняк
http://www.wikidata.org/entity/Q17483354,Tossal Rodó,Point(1.598998 42.012595),895,песчаник
http://www.wikidata.org/entity/Q17483354,Tossal Rodó,Point(1.598998 42.012595),895,известняк
http://www.wikidata.org/entity/Q17483354,Tossal Rodó,Point(1.598998 42.012595),895,Мергель
http://www.wikidata.org/entity/Q17483359,El Ròdol,Point(1.65254 42.0753),1114,песчаник
http://www.wikidata.org/entity/Q17483359,El Ròdol,Point(1.65254 42.0753),1114,Мергель
http://www.wikidata.org/entity/Q17483359,El Ròdol,Point(1.65254 42.0753),1114,lutite
http://www.wikidata.org/entity/Q17483370,Pic Roi,Point(0.798188 42.565195),2585,песчаник
http://www.wikidata.org/entity/Q17483370,Pic Roi,Point(0.798188 42.565195),2585,lutite
http://www.wikidata.org/entity/Q17483371,pic de les Capceres d'Estany Roi,Point(0.793203 42.5736),2584,Гранодиорит
http://www.wikidata.org/entity/Q17483372,pic del Cap d'Estany Roi,Point(0.800494 42.585417),2827,гранит
http://www.wikidata.org/entity/Q17483399,Roques Blanques,Point(0.90014 42.0415),827,песчаник
http://www.wikidata.org/entity/Q17483399,Roques Blanques,Point(0.90014 42.0415),827,Калькаренит
http://www.wikidata.org/entity/Q17482310,la Tossa,Point(0.736267392 41.028946783),718.1,доломит
http://www.wikidata.org/entity/Q17482314,Pic de Lavans,Point(1.435532 42.605795),2896,песчаник
http://www.wikidata.org/entity/Q17482314,Pic de Lavans,Point(1.435532 42.605795),2896,lutite
http://www.wikidata.org/entity/Q17482325,Roca Lladre,Point(2.49813 42.136518),907,песчаник
http://www.wikidata.org/entity/Q17482325,Roca Lladre,Point(2.49813 42.136518),907,Мергель
http://www.wikidata.org/entity/Q17482325,Roca Lladre,Point(2.49813 42.136518),907,Конгломерат
http://www.wikidata.org/entity/Q17482327,Puig dels Lladres,Point(2.25928 42.4231),2375,гнейс
http://www.wikidata.org/entity/Q17482336,tuc de la Llança,Point(0.990518362 42.684061761),2659,Гранодиорит
http://www.wikidata.org/entity/Q17482337,Roca Llancers,Point(2.40469 41.8228),1171,Гранодиорит
http://www.wikidata.org/entity/Q17482341,Tossal del Llangost,Point(1.32048 41.6148),666,глина
http://www.wikidata.org/entity/Q17482341,Tossal del Llangost,Point(1.32048 41.6148),666,Мергель
http://www.wikidata.org/entity/Q17482348,Puig de Sant Martirià,Point(2.763326 42.131876),242,песчаник
http://www.wikidata.org/entity/Q17482348,Puig de Sant Martirià,Point(2.763326 42.131876),242,Конгломерат
http://www.wikidata.org/entity/Q17482348,Puig de Sant Martirià,Point(2.763326 42.131876),242,lutite
http://www.wikidata.org/entity/Q17482352,tuc de Llebreta,Point(0.894561 42.5379),2523,мрамор
http://www.wikidata.org/entity/Q17482352,tuc de Llebreta,Point(0.894561 42.5379),2523,Филлит
http://www.wikidata.org/entity/Q17482359,Pic de la Lleia,Point(1.26073 42.7147),2776,песчаник
http://www.wikidata.org/entity/Q17482359,Pic de la Lleia,Point(1.26073 42.7147),2776,lutite
http://www.wikidata.org/entity/Q17482364,Roc de Llenasca,Point(1.00856 42.2404),955,бурый уголь
http://www.wikidata.org/entity/Q17482364,Roc de Llenasca,Point(1.00856 42.2404),955,lutite
http://www.wikidata.org/entity/Q17482367,Tossal de Lletó,Point(1.542997 42.311767),1631,андезит
http://www.wikidata.org/entity/Q17482391,El Lloro,Point(1.792639 41.610555),1128,Конгломерат
http://www.wikidata.org/entity/Q17482394,Puig de la Llosa,Point(2.296475 42.422984),2504,кварцит
http://www.wikidata.org/entity/Q17482405,Punta del Llurba,Point(0.869544 41.3007),1103.5,песчаник
http://www.wikidata.org/entity/Q17482405,Punta del Llurba,Point(0.869544 41.3007),1103.5,Мергель
http://www.wikidata.org/entity/Q17482405,Punta del Llurba,Point(0.869544 41.3007),1103.5,Конгломерат
http://www.wikidata.org/entity/Q17482412,Mola de Lord,Point(1.581828 42.116674),1189,Конгломерат
http://www.wikidata.org/entity/Q17482418,Turó de la Magarola,Point(2.129682979 41.442174488),430,аспидный сланец
http://www.wikidata.org/entity/Q17482420,Turó del Magre,Point(1.43401 41.6374),781,известняк
http://www.wikidata.org/entity/Q17482420,Turó del Magre,Point(1.43401 41.6374),781,Мергель
http://www.wikidata.org/entity/Q17482431,Turó del Mal Pas,Point(1.954693 41.671376),755,Конгломерат
http://www.wikidata.org/entity/Q17482439,Malera,Point(0.720439 41.929903),877,известняк
http://www.wikidata.org/entity/Q17482443,Pico Forcanada,Point(0.705628888 42.643218535),2883,мрамор
http://www.wikidata.org/entity/Q17482458,Tossal del Manco,Point(1.48789 41.6972),684,известняк
http://www.wikidata.org/entity/Q17482458,Tossal del Manco,Point(1.48789 41.6972),684,Мергель
http://www.wikidata.org/entity/Q17482473,Tuc de Marimanha,Point(1.012332314 42.709242624),2679.2,гранит
http://www.wikidata.org/entity/Q17482478,Turó del Marquès,Point(1.85041 41.6415),358.1,Мергель
http://www.wikidata.org/entity/Q17482478,Turó del Marquès,Point(1.85041 41.6415),358.1,алевролит
http://www.wikidata.org/entity/Q17482480,Punta dels Marquesos,Point(0.871417 41.4519),655,песчаник
http://www.wikidata.org/entity/Q17482480,Punta dels Marquesos,Point(0.871417 41.4519),655,lutite
http://www.wikidata.org/entity/Q17482482,Serrat del Marquet,Point(1.41256 42.0523),724,песчаник
http://www.wikidata.org/entity/Q17482482,Serrat del Marquet,Point(1.41256 42.0523),724,Конгломерат
http://www.wikidata.org/entity/Q17482482,Serrat del Marquet,Point(1.41256 42.0523),724,алевролит
http://www.wikidata.org/entity/Q16665279,Q16665279,Point(-61.7 15.9703),556,вулканические горные породы
http://www.wikidata.org/entity/Q16665281,Morne Incapable,Point(-61.67702 16.10101),1086,вулканические горные породы
http://www.wikidata.org/entity/Q16665281,Morne Incapable,Point(-61.6717 16.1075),1086,вулканические горные породы
http://www.wikidata.org/entity/Q16665290,Morne Moustique,Point(-61.67993 16.11463),1119,вулканические горные породы
http://www.wikidata.org/entity/Q16665290,Morne Moustique,Point(-61.6797 16.1147),1119,вулканические горные породы
http://www.wikidata.org/entity/Q16665292,Morne du Col,Point(-61.6674 16.05842),1281,вулканические горные породы
http://www.wikidata.org/entity/Q16665292,Morne du Col,Point(-61.6675 16.0586),1281,вулканические горные породы
http://www.wikidata.org/entity/Q16665296,Morne à Craie,Point(-61.58444444 15.85944444),148,вулканические горные породы
http://www.wikidata.org/entity/Q16666405,Nez Cassé,Point(-61.6722 16.0483),1281,вулканические горные породы
http://www.wikidata.org/entity/Q16669622,Q16669622,Point(-61.6806 16.0922),1318,вулканические горные породы
http://www.wikidata.org/entity/Q16669684,Peygros,Point(6.443 43.6515),778,осадочная горная порода
http://www.wikidata.org/entity/Q16669684,Peygros,Point(6.68944 43.6611),778,осадочная горная порода
http://www.wikidata.org/entity/Q16670217,Pitons de Bouillante,Point(-61.7242 16.1353),1088,вулканические горные породы
http://www.wikidata.org/entity/Q16671613,Q16671613,Point(3.7 46.4047),436,гранит
http://www.wikidata.org/entity/Q16676781,Q16676781,Point(6.33667 43.2758),780,метаморфическая горная порода
http://www.wikidata.org/entity/Q17482485,Serrat de Marrossella,Point(1.45981 41.9699),917,песчаник
http://www.wikidata.org/entity/Q17482485,Serrat de Marrossella,Point(1.45981 41.9699),917,Конгломерат
http://www.wikidata.org/entity/Q17482485,Serrat de Marrossella,Point(1.45981 41.9699),917,алевролит
http://www.wikidata.org/entity/Q17482487,Pic de Martell,Point(1.92326 41.2744),362.6,известняк
http://www.wikidata.org/entity/Q17482500,Puig de Mas d'en Coll,Point(2.59285 42.324),1031,Мергель
http://www.wikidata.org/entity/Q17482507,Tossal del Mas de Nadal,Point(1.317351 41.825562),526,песчаник
http://www.wikidata.org/entity/Q17482507,Tossal del Mas de Nadal,Point(1.317351 41.825562),526,глина
http://www.wikidata.org/entity/Q17482519,Puig de Masvell,Point(1.13925 41.8591),547,известняк
http://www.wikidata.org/entity/Q17482519,Puig de Masvell,Point(1.13925 41.8591),547,Мергель
http://www.wikidata.org/entity/Q17482522,La Mata,Point(1.274238 41.708462),528,известняк
http://www.wikidata.org/entity/Q17482530,Matavaques,Point(1.43813 42.0039),806,песчаник
http://www.wikidata.org/entity/Q17482530,Matavaques,Point(1.43813 42.0039),806,Конгломерат
http://www.wikidata.org/entity/Q17482530,Matavaques,Point(1.43813 42.0039),806,алевролит
http://www.wikidata.org/entity/Q17482544,Turó de la Mel,Point(1.68601 41.5994),404,Мергель
http://www.wikidata.org/entity/Q17482563,Roc de Migdia,Point(1.35951 42.1641),1125,известняк
http://www.wikidata.org/entity/Q17482564,Roc del Migdia,Point(1.362394 42.104533),1153,Конгломерат
http://www.wikidata.org/entity/Q17482566,Roca de Migdia,Point(1.568135 42.207929),1870,известняк
http://www.wikidata.org/entity/Q17482568,Roca del Migdia,Point(1.96567 41.3021),167,известняк
http://www.wikidata.org/entity/Q17482568,Roca del Migdia,Point(1.96567 41.3021),167,доломит
http://www.wikidata.org/entity/Q17482582,Puig de Millà,Point(0.672191437 42.001724505),1025,песчаник
http://www.wikidata.org/entity/Q17482582,Puig de Millà,Point(0.672191437 42.001724505),1025,известняк
http://www.wikidata.org/entity/Q17482582,Puig de Millà,Point(0.672191437 42.001724505),1025,Калькаренит
http://www.wikidata.org/entity/Q17482600,Grony de Miralles,Point(1.49218341 41.516702562),866,известняк
http://www.wikidata.org/entity/Q17482602,Puig de Miralles,Point(2.36697 42.1301),1435,песчаник
http://www.wikidata.org/entity/Q17482602,Puig de Miralles,Point(2.36697 42.1301),1435,Конгломерат
http://www.wikidata.org/entity/Q17482604,Tossal de Miralles,Point(1.295218 41.681985),594,известняк
http://www.wikidata.org/entity/Q17482606,Miramar,Point(1.70333 41.5376),594,аспидный сланец
http://www.wikidata.org/entity/Q17482607,La Miranda,Point(2.20922 42.0191),911,песчаник
http://www.wikidata.org/entity/Q17482607,La Miranda,Point(2.20922 42.0191),911,Мергель
http://www.wikidata.org/entity/Q17482607,La Miranda,Point(2.20922 42.0191),911,Конгломерат
http://www.wikidata.org/entity/Q17482629,Tossal de la Moixa,Point(0.753375 42.4928),2177.8,известняк
http://www.wikidata.org/entity/Q17482629,Tossal de la Moixa,Point(0.753375 42.4928),2177.8,аспидный сланец
http://www.wikidata.org/entity/Q17482638,El Mojó,Point(2.32231 41.7272),1018.8,аспидный сланец
http://www.wikidata.org/entity/Q17482640,la Mola,Point(1.417300413 41.21165726),317,известняк
http://www.wikidata.org/entity/Q17482640,la Mola,Point(1.417300413 41.21165726),317,доломит
http://www.wikidata.org/entity/Q17482641,La Mola,Point(0.992467 41.2813),942,известняк
http://www.wikidata.org/entity/Q17482641,La Mola,Point(0.992467 41.2813),942,доломит
http://www.wikidata.org/entity/Q17482664,Moles dels Viarnets,Point(0.30064 40.903165),751,Конгломерат
http://www.wikidata.org/entity/Q18008656,Tossal de l'Osca,Point(0.831316 42.04097),1521,песчаник
http://www.wikidata.org/entity/Q18008656,Tossal de l'Osca,Point(0.831316 42.04097),1521,известняк
http://www.wikidata.org/entity/Q18008656,Tossal de l'Osca,Point(0.831316 42.04097),1521,Калькаренит
http://www.wikidata.org/entity/Q18008726,Turó Rodó,Point(2.074867 41.402952),353,аспидный сланец
http://www.wikidata.org/entity/Q18008895,La Voltorera,Point(1.303573 41.40127),816,известняк
http://www.wikidata.org/entity/Q18008895,La Voltorera,Point(1.303573 41.40127),816,доломит
http://www.wikidata.org/entity/Q17483411,Puig del Rossinyol,Point(2.027014 41.44673),257.9,аспидный сланец
http://www.wikidata.org/entity/Q17483412,Puig d'en Roure,Point(3.06859 41.9696),68,песок
http://www.wikidata.org/entity/Q17483412,Puig d'en Roure,Point(3.06859 41.9696),68,глина
http://www.wikidata.org/entity/Q17483412,Puig d'en Roure,Point(3.06859 41.9696),68,ил
http://www.wikidata.org/entity/Q17483419,bony dels Roures,Point(0.822992 42.5599),2086,Гранодиорит
http://www.wikidata.org/entity/Q17483420,Serrat dels Rovellons,Point(1.4362 41.9669),854,песчаник
http://www.wikidata.org/entity/Q17483420,Serrat dels Rovellons,Point(1.4362 41.9669),854,Конгломерат
http://www.wikidata.org/entity/Q17483420,Serrat dels Rovellons,Point(1.4362 41.9669),854,алевролит
http://www.wikidata.org/entity/Q17483421,Serrat dels Rovellons,Point(1.472593 42.046818),802,песчаник
http://www.wikidata.org/entity/Q17483421,Serrat dels Rovellons,Point(1.472593 42.046818),802,lutite
http://www.wikidata.org/entity/Q17483425,Serrat de Runers,Point(1.74984 42.0873),1500,Конгломерат
http://www.wikidata.org/entity/Q17483430,Puig Sabataire,Point(1.89312 41.2789),462.7,известняк
http://www.wikidata.org/entity/Q17483433,Pic de Saboredo,Point(0.981018 42.607902),2830,Гранодиорит
http://www.wikidata.org/entity/Q17483436,Punta del Safrà,Point(0.291278 40.8556),913,Брекчия
http://www.wikidata.org/entity/Q17483436,Punta del Safrà,Point(0.291278 40.8556),913,доломит
http://www.wikidata.org/entity/Q17483439,Turó del Pou d'en Sala,Point(2.347413 41.832591),1265.5,Филлит
http://www.wikidata.org/entity/Q17483439,Turó del Pou d'en Sala,Point(2.347413 41.832591),1265.5,роговик
http://www.wikidata.org/entity/Q17483443,Salga Aguda,Point(1.951408683 42.119254028),1172,Конгломерат
http://www.wikidata.org/entity/Q17483456,Sant Antoni Vell,Point(2.3803 42.3057),1340,известняк
http://www.wikidata.org/entity/Q17483458,Tossal de Sant Blai,Point(0.852348 41.4403),608.3,песчаник
http://www.wikidata.org/entity/Q17483458,Tossal de Sant Blai,Point(0.852348 41.4403),608.3,lutite
http://www.wikidata.org/entity/Q17483461,Sant Cosme,Point(0.755761 42.2344),1128,Конгломерат
http://www.wikidata.org/entity/Q17483465,Tossal de Sant Donat,Point(1.425921 41.813817),644,песчаник
http://www.wikidata.org/entity/Q17483465,Tossal de Sant Donat,Point(1.425921 41.813817),644,Мергель
http://www.wikidata.org/entity/Q17483465,Tossal de Sant Donat,Point(1.425921 41.813817),644,алевролит
http://www.wikidata.org/entity/Q17483468,Turó de Sant Ermengol,Point(1.180616 41.762482),396,глина
http://www.wikidata.org/entity/Q17483468,Turó de Sant Ermengol,Point(1.180616 41.762482),396,Мергель
http://www.wikidata.org/entity/Q17483470,Sant Gabriel,Point(1.52417 41.9112),861,песчаник
http://www.wikidata.org/entity/Q17483470,Sant Gabriel,Point(1.52417 41.9112),861,известняк
http://www.wikidata.org/entity/Q17483470,Sant Gabriel,Point(1.52417 41.9112),861,Мергель
http://www.wikidata.org/entity/Q17483475,Puig de Sant Isidre,Point(1.83902 41.2454),272.1,известняк
http://www.wikidata.org/entity/Q17483482,Turó de Sant Joan,Point(2.004186 41.606527),619.6,аспидный сланец
http://www.wikidata.org/entity/Q17483484,Turó de Sant Lleïr,Point(1.61044 42.1412),1037,известняк
http://www.wikidata.org/entity/Q17483486,Turó de Sant Llop,Point(2.73425 41.9198),223,тефра
http://www.wikidata.org/entity/Q17483492,Tossal de Sant Marc,Point(1.337818 41.991237),661,песчаник
http://www.wikidata.org/entity/Q17483492,Tossal de Sant Marc,Point(1.337818 41.991237),661,Конгломерат
http://www.wikidata.org/entity/Q17483492,Tossal de Sant Marc,Point(1.337818 41.991237),661,алевролит
http://www.wikidata.org/entity/Q17483494,Turó de Sant Marçal,Point(2.40299 41.802337),1528,Филлит
http://www.wikidata.org/entity/Q17483494,Turó de Sant Marçal,Point(2.40299 41.802337),1528,роговик
http://www.wikidata.org/entity/Q17483497,Tossal de Sant Martí,Point(0.880508 42.4001),1364,гипс
http://www.wikidata.org/entity/Q17483497,Tossal de Sant Martí,Point(0.880508 42.4001),1364,lutite
http://www.wikidata.org/entity/Q17483497,Tossal de Sant Martí,Point(0.880508 42.4001),1364,vacuolar dolomite
http://www.wikidata.org/entity/Q17483503,Puig de Sant Pere,Point(2.09654 42.2688),1643.5,известняк
http://www.wikidata.org/entity/Q17483503,Puig de Sant Pere,Point(2.09654 42.2688),1643.5,глина
http://www.wikidata.org/entity/Q17483504,Roc de Sant Pere,Point(1.39794 42.5716),1766.6,lutite
http://www.wikidata.org/entity/Q17483509,Sant Quintí,Point(1.623133 41.89026),713,песчаник
http://www.wikidata.org/entity/Q17483509,Sant Quintí,Point(1.623133 41.89026),713,lutite
http://www.wikidata.org/entity/Q16839434,Beacon Hill,Point(-117.561 33.9344),1019,гранит
http://www.wikidata.org/entity/Q17483511,Tossal de Sant Quiri,Point(1.01457 42.3936),1834,известняк
http://www.wikidata.org/entity/Q17483511,Tossal de Sant Quiri,Point(1.01457 42.3936),1834,аспидный сланец
http://www.wikidata.org/entity/Q17483512,Tossal de Sant Quiri,Point(0.843886 42.4063),1627,песчаник
http://www.wikidata.org/entity/Q17483512,Tossal de Sant Quiri,Point(0.843886 42.4063),1627,lutite
http://www.wikidata.org/entity/Q17483513,Tossal de Sant Ramon,Point(1.38462 41.731),686,песчаник
http://www.wikidata.org/entity/Q17483513,Tossal de Sant Ramon,Point(1.38462 41.731),686,известняк
http://www.wikidata.org/entity/Q17483513,Tossal de Sant Ramon,Point(1.38462 41.731),686,Мергель
http://www.wikidata.org/entity/Q17483518,Sant Salvador Saverdera,Point(3.16782473 42.319972187),682,аспидный сланец
http://www.wikidata.org/entity/Q17483518,Sant Salvador Saverdera,Point(3.16782473 42.319972187),682,Филлит
http://www.wikidata.org/entity/Q17483519,Sant Sebastià,Point(2.199381 41.92631),770,песчаник
http://www.wikidata.org/entity/Q17483519,Sant Sebastià,Point(2.199381 41.92631),770,Мергель
http://www.wikidata.org/entity/Q17483519,Sant Sebastià,Point(2.199381 41.92631),770,Конгломерат
http://www.wikidata.org/entity/Q17483522,Sant Simplici,Point(1.337035 41.144903),110,доломит
http://www.wikidata.org/entity/Q17483524,Roc de Santa,Point(1.01769 42.2437),1113,Конгломерат
http://www.wikidata.org/entity/Q17483529,Turó de Santa Creu,Point(1.61721 42.1702),1317,известняк
http://www.wikidata.org/entity/Q17483533,Serrat de Santa Magdalena,Point(1.39063 42.0415),735,песчаник
http://www.wikidata.org/entity/Q17483533,Serrat de Santa Magdalena,Point(1.39063 42.0415),735,Конгломерат
http://www.wikidata.org/entity/Q17483533,Serrat de Santa Magdalena,Point(1.39063 42.0415),735,алевролит
http://www.wikidata.org/entity/Q17483535,Santa Margarida,Point(1.70814 42.1611),1629,песчаник
http://www.wikidata.org/entity/Q17483535,Santa Margarida,Point(1.70814 42.1611),1629,Конгломерат
http://www.wikidata.org/entity/Q17483535,Santa Margarida,Point(1.70814 42.1611),1629,lutite
http://www.wikidata.org/entity/Q17483541,Roca de Santaló,Point(1.55744 42.2439),1766,известняк
http://www.wikidata.org/entity/Q17483542,Santjust,Point(1.81056 41.4688),282.5,Конгломерат
http://www.wikidata.org/entity/Q17483546,Roca Sareny,Point(2.017894288 41.694502464),804,Конгломерат
http://www.wikidata.org/entity/Q17483550,Turó d'en Sariol,Point(2.25934 41.4711),170,Гранодиорит
http://www.wikidata.org/entity/Q17483552,tuc de Saumet,Point(0.980895 42.708319),2461,Гранодиорит
http://www.wikidata.org/entity/Q17483565,Tossal del Senyor,Point(1.38214 41.6281),688,гипс
http://www.wikidata.org/entity/Q17483565,Tossal del Senyor,Point(1.38214 41.6281),688,Мергель
http://www.wikidata.org/entity/Q17483570,Cap de la Serra,Point(1.75854 42.1361),1847,Конгломерат
http://www.wikidata.org/entity/Q17483578,Serra Grossa,Point(1.03955 41.9418),683,Конгломерат
http://www.wikidata.org/entity/Q17483578,Serra Grossa,Point(1.03955 41.9418),683,lutite
http://www.wikidata.org/entity/Q17483580,El Serradot,Point(1.17182 41.8425),476,песчаник
http://www.wikidata.org/entity/Q17483580,El Serradot,Point(1.17182 41.8425),476,Мергель
http://www.wikidata.org/entity/Q17483580,El Serradot,Point(1.17182 41.8425),476,алевролит
http://www.wikidata.org/entity/Q17483594,Serrat de Villaró,Point(1.4902 41.9663),907,песчаник
http://www.wikidata.org/entity/Q17483594,Serrat de Villaró,Point(1.4902 41.9663),907,Конгломерат
http://www.wikidata.org/entity/Q17483594,Serrat de Villaró,Point(1.4902 41.9663),907,lutite
http://www.wikidata.org/entity/Q17483596,Serrat Llarg,Point(1.40316 41.9831),706,песчаник
http://www.wikidata.org/entity/Q17483596,Serrat Llarg,Point(1.40316 41.9831),706,Конгломерат
http://www.wikidata.org/entity/Q17483596,Serrat Llarg,Point(1.40316 41.9831),706,алевролит
http://www.wikidata.org/entity/Q17483597,La Serreta,Point(1.44485 41.9278),884,песчаник
http://www.wikidata.org/entity/Q17483597,La Serreta,Point(1.44485 41.9278),884,известняк
http://www.wikidata.org/entity/Q17483597,La Serreta,Point(1.44485 41.9278),884,Мергель
http://www.wikidata.org/entity/Q17483599,La Serreta,Point(1.642531 42.07284),1210,песчаник
http://www.wikidata.org/entity/Q17483599,La Serreta,Point(1.642531 42.07284),1210,Конгломерат
http://www.wikidata.org/entity/Q17483599,La Serreta,Point(1.642531 42.07284),1210,lutite
http://www.wikidata.org/entity/Q17483600,tuc de Serreta,Point(0.912214 42.6068),2746,гранит
http://www.wikidata.org/entity/Q17483601,Puig Sesolles,Point(2.43817 41.7735),1667.3,Филлит
http://www.wikidata.org/entity/Q17483601,Puig Sesolles,Point(2.43817 41.7735),1667.3,роговик
http://www.wikidata.org/entity/Q17483602,Serrat de les Set Creus,Point(1.41326 41.9419),818,песчаник
http://www.wikidata.org/entity/Q17483602,Serrat de les Set Creus,Point(1.41326 41.9419),818,известняк
http://www.wikidata.org/entity/Q17483602,Serrat de les Set Creus,Point(1.41326 41.9419),818,Мергель
http://www.wikidata.org/entity/Q17483607,La Simonera,Point(1.33049 41.6186),639,песчаник
http://www.wikidata.org/entity/Q17483607,La Simonera,Point(1.33049 41.6186),639,известняк
http://www.wikidata.org/entity/Q17483607,La Simonera,Point(1.33049 41.6186),639,Мергель
http://www.wikidata.org/entity/Q17483614,Puig Sobirà,Point(1.497650533 42.134041052),1938,известняк
http://www.wikidata.org/entity/Q17483615,Sobrepuny,Point(1.910705934 42.16772486),1655,Конгломерат
http://www.wikidata.org/entity/Q17482670,moleta de Fredes,Point(0.550863 40.63483),504,известняк
http://www.wikidata.org/entity/Q17482670,moleta de Fredes,Point(0.550863 40.63483),504,Мергель
http://www.wikidata.org/entity/Q17482681,Tossal de la Molgosa,Point(1.355799 41.710723),641,известняк
http://www.wikidata.org/entity/Q17482681,Tossal de la Molgosa,Point(1.355799 41.710723),641,Мергель
http://www.wikidata.org/entity/Q17482689,Puig Molló,Point(2.84031 42.3304),262,Мергель
http://www.wikidata.org/entity/Q17482704,Puig de Mont-roig,Point(2.2536 42.3255),1991,песчаник
http://www.wikidata.org/entity/Q17482704,Puig de Mont-roig,Point(2.2536 42.3255),1991,lutite
http://www.wikidata.org/entity/Q17482707,Montagut,Point(0.667342 42.7384),2149,метаморфическая горная порода
http://www.wikidata.org/entity/Q17482707,Montagut,Point(0.667342 42.7384),2149,аспидный сланец
http://www.wikidata.org/entity/Q17482709,Montagut,Point(1.05408 42.1891),1348,известняк
http://www.wikidata.org/entity/Q17482709,Montagut,Point(1.05408 42.1891),1348,Мергель
http://www.wikidata.org/entity/Q17482713,tuc de Montanèro,Point(0.760834 42.648094),2585,Филлит
http://www.wikidata.org/entity/Q17482714,tossal de la Montanyeta,Point(0.967611 42.5558),2771,гранит
http://www.wikidata.org/entity/Q17482718,Montardo Petit,Point(0.876786 42.6313),2781,гранит
http://www.wikidata.org/entity/Q17482719,Tossa de Montbui,Point(1.581408 41.556976),620,известняк
http://www.wikidata.org/entity/Q17482725,El Montcau,Point(1.865831 41.410913),644.7,известняк
http://www.wikidata.org/entity/Q17482725,El Montcau,Point(1.865831 41.410913),644.7,доломит
http://www.wikidata.org/entity/Q17482731,Tossal de Montclí,Point(0.382917 40.8858),962,Брекчия
http://www.wikidata.org/entity/Q17482731,Tossal de Montclí,Point(0.382917 40.8858),962,доломит
http://www.wikidata.org/entity/Q17482733,Montcorbison,Point(0.758684327 42.707817872),2173,аспидный сланец
http://www.wikidata.org/entity/Q17482737,Roca de Monteguida,Point(1.075442 42.174831),1557,известняк
http://www.wikidata.org/entity/Q17482737,Roca de Monteguida,Point(1.075442 42.174831),1557,Мергель
http://www.wikidata.org/entity/Q17482737,Roca de Monteguida,Point(1.075442 42.174831),1557,доломит
http://www.wikidata.org/entity/Q17482743,Montgròs,Point(1.805087689 41.599993867),1133,Конгломерат
http://www.wikidata.org/entity/Q17482753,Montjuïc,Point(1.609272 41.850509),648,известняк
http://www.wikidata.org/entity/Q17482753,Montjuïc,Point(1.609272 41.850509),648,Мергель
http://www.wikidata.org/entity/Q17482754,Montllobar,Point(2.45428 41.7665),1460.2,Филлит
http://www.wikidata.org/entity/Q17482754,Montllobar,Point(2.45428 41.7665),1460.2,роговик
http://www.wikidata.org/entity/Q17482757,Montmagastre,Point(1.128753574 41.97655773),762,песчаник
http://www.wikidata.org/entity/Q17482757,Montmagastre,Point(1.128753574 41.97655773),762,известняк
http://www.wikidata.org/entity/Q17482757,Montmagastre,Point(1.128753574 41.97655773),762,Калькаренит
http://www.wikidata.org/entity/Q17482761,Tuc de Montoliu,Point(0.936075 42.783425),2691,аспидный сланец
http://www.wikidata.org/entity/Q17482767,Montpedrós,Point(1.08054 42.2419),1614,известняк
http://www.wikidata.org/entity/Q17482767,Montpedrós,Point(1.08054 42.2419),1614,Мергель
http://www.wikidata.org/entity/Q17482767,Montpedrós,Point(1.08054 42.2419),1614,доломит
http://www.wikidata.org/entity/Q17482770,Montpius,Point(0.741597222 42.690730555),2274,аспидный сланец
http://www.wikidata.org/entity/Q17482772,La Roca de Montpol,Point(1.4052 42.0874),1007,Конгломерат
http://www.wikidata.org/entity/Q17482779,Tossal del Montsor,Point(1.075608 42.154201),848,песок
http://www.wikidata.org/entity/Q17482779,Tossal del Montsor,Point(1.075608 42.154201),848,гравий
http://www.wikidata.org/entity/Q17482779,Tossal del Montsor,Point(1.075608 42.154201),848,lutite
http://www.wikidata.org/entity/Q17482780,Turó de Montsoriu,Point(2.540643154 41.782771415),633,кристаллические сланцы
http://www.wikidata.org/entity/Q17482780,Turó de Montsoriu,Point(2.540643154 41.782771415),633,мрамор
http://www.wikidata.org/entity/Q17482780,Turó de Montsoriu,Point(2.540643154 41.782771415),633,гнейс
http://www.wikidata.org/entity/Q17482782,Pico de Moredo,Point(1.049930563 42.718939301),2766,мрамор
http://www.wikidata.org/entity/Q17482803,Serrat del Moro,Point(1.49549 42.0867),1152,Конгломерат
http://www.wikidata.org/entity/Q17482815,Puig de les Morreres,Point(1.539442323 42.150917903),2211,известняк
http://www.wikidata.org/entity/Q17482826,La Muga,Point(1.677612713 42.474763571),2861,Гранодиорит
http://www.wikidata.org/entity/Q17482833,Muntanya de Can Fruitós,Point(2.132745 41.631831),463.3,песчаник
http://www.wikidata.org/entity/Q17482833,Muntanya de Can Fruitós,Point(2.132745 41.631831),463.3,глина
http://www.wikidata.org/entity/Q17482837,Sant Miquel mountain,Point(2.862091765 42.0068953),385.5,известняк
http://www.wikidata.org/entity/Q17482837,Sant Miquel mountain,Point(2.862091765 42.0068953),385.5,аспидный сланец
http://www.wikidata.org/entity/Q17482838,Muntanya de Santa Fe,Point(1.301153366 42.20906613),1211,известняк
http://www.wikidata.org/entity/Q17482842,Cap de la Muntanyeta,Point(1.04464 42.4106),2223,известняк
http://www.wikidata.org/entity/Q17482842,Cap de la Muntanyeta,Point(1.04464 42.4106),2223,аспидный сланец
http://www.wikidata.org/entity/Q17482844,La Muntanyeta,Point(1.46608 41.8975),861,песчаник
http://www.wikidata.org/entity/Q17482844,La Muntanyeta,Point(1.46608 41.8975),861,известняк
http://www.wikidata.org/entity/Q17482844,La Muntanyeta,Point(1.46608 41.8975),861,Мергель
http://www.wikidata.org/entity/Q17482846,Serrat de Muntcanó,Point(1.251013 41.927033),585,песчаник
http://www.wikidata.org/entity/Q17482846,Serrat de Muntcanó,Point(1.251013 41.927033),585,известняк
http://www.wikidata.org/entity/Q17482846,Serrat de Muntcanó,Point(1.251013 41.927033),585,Мергель
http://www.wikidata.org/entity/Q17482850,El Muronell,Point(2.040363888 41.633602777),619.9,Конгломерат
http://www.wikidata.org/entity/Q17482851,pic de les Mussoles,Point(0.929589 42.515295),2876,Гранодиорит
http://www.wikidata.org/entity/Q17483626,Tossal de les Sorts,Point(1.279289 41.752015),476,глина
http://www.wikidata.org/entity/Q17483626,Tossal de les Sorts,Point(1.279289 41.752015),476,Мергель
http://www.wikidata.org/entity/Q17483628,Puig dels Sumidors,Point(1.76909 41.2825),283.3,известняк
http://www.wikidata.org/entity/Q17483630,Serra del Suro Robat,Point(2.93758 41.9635),393,песчаник
http://www.wikidata.org/entity/Q17483630,Serra del Suro Robat,Point(2.93758 41.9635),393,кварцит
http://www.wikidata.org/entity/Q17483630,Serra del Suro Robat,Point(2.93758 41.9635),393,lutite
http://www.wikidata.org/entity/Q17483631,Pui Tabaca,Point(1.223107 42.588479),1718,песчаник
http://www.wikidata.org/entity/Q17483631,Pui Tabaca,Point(1.223107 42.588479),1718,lutite
http://www.wikidata.org/entity/Q17483632,La Talaia,Point(1.48892 41.4932),727,известняк
http://www.wikidata.org/entity/Q17483632,La Talaia,Point(1.48892 41.4932),727,доломит
http://www.wikidata.org/entity/Q17483641,El Tamarell,Point(1.45916 41.7332),681,известняк
http://www.wikidata.org/entity/Q17483641,El Tamarell,Point(1.45916 41.7332),681,Мергель
http://www.wikidata.org/entity/Q17483642,Bony del Tamborí,Point(1.03284 42.4538),2063,известняк
http://www.wikidata.org/entity/Q17483642,Bony del Tamborí,Point(1.03284 42.4538),2063,аспидный сланец
http://www.wikidata.org/entity/Q17483649,Taula d'Enserola,Point(0.923881 42.2946),1052,песчаник
http://www.wikidata.org/entity/Q17483649,Taula d'Enserola,Point(0.923881 42.2946),1052,Конгломерат
http://www.wikidata.org/entity/Q17483652,Serrat dels Teixons,Point(1.95878 42.1217),1057,Конгломерат
http://www.wikidata.org/entity/Q17483667,Serrat de les Tombes,Point(1.77133 42.0728),1205,песчаник
http://www.wikidata.org/entity/Q17483667,Serrat de les Tombes,Point(1.77133 42.0728),1205,Мергель
http://www.wikidata.org/entity/Q17483667,Serrat de les Tombes,Point(1.77133 42.0728),1205,алевролит
http://www.wikidata.org/entity/Q17483668,Roc de Tomàs,Point(1.038192 42.252973),1044,Конгломерат
http://www.wikidata.org/entity/Q17483680,Torre Moratxa,Point(3.18373 42.0557),220,известняк
http://www.wikidata.org/entity/Q17483681,Serrat de la Torregassa,Point(1.469665 41.98405),920,песчаник
http://www.wikidata.org/entity/Q17483681,Serrat de la Torregassa,Point(1.469665 41.98405),920,Конгломерат
http://www.wikidata.org/entity/Q17483681,Serrat de la Torregassa,Point(1.469665 41.98405),920,алевролит
http://www.wikidata.org/entity/Q17483682,Torregassa,Point(1.47164 41.9937),938,песчаник
http://www.wikidata.org/entity/Q17483682,Torregassa,Point(1.47164 41.9937),938,Конгломерат
http://www.wikidata.org/entity/Q17483682,Torregassa,Point(1.47164 41.9937),938,алевролит
http://www.wikidata.org/entity/Q17483683,Puig de les Torres,Point(1.54494 41.4095),749.8,известняк
http://www.wikidata.org/entity/Q17483683,Puig de les Torres,Point(1.54494 41.4095),749.8,доломит
http://www.wikidata.org/entity/Q17483684,La Torreta,Point(0.585775 40.6235),105.3,известняк
http://www.wikidata.org/entity/Q17483684,La Torreta,Point(0.585775 40.6235),105.3,Мергель
http://www.wikidata.org/entity/Q17483686,Serrat de Torrielles,Point(1.69736 42.0365),949,песчаник
http://www.wikidata.org/entity/Q17483686,Serrat de Torrielles,Point(1.69736 42.0365),949,Конгломерат
http://www.wikidata.org/entity/Q17483686,Serrat de Torrielles,Point(1.69736 42.0365),949,lutite
http://www.wikidata.org/entity/Q17483704,Lo Tossal,Point(0.910444 42.3648),1306.8,Конгломерат
http://www.wikidata.org/entity/Q17483709,Tossal de la Creu,Point(0.927378 42.3766),1594.4,Конгломерат
http://www.wikidata.org/entity/Q17483713,Tossal del Confós,Point(1.62452 42.1217),1138,песчаник
http://www.wikidata.org/entity/Q17483713,Tossal del Confós,Point(1.62452 42.1217),1138,глина
http://www.wikidata.org/entity/Q17483713,Tossal del Confós,Point(1.62452 42.1217),1138,Конгломерат
http://www.wikidata.org/entity/Q17483717,Tossal de les Espedreres,Point(1.0145 41.9956),660,песчаник
http://www.wikidata.org/entity/Q17483717,Tossal de les Espedreres,Point(1.0145 41.9956),660,Конгломерат
http://www.wikidata.org/entity/Q17483725,Tossal Gran,Point(1.66986 42.1145),1307,песчаник
http://www.wikidata.org/entity/Q17483725,Tossal Gran,Point(1.66986 42.1145),1307,Мергель
http://www.wikidata.org/entity/Q17483734,El Tossalet,Point(1.54273 41.8184),766,песчаник
http://www.wikidata.org/entity/Q17483734,El Tossalet,Point(1.54273 41.8184),766,известняк
http://www.wikidata.org/entity/Q17483738,Los Tossalets,Point(0.806306 42.1222),1012,песчаник
http://www.wikidata.org/entity/Q17483738,Los Tossalets,Point(0.806306 42.1222),1012,Конгломерат
http://www.wikidata.org/entity/Q17483738,Los Tossalets,Point(0.806306 42.1222),1012,lutite
http://www.wikidata.org/entity/Q17483739,Els Tossals,Point(1.727426594 42.089248991),1525,Конгломерат
http://www.wikidata.org/entity/Q19056259,Piz Campagnung,Point(9.69424 46.49534),2826,гранит
http://www.wikidata.org/entity/Q19286542,Jbel Hebri,Point(-5.1427 33.3599),2104,базальт
http://www.wikidata.org/entity/Q19287877,Kesselspitze,Point(11.36472222 47.10055556),2728,доломит
http://www.wikidata.org/entity/Q18168475,Vogelsang Peak,Point(-119.348 37.7775),11498,гранит
http://www.wikidata.org/entity/Q18175474,Gros Piton Rond,Point(55.59747 -21.15509),1413,вулканические горные породы
http://www.wikidata.org/entity/Q18175474,Gros Piton Rond,Point(55.59747 -21.15509),1421,вулканические горные породы
http://www.wikidata.org/entity/Q18175474,Gros Piton Rond,Point(55.59778 -21.1556),1413,вулканические горные породы
http://www.wikidata.org/entity/Q18175474,Gros Piton Rond,Point(55.59778 -21.1556),1421,вулканические горные породы
http://www.wikidata.org/entity/Q18214055,Pic de Barbe de Bouc,Point(-0.0544444 42.8222),2964,гранит
http://www.wikidata.org/entity/Q18214319,Pic de Cestrède,Point(-0.0711111 42.8036),2947,гранит
http://www.wikidata.org/entity/Q18214365,Pic de Chanchou,Point(-0.0625 42.8206),2949,гранит
http://www.wikidata.org/entity/Q18214425,Q18214425,Point(5.9325 45.5956),558,известняк
http://www.wikidata.org/entity/Q17482856,pic de Nariolo,Point(0.957631 42.53073),2857,гранит
http://www.wikidata.org/entity/Q17482867,Tuc des Neres,Point(0.737083 42.7933),2244,кристаллические сланцы
http://www.wikidata.org/entity/Q17482867,Tuc des Neres,Point(0.737083 42.7933),2244,Филлит
http://www.wikidata.org/entity/Q17482869,Pico de los Negros,Point(0.720059 42.656656),2583,песчаник
http://www.wikidata.org/entity/Q17482887,Turó de les Olles,Point(1.38956 42.1155),1131,песчаник
http://www.wikidata.org/entity/Q17482887,Turó de les Olles,Point(1.38956 42.1155),1131,глина
http://www.wikidata.org/entity/Q17482887,Turó de les Olles,Point(1.38956 42.1155),1131,Конгломерат
http://www.wikidata.org/entity/Q17482892,Roca de l'Ordiguer,Point(1.6569 42.2875),2346,песчаник
http://www.wikidata.org/entity/Q17482892,Roca de l'Ordiguer,Point(1.6569 42.2875),2346,Мергель
http://www.wikidata.org/entity/Q17482892,Roca de l'Ordiguer,Point(1.6569 42.2875),2346,ил
http://www.wikidata.org/entity/Q17482895,Puig Oriol,Point(2.19504 41.7694),980,песчаник
http://www.wikidata.org/entity/Q17482895,Puig Oriol,Point(2.19504 41.7694),980,Мергель
http://www.wikidata.org/entity/Q17482895,Puig Oriol,Point(2.19504 41.7694),980,Конгломерат
http://www.wikidata.org/entity/Q17482903,Pala del Teller,Point(0.809481028 42.316855349),1889,известняк
http://www.wikidata.org/entity/Q17482904,Cap de la Pala del Tésol,Point(1.04002 42.6148),2439,мрамор
http://www.wikidata.org/entity/Q17482904,Cap de la Pala del Tésol,Point(1.04002 42.6148),2439,порфир
http://www.wikidata.org/entity/Q17482905,Pala Pedregosa de Llessui,Point(1.023158 42.516443),2882,Гранодиорит
http://www.wikidata.org/entity/Q17482908,El Paller de Tot l'Any,Point(1.958449 41.641536),817,Конгломерат
http://www.wikidata.org/entity/Q17482914,Costes de Palou,Point(1.34267 41.7814),628,песчаник
http://www.wikidata.org/entity/Q17482914,Costes de Palou,Point(1.34267 41.7814),628,известняк
http://www.wikidata.org/entity/Q17482914,Costes de Palou,Point(1.34267 41.7814),628,Мергель
http://www.wikidata.org/entity/Q17482917,Tossal de les Parades,Point(1.32185 41.6226),650,глина
http://www.wikidata.org/entity/Q17482917,Tossal de les Parades,Point(1.32185 41.6226),650,Мергель
http://www.wikidata.org/entity/Q17482924,Tuc de Parros,Point(0.933047 42.767776),2731,песчаник
http://www.wikidata.org/entity/Q17482924,Tuc de Parros,Point(0.933047 42.767776),2731,известняк
http://www.wikidata.org/entity/Q17482924,Tuc de Parros,Point(0.933047 42.767776),2731,lutite
http://www.wikidata.org/entity/Q17482927,Roc del Pas de Finestres,Point(1.09669 42.1356),1088,песчаник
http://www.wikidata.org/entity/Q17482928,Turó de Passaportella,Point(1.58769 41.8565),769,песчаник
http://www.wikidata.org/entity/Q17482928,Turó de Passaportella,Point(1.58769 41.8565),769,lutite
http://www.wikidata.org/entity/Q17482929,punta de Passet,Point(0.827183 42.5894),2998,гранит
http://www.wikidata.org/entity/Q17482938,La Pedra dels Tres Bisbats,Point(2.27836 42.2942),1900,известняк
http://www.wikidata.org/entity/Q17482938,La Pedra dels Tres Bisbats,Point(2.27836 42.2942),1900,lutite
http://www.wikidata.org/entity/Q17482939,Pedrafita (Biosca),Point(1.34609 41.8643),674,песчаник
http://www.wikidata.org/entity/Q17482939,Pedrafita (Biosca),Point(1.34609 41.8643),674,известняк
http://www.wikidata.org/entity/Q17482939,Pedrafita (Biosca),Point(1.34609 41.8643),674,Мергель
http://www.wikidata.org/entity/Q17482944,La Pedrera,Point(1.64941 41.9251),604,песчаник
http://www.wikidata.org/entity/Q17482944,La Pedrera,Point(1.64941 41.9251),604,Мергель
http://www.wikidata.org/entity/Q17482944,La Pedrera,Point(1.64941 41.9251),604,алевролит
http://www.wikidata.org/entity/Q17482947,el Pedró,Point(1.949012 42.202747),1764,известняк
http://www.wikidata.org/entity/Q17482950,El Pedró,Point(2.293229 41.58315),168,песчаник
http://www.wikidata.org/entity/Q17482950,El Pedró,Point(2.293229 41.58315),168,глина
http://www.wikidata.org/entity/Q17482950,El Pedró,Point(2.293229 41.58315),168,Конгломерат
http://www.wikidata.org/entity/Q17482952,El Pedró,Point(1.43365 41.9193),871,песчаник
http://www.wikidata.org/entity/Q17482952,El Pedró,Point(1.43365 41.9193),871,известняк
http://www.wikidata.org/entity/Q17482952,El Pedró,Point(1.43365 41.9193),871,Мергель
http://www.wikidata.org/entity/Q17482953,El Pedró,Point(1.99585 41.3326),194,аспидный сланец
http://www.wikidata.org/entity/Q17483750,Roc de les Tres Creus,Point(1.309484 42.091256),854,Конгломерат
http://www.wikidata.org/entity/Q17483751,Turó de les Tres Creus,Point(1.702441666 41.693988888),795.8,песчаник
http://www.wikidata.org/entity/Q17483751,Turó de les Tres Creus,Point(1.702441666 41.693988888),795.8,lutite
http://www.wikidata.org/entity/Q17483753,Les Tres Peires,Point(0.879256 42.2883),1350,песчаник
http://www.wikidata.org/entity/Q17483753,Les Tres Peires,Point(0.879256 42.2883),1350,Конгломерат
http://www.wikidata.org/entity/Q17483754,Tres Pics,Point(1.35229 42.6451),2648,песчаник
http://www.wikidata.org/entity/Q17483754,Tres Pics,Point(1.35229 42.6451),2648,lutite
http://www.wikidata.org/entity/Q17483759,Fita dels Tres Termes,Point(1.667552 41.244411),234,известняк
http://www.wikidata.org/entity/Q17483759,Fita dels Tres Termes,Point(1.667552 41.244411),234,доломит
http://www.wikidata.org/entity/Q17483764,La Trona,Point(2.24128 41.7331),806,известняк
http://www.wikidata.org/entity/Q17483765,Serrat del Trullet,Point(1.33845 41.9858),622,песчаник
http://www.wikidata.org/entity/Q17483765,Serrat del Trullet,Point(1.33845 41.9858),622,Конгломерат
http://www.wikidata.org/entity/Q17483765,Serrat del Trullet,Point(1.33845 41.9858),622,алевролит
http://www.wikidata.org/entity/Q17483766,tuc deth Pòrt,Point(0.894558 42.6162),2783,гранит
http://www.wikidata.org/entity/Q17483769,Tumeneia,Point(0.851861111 42.617972222),2783,гранит
http://www.wikidata.org/entity/Q17483769,Tumeneia,Point(0.851861111 42.617972222),2783,порфир
http://www.wikidata.org/entity/Q17483770,Turó d'en Cases,Point(2.34226 41.5164),383,порфир
http://www.wikidata.org/entity/Q17483773,Turó d'en Puig,Point(2.46649 41.8484),916,Гранодиорит
http://www.wikidata.org/entity/Q17483795,Turó de Morera,Point(2.37606 41.8048),1576,Филлит
http://www.wikidata.org/entity/Q17483795,Turó de Morera,Point(2.37606 41.8048),1576,роговик
http://www.wikidata.org/entity/Q17483800,Turó Rodó,Point(2.338553 41.553405),530,leucogranite
http://www.wikidata.org/entity/Q17483801,Les Turoneres,Point(1.60545 41.9485),586,песчаник
http://www.wikidata.org/entity/Q17483801,Les Turoneres,Point(1.60545 41.9485),586,Конгломерат
http://www.wikidata.org/entity/Q17483801,Les Turoneres,Point(1.60545 41.9485),586,алевролит
http://www.wikidata.org/entity/Q17483804,Els Turons,Point(1.284506 41.644697),588,известняк
http://www.wikidata.org/entity/Q17483805,Pic de Turp,Point(1.347278401 42.151147048),1621,известняк
http://www.wikidata.org/entity/Q17483809,Pui d'Urdosa,Point(1.248309 42.471185),2226,песчаник
http://www.wikidata.org/entity/Q17483809,Pui d'Urdosa,Point(1.248309 42.471185),2226,вулканические горные породы
http://www.wikidata.org/entity/Q17483809,Pui d'Urdosa,Point(1.248309 42.471185),2226,lutite
http://www.wikidata.org/entity/Q17483813,Tossal de Vall-llonga,Point(1.58247 42.1215),1251,Конгломерат
http://www.wikidata.org/entity/Q17483816,Roca de la Valldan,Point(1.33905 42.1002),1030,Конгломерат
http://www.wikidata.org/entity/Q17483820,Puig de la Valona,Point(2.27872 42.1699),1446.6,песчаник
http://www.wikidata.org/entity/Q17483820,Puig de la Valona,Point(2.27872 42.1699),1446.6,Конгломерат
http://www.wikidata.org/entity/Q17483827,Pic del Vent,Point(2.128296949 41.655302556),815,известняк
http://www.wikidata.org/entity/Q17483837,Turó de la Ventosa,Point(2.34939 41.7596),1214.7,аспидный сланец
http://www.wikidata.org/entity/Q17483847,Tossal de Vilabella,Point(0.746261 42.0842),1106,известняк
http://www.wikidata.org/entity/Q19368145,Pic del Cabirol,Point(1.701012 42.284953),2456,известняк
http://www.wikidata.org/entity/Q19368145,Pic del Cabirol,Point(1.701012 42.284953),2456,доломит
http://www.wikidata.org/entity/Q18391301,Mount Emerson,Point(-118.654 37.2424),4025,гранит
http://www.wikidata.org/entity/Q17483860,Serrat de la Vinya,Point(1.39311 41.9661),668,песчаник
http://www.wikidata.org/entity/Q17483860,Serrat de la Vinya,Point(1.39311 41.9661),668,Конгломерат
http://www.wikidata.org/entity/Q17483860,Serrat de la Vinya,Point(1.39311 41.9661),668,алевролит
http://www.wikidata.org/entity/Q17483862,Turó de la Vinya Vella,Point(1.51256 41.5226),736,песчаник
http://www.wikidata.org/entity/Q17483862,Turó de la Vinya Vella,Point(1.51256 41.5226),736,известняк
http://www.wikidata.org/entity/Q17483862,Turó de la Vinya Vella,Point(1.51256 41.5226),736,Мергель
http://www.wikidata.org/entity/Q17483862,Turó de la Vinya Vella,Point(1.51256 41.5226),736,lutite
http://www.wikidata.org/entity/Q17483868,Roca des Viver,Point(2.807614 41.677184),24,Гранодиорит
http://www.wikidata.org/entity/Q17483872,El Vulturó,Point(1.52202 42.1797),2348,известняк
http://www.wikidata.org/entity/Q17584169,Q17584169,Point(0.638143 42.644025),3279,гранит
http://www.wikidata.org/entity/Q17584177,Pic d'Alba,Point(0.620124 42.655991),3118,гранит
http://www.wikidata.org/entity/Q17584178,Pic d'Aragüells,Point(0.627404 42.631457),3037,гранит
http://www.wikidata.org/entity/Q17584204,Q17584204,Point(0.62711 42.648846),3185,гранит
http://www.wikidata.org/entity/Q17584212,Punta Oliveras,Point(0.654476 42.633934),3298,гранит
http://www.wikidata.org/entity/Q17584220,Segon Pic Occidental de la Maladeta,Point(0.629315 42.651821),3220,гранит
http://www.wikidata.org/entity/Q17586896,Serrat de l'Alou,Point(1.896992 41.857465),476,известняк
http://www.wikidata.org/entity/Q17586896,Serrat de l'Alou,Point(1.896992 41.857465),476,Мергель
http://www.wikidata.org/entity/Q17587743,Tuc de Barlonguèra,Point(1.009843989 42.788569923),2802,известняк
http://www.wikidata.org/entity/Q17587743,Tuc de Barlonguèra,Point(1.009843989 42.788569923),2802,аспидный сланец
http://www.wikidata.org/entity/Q17587743,Tuc de Barlonguèra,Point(1.009843989 42.788569923),2802,lutite
http://www.wikidata.org/entity/Q17588122,tuc Blanc,Point(0.930535 42.591017),2879,гранит
http://www.wikidata.org/entity/Q17588587,Cabanal,Point(1.51332 41.7863),642,известняк
http://www.wikidata.org/entity/Q17588587,Cabanal,Point(1.51332 41.7863),642,Мергель
http://www.wikidata.org/entity/Q17588587,Cabanal,Point(1.51332 41.7863),642,lutite
http://www.wikidata.org/entity/Q18415042,Q18415042,Point(-0.243333 42.8236),2965,гранит
http://www.wikidata.org/entity/Q18415062,Piton de Bébour,Point(55.56167 -21.1278),1460,вулканические горные породы
http://www.wikidata.org/entity/Q18415062,Piton de Bébour,Point(55.56167 -21.1278),1473,вулканические горные породы
http://www.wikidata.org/entity/Q18415062,Piton de Bébour,Point(55.56202 -21.12769),1460,вулканические горные породы
http://www.wikidata.org/entity/Q18415062,Piton de Bébour,Point(55.56202 -21.12769),1473,вулканические горные породы
http://www.wikidata.org/entity/Q18415063,Piton de la Source,Point(55.59111 -21.17306),1834,вулканические горные породы
http://www.wikidata.org/entity/Q17592865,Cap de Llaveio,Point(0.782413 42.566857),2501,известняк
http://www.wikidata.org/entity/Q17601323,Era Montanheta (Bossòst),Point(0.666075 42.800017),1993,песчаник
http://www.wikidata.org/entity/Q17601323,Era Montanheta (Bossòst),Point(0.666075 42.800017),1993,lutite
http://www.wikidata.org/entity/Q17632583,Q17632583,Point(5.90861 45.3847),1818,известняк
http://www.wikidata.org/entity/Q17634874,Яде,Point(15.49647 6.88332),1410,гранит
http://www.wikidata.org/entity/Q17635317,Mont Saint-Frieux,Point(1.60842 50.61),152,мел
http://www.wikidata.org/entity/Q17635317,Mont Saint-Frieux,Point(1.6091 50.61005),152,мел
http://www.wikidata.org/entity/Q18635214,colline de Natzy,Point(2.68629 45.53786),1038,базальт
http://www.wikidata.org/entity/Q20102478,Tossal de l'Abadia,Point(0.713453 42.124633),727,песчаник
http://www.wikidata.org/entity/Q20102478,Tossal de l'Abadia,Point(0.713453 42.124633),727,lutite
http://www.wikidata.org/entity/Q20102721,Serrat dels Ametllers,Point(2.011717 41.772751),504,песчаник
http://www.wikidata.org/entity/Q20102721,Serrat dels Ametllers,Point(2.011717 41.772751),504,известняк
http://www.wikidata.org/entity/Q20104347,Tossal dels Cigalons,Point(1.815894 41.728999),245,песок
http://www.wikidata.org/entity/Q20104347,Tossal dels Cigalons,Point(1.815894 41.728999),245,гравий
http://www.wikidata.org/entity/Q20104347,Tossal dels Cigalons,Point(1.815894 41.728999),245,lutite
http://www.wikidata.org/entity/Q19543915,Bec de l'Échaillon,Point(5.6025 45.2983),619,известняк
http://www.wikidata.org/entity/Q19543917,Bec de l'Orient,Point(5.54722 45.2347),1568,известняк
http://www.wikidata.org/entity/Q19544006,La Buffe,Point(5.58417 45.2439),1623,известняк
http://www.wikidata.org/entity/Q19600358,Basket Dome,Point(-119.551 37.7634),7612,гранит
http://www.wikidata.org/entity/Q20516803,Small Arteni,Point(43.780833333 40.358333333),1754,перлит
http://www.wikidata.org/entity/Q20165041,Q20165041,Point(6.76083 47.2331),985,осадочная горная порода
http://www.wikidata.org/entity/Q19947778,Punta alla Vetta,Point(9.11194 42.0517),2255,гранит
http://www.wikidata.org/entity/Q20714872,Mount Broderick,Point(-119.53516 37.73354),6706,гранит
http://www.wikidata.org/entity/Q20723337,Q20723337,Point(6.79083 47.1597),1049,осадочная горная порода
http://www.wikidata.org/entity/Q20723520,Mont Miroir,Point(6.8225 47.2628),982,осадочная горная порода
http://www.wikidata.org/entity/Q20723526,Q20723526,Point(2.72111 43.6769),1269,кристаллические сланцы
http://www.wikidata.org/entity/Q20743252,Pyramides Calcaires,Point(6.82103 45.76122),2726,известняк
http://www.wikidata.org/entity/Q21027398,Pointe de Merdassier,Point(6.44333 45.865),2313,осадочная горная порода
http://www.wikidata.org/entity/Q21027404,Q21027404,Point(5.53694 45.2236),1609,известняк
http://www.wikidata.org/entity/Q21027470,Q21027470,Point(5.59778 45.2353),1643,известняк
http://www.wikidata.org/entity/Q21027477,Q21027477,Point(3.771518 50.411901),121,кристаллические сланцы
http://www.wikidata.org/entity/Q21332125,Pic de Setut,Point(1.646744444 42.468641666),2867.4,Гранодиорит
http://www.wikidata.org/entity/Q21330160,Pic del Pla de l'Estany,Point(1.46403 42.606802),2860,песчаник
http://www.wikidata.org/entity/Q21330160,Pic del Pla de l'Estany,Point(1.46403 42.606802),2860,lutite
http://www.wikidata.org/entity/Q21330590,Agulla de Baiau,Point(1.434141666 42.59025),2860,метаморфическая горная порода
http://www.wikidata.org/entity/Q21150411,Gaishorn,Point(10.4759937 47.4697891),2247,доломит
http://www.wikidata.org/entity/Q21512408,Monts de Daïa,Point(-0.1406 34.67889),1455,осадочная горная порода
http://www.wikidata.org/entity/Q21530750,Miranda de Santa Magdalena,Point(1.826476846 41.588405933),1132,Конгломерат
http://www.wikidata.org/entity/Q21530752,Miranda dels Ecos,Point(1.806206244 41.604409941),1223,Конгломерат
http://www.wikidata.org/entity/Q21569034,L'Elefant,Point(1.829738922 41.595779959),1156,Конгломерат
http://www.wikidata.org/entity/Q21656808,Monts de Saïda,Point(0.484444444 35.171111111),1201,осадочная горная порода
http://www.wikidata.org/entity/Q21847975,Cerro Standhardt,Point(-73.09711 -49.28628),2730,гранит
http://www.wikidata.org/entity/Q21863525,Törlspitzen,Point(12.328889 47.56),2227,известняк
http://www.wikidata.org/entity/Q21864034,Windegg,Point(11.18138889 47.17583333),2577,кристаллические сланцы
http://www.wikidata.org/entity/Q21865652,Schwarzhorn,Point(11.22722222 47.13583333),2812,кристаллические сланцы
http://www.wikidata.org/entity/Q22384726,Le Gros Crêt / Grand Crêt,Point(6.24182 46.6601),1419,известняк
http://www.wikidata.org/entity/Q22384726,Le Gros Crêt / Grand Crêt,Point(6.24243 46.66096),1419,известняк
http://www.wikidata.org/entity/Q22386842,le Morclan,Point(6.857611 46.276812),1970,осадочная горная порода
http://www.wikidata.org/entity/Q22248767,Punta di Caldane,Point(9.3475 42.3303),1707,кристаллические сланцы
http://www.wikidata.org/entity/Q22248767,Punta di Caldane,Point(9.3475 42.3303),1731,кристаллические сланцы
http://www.wikidata.org/entity/Q22248767,Punta di Caldane,Point(9.34611 42.3367),1707,кристаллические сланцы
http://www.wikidata.org/entity/Q22248767,Punta di Caldane,Point(9.34611 42.3367),1731,кристаллические сланцы
http://www.wikidata.org/entity/Q22248889,La Miaz,Point(6.538571 45.920311),2336,известняк
http://www.wikidata.org/entity/Q22328838,Puig de Grialó,Point(1.108782129 41.901748818),667,песчаник
http://www.wikidata.org/entity/Q22328838,Puig de Grialó,Point(1.108782129 41.901748818),667,известняк
http://www.wikidata.org/entity/Q22328838,Puig de Grialó,Point(1.108782129 41.901748818),667,Мергель
http://www.wikidata.org/entity/Q22371037,Aiguille du Midi,Point(7.00707 45.99938),3301,гранит
http://www.wikidata.org/entity/Q22371037,Aiguille du Midi,Point(7.00707 45.99938),3302,гранит
http://www.wikidata.org/entity/Q22371037,Aiguille du Midi,Point(7.00707 45.99938),3301,orthogneiss
http://www.wikidata.org/entity/Q22371037,Aiguille du Midi,Point(7.00707 45.99938),3302,orthogneiss
http://www.wikidata.org/entity/Q22425874,Q22425874,Point(6.18207 46.5014),1324,известняк
http://www.wikidata.org/entity/Q22425874,Q22425874,Point(6.18207 46.5014),1324,Мергель
http://www.wikidata.org/entity/Q22425874,Q22425874,Point(6.18207 46.5014),1324,Брекчия
http://www.wikidata.org/entity/Q22425874,Q22425874,Point(6.18207 46.5014),1324,морена
http://www.wikidata.org/entity/Q22436855,Pointe du Midi,Point(6.83805 46.24467),1850,осадочная горная порода
http://www.wikidata.org/entity/Q22701202,Mont Sâla,Point(6.15643 46.50276),1511,известняк
http://www.wikidata.org/entity/Q22701202,Mont Sâla,Point(6.15658 46.5027),1511,известняк
http://www.wikidata.org/entity/Q23679068,Tinguelin,Point(13.4049 9.40029),710,песчаник
http://www.wikidata.org/entity/Q23949101,Adrar Amillal,Point(25.433055555 29.211944444),107,известняк
http://www.wikidata.org/entity/Q23950161,Tenaya Peak,Point(-119.443215 37.8285358),10306,гранит
http://www.wikidata.org/entity/Q23950161,Tenaya Peak,Point(-119.44321 37.82854),10306,гранит
http://www.wikidata.org/entity/Q23990662,Tuc deth Plan deth Òme,Point(0.675123685 42.846131943),2194,известняк
http://www.wikidata.org/entity/Q23990662,Tuc deth Plan deth Òme,Point(0.675123685 42.846131943),2194,аспидный сланец
http://www.wikidata.org/entity/Q23990662,Tuc deth Plan deth Òme,Point(0.675123685 42.846131943),2194,кварцит
http://www.wikidata.org/entity/Q23992072,Tossal de Suró,Point(1.30492068 41.572783335),828,известняк
http://www.wikidata.org/entity/Q24002832,tuc des Armèros,Point(0.876909 42.781246),2534,известняк
http://www.wikidata.org/entity/Q24002832,tuc des Armèros,Point(0.876909 42.781246),2534,аспидный сланец
http://www.wikidata.org/entity/Q24929376,Rocher de Lorzier,Point(5.69639 45.3131),1838,известняк
http://www.wikidata.org/entity/Q24931014,Q24931014,Point(1.41472 42.6494),2914,mica schist
http://www.wikidata.org/entity/Q24932778,Pic de l'Étendard,Point(6.14389 45.1544),3464,mica schist
http://www.wikidata.org/entity/Q24933829,Monte Pozzoni,Point(13.1615 42.6595),1904,известняк
http://www.wikidata.org/entity/Q24861412,Q24861412,Point(-61.7264 16.1892),631,вулканические горные породы
http://www.wikidata.org/entity/Q24861412,Q24861412,Point(-61.726111111 16.189166666),631,вулканические горные породы
http://www.wikidata.org/entity/Q24866678,Mount Futatsumori,Point(140.117777777 40.435),1087,green tuff
http://www.wikidata.org/entity/Q25134604,Moixeró,Point(1.821986 42.299673),2090,известняк
http://www.wikidata.org/entity/Q25134604,Moixeró,Point(1.821986 42.299673),2090,lutite
http://www.wikidata.org/entity/Q27500883,Christaturm,Point(12.316389 47.5675),2170,известняк
http://www.wikidata.org/entity/Q27490407,Hochgrubachspitzen,Point(12.345278 47.558611),2284,известняк
http://www.wikidata.org/entity/Q27527693,Gamsfluchten,Point(12.349167 47.563333),2203,известняк
http://www.wikidata.org/entity/Q27560834,Kaiserkopf,Point(12.301667 47.558056),2159,известняк
http://www.wikidata.org/entity/Q27560834,Kaiserkopf,Point(12.301667 47.558056),2171,известняк
http://www.wikidata.org/entity/Q28493782,Pic Turbat,Point(6.169558 44.853311),3028,гранит
http://www.wikidata.org/entity/Q28495497,Cerro Piergiorgio,Point(-73.094438996 -49.256556622),2719,гранит
http://www.wikidata.org/entity/Q30621636,"Blue Ridge Mountain, Pennsylvania",Point(-76.093055555 41.607777777),1171,осадочная горная порода
http://www.wikidata.org/entity/Q30621636,"Blue Ridge Mountain, Pennsylvania",Point(-76.09305556 41.60777778),1171,осадочная горная порода
http://www.wikidata.org/entity/Q30638199,Bear Valley Buttes,Point(-122.44415 39.186),2166,осадочная горная порода
http://www.wikidata.org/entity/Q31356316,Rockertkopf,Point(8.37278 48.74597),642,Forbach granite
http://www.wikidata.org/entity/Q31635172,Montagne d'Outray,Point(6.616124 45.731406),2346,гранит
http://www.wikidata.org/entity/Q31634194,Petit mont Blanc,Point(6.6865 45.356081),2680,гипс
http://www.wikidata.org/entity/Q31637874,Pic dels Moros,Point(1.99099502 42.513181762),2137,гранит
http://www.wikidata.org/entity/Q31645231,Pico de Escaleta,Point(0.67596 42.690823),2469,аспидный сланец
http://www.wikidata.org/entity/Q31659435,Brame-Farine,Point(6.037116 45.392242),1230,известняк
http://www.wikidata.org/entity/Q31659435,Brame-Farine,Point(6.037116 45.392242),1230,Мергель
http://www.wikidata.org/entity/Q32999873,Tuc de Mieidia,Point(0.737643 42.701774),2191.3,аспидный сланец
http://www.wikidata.org/entity/Q37853329,Tossau de Mar,Point(0.82896879 42.63029682),2750,Гранодиорит
http://www.wikidata.org/entity/Q38078808,Tuc de la Tallada,Point(0.723704 42.616766),2956,гранит
http://www.wikidata.org/entity/Q47488804,Pala de Sarrahèra,Point(0.795791666 42.649766666),2501,мрамор
http://www.wikidata.org/entity/Q48840352,Low Beskid,Point(22.667777777 49.483333333),862,известняк
http://www.wikidata.org/entity/Q48840352,Low Beskid,Point(22.667777777 49.483333333),862,гранит
http://www.wikidata.org/entity/Q48840352,Low Beskid,Point(22.667777777 49.483333333),862,гнейс
http://www.wikidata.org/entity/Q49049528,Mesa Prieta,Point(-107.035833333 35.505555555),2293,базальт
http://www.wikidata.org/entity/Q49049528,Mesa Prieta,Point(-107.035833333 35.505555555),7523,базальт
http://www.wikidata.org/entity/Q49051784,Mount Abbe,Point(-137.077611111 58.797841666),8200,гранит
http://www.wikidata.org/entity/Q56401303,Pics de la Vaca,Point(2.206367 42.417303),2820,кристаллические сланцы
http://www.wikidata.org/entity/Q56401303,Pics de la Vaca,Point(2.206367 42.417303),2820,мрамор
http://www.wikidata.org/entity/Q56401303,Pics de la Vaca,Point(2.206367 42.417303),2820,гнейс
http://www.wikidata.org/entity/Q60147217,L'Enclusa,Point(2.320869 41.870819),867,песчаник
http://www.wikidata.org/entity/Q60147217,L'Enclusa,Point(2.320869 41.870819),867,Конгломерат
http://www.wikidata.org/entity/Q49752839,Q49752839,Point(6.69708 46.36871),1548,осадочная горная порода
http://www.wikidata.org/entity/Q49753300,Pointe de Bénevent,Point(6.75133 46.33264),2069,осадочная горная порода
http://www.wikidata.org/entity/Q50359540,Lo Tormo,Point(0.643458682 41.179034222),523,Брекчия
http://www.wikidata.org/entity/Q50359540,Lo Tormo,Point(0.643458682 41.179034222),523,доломит
http://www.wikidata.org/entity/Q50482382,Milešovka,Point(13.931091111 50.554905),836.6,фонолит
http://www.wikidata.org/entity/Q65551299,Independence Monument,Point(-108.7234324 39.0958148),5387,песчаник
http://www.wikidata.org/entity/Q65770371,Mont Myrrha,Point(-0.210013 48.894113),173,песчаник
http://www.wikidata.org/entity/Q66312057,Malh de Bolard,Point(0.96045 42.805808),2753,известняк
http://www.wikidata.org/entity/Q66312057,Malh de Bolard,Point(0.96045 42.805808),2753,аспидный сланец
http://www.wikidata.org/entity/Q66312057,Malh de Bolard,Point(0.96045 42.805808),2753,кварцит
http://www.wikidata.org/entity/Q60847492,Pollegó Inferior,Point(1.707024 42.23563),2445,известняк
http://www.wikidata.org/entity/Q60847493,Pollegó Superior,Point(1.702925774 42.239945172),2506,известняк
http://www.wikidata.org/entity/Q98561458,Puig Miquel,Point(2.904671 41.823421),158,Гранодиорит
http://www.wikidata.org/entity/Q98602678,Malhs de Rius,Point(0.80824 42.643787),2634,Гранодиорит
http://www.wikidata.org/entity/Q72262482,Bořeň,Point(13.7639003 50.5276581),539,фонолит
http://www.wikidata.org/entity/Q73915004,Tuc de Pishader,Point(0.94762 42.630532),2538,Гранодиорит
http://www.wikidata.org/entity/Q63808439,Pic de Calm Colomer,Point(1.730058 42.492381),2869,Гранодиорит
http://www.wikidata.org/entity/Q64828065,Tossal de la Bassa,Point(1.388819 41.878956),728,песчаник
http://www.wikidata.org/entity/Q64828065,Tossal de la Bassa,Point(1.388819 41.878956),728,известняк
http://www.wikidata.org/entity/Q64828065,Tossal de la Bassa,Point(1.388819 41.878956),728,Мергель
http://www.wikidata.org/entity/Q101413398,La Falconera,Point(1.996552777 41.678605555),857.2,Конгломерат
http://www.wikidata.org/entity/Q101414578,Els Cortins,Point(2.001141666 41.6766),957.7,Конгломерат
http://www.wikidata.org/entity/Q101665216,Q101665216,Point(16.032222222 49.670555555),836.1,гнейс
http://www.wikidata.org/entity/Q101667019,Q101667019,Point(16.081388888 49.615555555),823,гнейс
http://www.wikidata.org/entity/Q101671559,Burgalaitz,Point(-2.34092 42.94016),1282,известняк
http://www.wikidata.org/entity/Q101671559,Burgalaitz,Point(-2.34091 42.94016),1282,известняк
http://www.wikidata.org/entity/Q101855847,Q101855847,Point(17.4396003 49.9727872),672,базальт
http://www.wikidata.org/entity/Q101857661,Q101857661,Point(16.0714094 49.6609919),813,гнейс
http://www.wikidata.org/entity/Q101858979,Q101858979,Point(16.038333333 49.661666666),802,гнейс
http://www.wikidata.org/entity/Q102079702,Ржип,Point(14.2896344 50.38653),461,базальт
http://www.wikidata.org/entity/Q104666449,Suc d'Achon,Point(4.165768077 45.108359281),1148,вулканические горные породы
http://www.wikidata.org/entity/Q106436387,Claret,Point(1.459914 41.816157),687,песчаник
http://www.wikidata.org/entity/Q106436387,Claret,Point(1.459914 41.816157),687,Мергель
http://www.wikidata.org/entity/Q106436387,Claret,Point(1.459914 41.816157),687,алевролит
http://www.wikidata.org/entity/Q106515284,Montraillant,Point(6.113033 45.482281),811,известняк
http://www.wikidata.org/entity/Q106515284,Montraillant,Point(6.113033 45.482281),811,Мергель
http://www.wikidata.org/entity/Q106626558,Q106626558,Point(6.700051 45.611621),2225,песчаник
http://www.wikidata.org/entity/Q106626558,Q106626558,Point(6.700051 45.611621),2225,каменный уголь
http://www.wikidata.org/entity/Q106626558,Q106626558,Point(6.700051 45.611621),2225,сланцы
http://www.wikidata.org/entity/Q98974192,Puig Marès,Point(3.206801 42.340485),91,orthogneiss
http://www.wikidata.org/entity/Q99300506,Peak Rovinets,Point(1.334295 42.668827),2279,песчаник
http://www.wikidata.org/entity/Q99300506,Peak Rovinets,Point(1.334295 42.668827),2279,lutite
http://www.wikidata.org/entity/Q104864456,Le Mont de l'Herba,Point(6.397222222 46.8025),1303,осадочная горная порода
http://www.wikidata.org/entity/Q106863728,Mount Tomuro,Point(139.820806 36.586278),228.5,Ōya Stone
http://www.wikidata.org/entity/Q113489160,Mola dels Quatre Termes,Point(1.064933 41.330457),1118,песчаник
http://www.wikidata.org/entity/Q113489160,Mola dels Quatre Termes,Point(1.064933 41.330457),1118,глина
http://www.wikidata.org/entity/Q113563579,Tuca de Bargues,Point(0.679716 42.668651),2632,известняк
http://www.wikidata.org/entity/Q113564100,Penanera,Point(0.684512 42.665137),2580,песчаник
http://www.wikidata.org/entity/Q113564100,Penanera,Point(0.684512 42.665137),2580,lutite
http://www.wikidata.org/entity/Q113664376,Cerro Roma,Point(-73.50603818 -49.965011353),3180,гранит
http://www.wikidata.org/entity/Q110498313,Bou Arous,Point(3.5268893 36.7554483),452,кристаллические сланцы
http://www.wikidata.org/entity/Q110498313,Bou Arous,Point(3.5268893 36.7554483),452,гранит
http://www.wikidata.org/entity/Q110498313,Bou Arous,Point(3.5268893 36.7554483),452,гнейс
http://www.wikidata.org/entity/Q110498313,Bou Arous,Point(3.5268893 36.7554483),452,mica schist
http://www.wikidata.org/entity/Q110498313,Bou Arous,Point(3.5268893 36.7554483),452,liparite
http://www.wikidata.org/entity/Q110498313,Bou Arous,Point(3.54417 36.75111),452,кристаллические сланцы
http://www.wikidata.org/entity/Q110498313,Bou Arous,Point(3.54417 36.75111),452,гранит
http://www.wikidata.org/entity/Q110498313,Bou Arous,Point(3.54417 36.75111),452,гнейс
http://www.wikidata.org/entity/Q110498313,Bou Arous,Point(3.54417 36.75111),452,mica schist
http://www.wikidata.org/entity/Q110498313,Bou Arous,Point(3.54417 36.75111),452,liparite
http://www.wikidata.org/entity/Q95229588,Pic Oriental de Canalbona,Point(1.413229 42.655715),2915,песчаник
http://www.wikidata.org/entity/Q95229588,Pic Oriental de Canalbona,Point(1.413229 42.655715),2915,lutite
http://www.wikidata.org/entity/Q95232817,Puig de les Bruixes,Point(2.555498172 42.324493062),1391,Мергель
http://www.wikidata.org/entity/Q110707553,Q110707553,Point(13.2148544 50.3894072),420,лахар
http://www.wikidata.org/entity/Q107750416,Serra-seca,Point(1.379426 42.117369),1234,Конгломерат
http://www.wikidata.org/entity/Q108559570,Rohačka,Point(19.6035775 49.0461356),827,известняк
http://www.wikidata.org/entity/Q108653611,La Vy des Gros,Point(6.166667 46.490833),1319,известняк
http://www.wikidata.org/entity/Q108653611,La Vy des Gros,Point(6.166667 46.490833),1319,Мергель
http://www.wikidata.org/entity/Q108653611,La Vy des Gros,Point(6.166667 46.490833),1319,Брекчия
http://www.wikidata.org/entity/Q108653611,La Vy des Gros,Point(6.166667 46.490833),1319,морена
http://www.wikidata.org/entity/Q113848661,Q113848661,Point(6.210316 46.164562),899,известняк
http://www.wikidata.org/entity/Q114199572,Turó de Fra Rafel,Point(2.245881 41.49028),413.2,гранит
http://www.wikidata.org/entity/Q114199572,Turó de Fra Rafel,Point(2.245881 41.49028),413.2,quartz diorite
http://www.wikidata.org/entity/Q111336130,Turó de l'Hortal,Point(2.902967 42.304617),156,песчаник
http://www.wikidata.org/entity/Q111336130,Turó de l'Hortal,Point(2.902967 42.304617),156,Мергель
http://www.wikidata.org/entity/Q111507027,Cogulló,Point(1.430434 42.197353),1581,известняк
http://www.wikidata.org/entity/Q111685001,Le Châtel,Point(5.811836 44.813174),1937,известняк
http://www.wikidata.org/entity/Q111685001,Le Châtel,Point(5.811836 44.813174),1937,Мергель
http://www.wikidata.org/entity/Q96626661,Torre Alta,Point(1.763283144 41.611206821),842,Конгломерат
http://www.wikidata.org/entity/Q112914021,Santa Bàrbara,Point(0.914951 41.127021),641,порфир
http://www.wikidata.org/entity/Q112946722,Roc de les Monges,Point(1.717248 42.096656),1415,Конгломерат
http://www.wikidata.org/entity/Q114659277,Pic de Vallpeguera,Point(1.421515 42.592765),2743,песчаник
http://www.wikidata.org/entity/Q114659277,Pic de Vallpeguera,Point(1.421515 42.592765),2743,lutite
http://www.wikidata.org/entity/Q108837387,Aiguille Percée,Point(6.8892 45.483653),2778,vacuolar dolomite
http://www.wikidata.org/entity/Q109517079,Pic d'Enclar,Point(1.46839 42.510001),2383,аспидный сланец
http://www.wikidata.org/entity/Q115390152,Bony d'Engaït,Point(1.704133333 42.499775),2744,Гранодиорит
http://www.wikidata.org/entity/Q115677796,Pic de Coma Extremera,Point(1.636341666 42.467961111),2809.4,Гранодиорит
http://www.wikidata.org/entity/Q123557033,los Tres Jurats Petits,Point(0.835998 41.315447),612,песчаник
http://www.wikidata.org/entity/Q123557033,los Tres Jurats Petits,Point(0.835998 41.315447),612,Мергель
http://www.wikidata.org/entity/Q123557033,los Tres Jurats Petits,Point(0.835998 41.315447),612,Конгломерат
http://www.wikidata.org/entity/Q113025403,Pic de l'Àguila,Point(0.602189 41.139903),492,доломит
http://www.wikidata.org/entity/Q113027700,Sant Antoni,Point(2.375953 42.305123),1361,известняк
http://www.wikidata.org/entity/Q113027700,Sant Antoni,Point(2.375953 42.305123),1361,глина
http://www.wikidata.org/entity/Q113028682,Sant Quiri,Point(1.301323 42.30524),1503,известняк
http://www.wikidata.org/entity/Q113029234,Torre de les Conclues,Point(0.658726 42.016106),699,песчаник
http://www.wikidata.org/entity/Q113029234,Torre de les Conclues,Point(0.658726 42.016106),699,известняк
http://www.wikidata.org/entity/Q113029234,Torre de les Conclues,Point(0.658726 42.016106),699,Калькаренит
http://www.wikidata.org/entity/Q113030900,Tossal Llisoi,Point(1.84353 42.201154),1326,известняк
http://www.wikidata.org/entity/Q113030900,Tossal Llisoi,Point(1.84353 42.201154),1326,глина
http://www.wikidata.org/entity/Q113031194,Cap de Broate,Point(1.364376 42.692368),2741,песчаник
http://www.wikidata.org/entity/Q113031194,Cap de Broate,Point(1.364376 42.692368),2741,lutite
http://www.wikidata.org/entity/Q113054014,El Garrofí,Point(1.93872 41.861259),617,известняк
http://www.wikidata.org/entity/Q113054014,El Garrofí,Point(1.93872 41.861259),617,Мергель
http://www.wikidata.org/entity/Q113057629,Les Picardes,Point(1.052679 42.527161),2802,мрамор
http://www.wikidata.org/entity/Q113057629,Les Picardes,Point(1.052679 42.527161),2802,порфир
http://www.wikidata.org/entity/Q113057629,Les Picardes,Point(1.052679 42.527161),2802,Скарн
http://www.wikidata.org/entity/Q113057629,Les Picardes,Point(1.052679 42.527161),2802,роговик
http://www.wikidata.org/entity/Q113072477,Lo Caramull,Point(0.547846 40.987114),429,известняк
http://www.wikidata.org/entity/Q113072477,Lo Caramull,Point(0.547846 40.987114),429,доломит
http://www.wikidata.org/entity/Q113073048,Miranda del Príncep,Point(1.792784 41.604897),993,Конгломерат
http://www.wikidata.org/entity/Q113076292,Montarenyo de Boldís,Point(1.307491 42.637993),2593,песчаник
http://www.wikidata.org/entity/Q113076292,Montarenyo de Boldís,Point(1.307491 42.637993),2593,lutite
http://www.wikidata.org/entity/Q113077471,Serrat de Picancel,Point(1.908241 42.095783),963,песчаник
http://www.wikidata.org/entity/Q113077471,Serrat de Picancel,Point(1.908241 42.095783),963,Конгломерат
http://www.wikidata.org/entity/Q113077471,Serrat de Picancel,Point(1.908241 42.095783),963,lutite
http://www.wikidata.org/entity/Q113094177,les Picòssies,Point(0.58437 40.963486),772,Брекчия
http://www.wikidata.org/entity/Q113094177,les Picòssies,Point(0.58437 40.963486),772,доломит
http://www.wikidata.org/entity/Q113105782,Roca de la Devesa Jussana,Point(1.96373 42.215193),1615,известняк
http://www.wikidata.org/entity/Q113105782,Roca de la Devesa Jussana,Point(1.96373 42.215193),1615,Мергель
http://www.wikidata.org/entity/Q113110708,Castell de Besora,Point(2.251122 42.123941),1030,Мергель
http://www.wikidata.org/entity/Q113110913,Castell de les Espases,Point(1.884428797 41.579093092),413,песчаник
http://www.wikidata.org/entity/Q113110913,Castell de les Espases,Point(1.884428797 41.579093092),413,глина
http://www.wikidata.org/entity/Q113110913,Castell de les Espases,Point(1.884428797 41.579093092),413,алевролит
http://www.wikidata.org/entity/Q113111175,Serrat del Castell,Point(2.040229 42.054577),895,песчаник
http://www.wikidata.org/entity/Q113111175,Serrat del Castell,Point(2.040229 42.054577),895,Конгломерат
http://www.wikidata.org/entity/Q113111175,Serrat del Castell,Point(2.040229 42.054577),895,lutite
http://www.wikidata.org/entity/Q113111259,Santa Magdalena de Cambrils,Point(2.340265034 42.168991019),1547,песчаник
http://www.wikidata.org/entity/Q113111259,Santa Magdalena de Cambrils,Point(2.340265034 42.168991019),1547,Конгломерат
http://www.wikidata.org/entity/Q113111259,Santa Magdalena de Cambrils,Point(2.340265034 42.168991019),1547,lutite
http://www.wikidata.org/entity/Q113119577,Gran Encantat,Point(1.01483782 42.56840864),2749,мрамор
http://www.wikidata.org/entity/Q113119577,Gran Encantat,Point(1.01483782 42.56840864),2749,порфир
http://www.wikidata.org/entity/Q113119577,Gran Encantat,Point(1.01483782 42.56840864),2749,Скарн
http://www.wikidata.org/entity/Q113119577,Gran Encantat,Point(1.01483782 42.56840864),2749,роговик
http://www.wikidata.org/entity/Q113289473,Hòn Sóc mountain,Point(104.901944444 10.155277777),150,гранит
http://www.wikidata.org/entity/Q131198812,Castell de Bac Grillera,Point(2.703843712 42.360085894),1015,доломит
http://www.wikidata.org/entity/Q123737446,Punta de la Serra Major,Point(0.892871 41.288127),1158,песчаник
http://www.wikidata.org/entity/Q123737446,Punta de la Serra Major,Point(0.892871 41.288127),1158,Мергель
http://www.wikidata.org/entity/Q123737446,Punta de la Serra Major,Point(0.892871 41.288127),1158,Конгломерат
http://www.wikidata.org/entity/Q131804850,turó dels Quatre Pins,Point(2.170637 41.473747),176,известняк
http://www.wikidata.org/entity/Q131804850,turó dels Quatre Pins,Point(2.170637 41.473747),176,аспидный сланец
http://www.wikidata.org/entity/Q117279754,turó de la Papiola,Point(2.291761 41.782828),777,аспидный сланец
http://www.wikidata.org/entity/Q117950887,Punta dels Caus Cremats,Point(1.984727 41.628801),815,Конгломерат
http://www.wikidata.org/entity/Q118212178,turó de Miralpeix,Point(1.772838 41.232509),104,известняк
http://www.wikidata.org/entity/Q118247134,el Barral,Point(1.850135 41.249494),258,известняк
http://www.wikidata.org/entity/Q118347735,Puig de la Perdiu,Point(1.86551 41.246466),176,известняк
http://www.wikidata.org/entity/Q118352253,Puig Coscó,Point(1.882617 41.278072),448,известняк
http://www.wikidata.org/entity/Q118399091,Cap de Poilanèr,Point(0.689517 42.720404),2273,известняк
http://www.wikidata.org/entity/Q118500194,Penya de l'Àliga,Point(1.841078 41.268816),270,известняк
http://www.wikidata.org/entity/Q118521721,la Creueta dels Aragalls,Point(1.890662 41.28285),466,известняк
http://www.wikidata.org/entity/Q132128719,Puig Rodó,Point(2.105449 41.642585),617,Конгломерат
http://www.wikidata.org/entity/Q124094319,Sulzberg,Point(9.94 47.538),1041,Конгломерат
http://www.wikidata.org/entity/Q136678020,Q136678020,Point(-1.5928523 42.5856095),692,песчаник
http://www.wikidata.org/entity/Q136678020,Q136678020,Point(-1.5928523 42.5856095),692,глина
http://www.wikidata.org/entity/Q136678020,Q136678020,Point(-1.5928523 42.5856095),692,Конгломерат
http://www.wikidata.org/entity/Q118978077,Tête des Chats,Point(7.1025 48.191944444),1082,гранит
http://www.wikidata.org/entity/Q119017903,turó del Seguer,Point(2.278918 41.732095),654,известняк
http://www.wikidata.org/entity/Q119017903,turó del Seguer,Point(2.278918 41.732095),654,доломит
http://www.wikidata.org/entity/Q120091131,Puig Agut,Point(1.906347 41.264939),255,известняк
http://www.wikidata.org/entity/Q120492225,Turó de les Queredes,Point(2.343686 41.82436),1287.5,порфир
http://www.wikidata.org/entity/Q120493148,turó del Faig Sec,Point(2.369959 41.821454),1487,Филлит
http://www.wikidata.org/entity/Q120493148,turó del Faig Sec,Point(2.369959 41.821454),1487,роговик
http://www.wikidata.org/entity/Q138302143,Q138302143,Point(14.0189706 49.7602047),540.53,Hořice Sandstone
http://www.wikidata.org/entity/Q120786826,turó d'en Rata,Point(2.199936 41.481175),179,аспидный сланец
http://www.wikidata.org/entity/Q120924506,Trona del Cego,Point(2.50965 41.680759),318.8,Гранодиорит
http://www.wikidata.org/entity/Q120990575,turó de Can Felip,Point(2.521255 41.657355),417,Гранодиорит
http://www.wikidata.org/entity/Q120991290,turó de Ca l'Alzina Vell,Point(2.492723 41.670057),309,Гранодиорит
http://www.wikidata.org/entity/Q121010325,Serrat de l'Ollar,Point(2.315361 41.745224),1120,гранит
http://www.wikidata.org/entity/Q121010634,turó de la Cospinera,Point(2.264161 41.722721),620,известняк
http://www.wikidata.org/entity/Q121010634,turó de la Cospinera,Point(2.264161 41.722721),620,доломит
http://www.wikidata.org/entity/Q121223359,turó del Roure del Vent,Point(1.886741 41.587171),510.4,Конгломерат
http://www.wikidata.org/entity/Q121223748,turó de Montconill,Point(1.879126 41.627908),419.1,песчаник
http://www.wikidata.org/entity/Q121223748,turó de Montconill,Point(1.879126 41.627908),419.1,известняк
http://www.wikidata.org/entity/Q121268043,Cingle Gros,Point(1.919246 41.609568),526,Конгломерат
http://www.wikidata.org/entity/Q121327081,turó de Puigdoure,Point(1.942591 41.673305),722,Конгломерат
http://www.wikidata.org/entity/Q121547982,Castell de Can Prat,Point(2.490268 41.755363),779,leucogranite
http://www.wikidata.org/entity/Q121549043,turó de Rodís,Point(2.51877 41.679542),375,Гранодиорит
http://www.wikidata.org/entity/Q121619046,serrat de la Remolta,Point(2.081676 42.21629),1411,песчаник
http://www.wikidata.org/entity/Q121619046,serrat de la Remolta,Point(2.081676 42.21629),1411,Конгломерат
http://www.wikidata.org/entity/Q121619106,serrat dels Llamps,Point(2.078821 42.216038),1418,песчаник
http://www.wikidata.org/entity/Q121619106,serrat dels Llamps,Point(2.078821 42.216038),1418,Конгломерат
http://www.wikidata.org/entity/Q121705805,Cim del Bosc,Point(2.093943 42.259141),1291,песчаник
http://www.wikidata.org/entity/Q125694880,Neck de Queyrières,Point(4.097222222 45.0725),1170,базальт
http://www.wikidata.org/entity/Q125811798,Panxa Contenta,Point(2.015096944 41.645745),933,Конгломерат
http://www.wikidata.org/entity/Q125824986,Roques de la Coca,Point(2.004138888 41.6795),903,Конгломерат
http://www.wikidata.org/entity/Q123024077,turó de Montcau,Point(2.258115 41.530433),339,аспидный сланец
http://www.wikidata.org/entity/Q135526225,Mount Tili,Point(42.665555555 41.621388888),2474,андезит
http://www.wikidata.org/entity/Q135526225,Mount Tili,Point(42.665555555 41.621388888),2474,Дацит
http://www.wikidata.org/entity/Q126918967,els Jugadors,Point(1.772308 41.276541),240,известняк
http://www.wikidata.org/entity/Q128599046,el Manganell,Point(2.31389 41.550307),321,leucogranite
http://www.wikidata.org/entity/Q128694715,turó de la Salve,Point(2.276499 41.531471),316,порфир
http://www.wikidata.org/entity/Q129078377,Pic de Punturri,Point(1.309753 42.709897),2510.3,песчаник
http://www.wikidata.org/entity/Q129078377,Pic de Punturri,Point(1.309753 42.709897),2510.3,lutite
http://www.wikidata.org/entity/Q130337368,Punt del Mitjotes,Point(1.695430555 41.255402777),228.6,известняк
